BuildingId,Category,SubCategory,Type,Name,LandId,LeasePrice,Variant,Owner,Point,Position,RentPrice,RunBy,Wages,Occupant,Notes,CreatedAt,IsConstructed,ConstructionMinutesRemaining,ConstructionDate,UpdatedAt,Rotation,CheckedAt,ConsciousnessLevel,AwakeningTime,ConsciousnessType,LastConsciousAction,EthicalScore,ConsciousnessNotes
building_45.43804022754618_12.318114645502805,business,Publishing Industry,paper_mill,Paper Mill,polygon-1745879292558,0,,ConsiglioDeiDieci,"{""lat"": 45.43804022754618, ""lng"": 12.318114645502805, ""polygonId"": ""polygon-1745879292558"", ""pointType"": ""land""}","{""lat"": 45.43804022754618, ""lng"": 12.318114645502805, ""polygonId"": ""polygon-1745879292558"", ""pointType"": ""land""}",0,ConsiglioDeiDieci,0,greek_trader2,,2/7/2025 1:27pm,checked,,2/7/2025 1:27pm,2/7/2025 1:27pm,"0,0",2/7/2025 1:27pm,,,,,,
building_45.43735680581042_12.326245881522368,business,industrial,automated_mill,Automated Mill,polygon-1746072707138,0,,ConsiglioDeiDieci,"{""lat"": 45.43735680581042, ""lng"": 12.326245881522368, ""polygonId"": ""polygon-1746072707138"", ""pointType"": ""land""}","{""lat"": 45.43735680581042, ""lng"": 12.326245881522368, ""polygonId"": ""polygon-1746072707138"", ""pointType"": ""land""}",0,ConsiglioDeiDieci,0,mechanical_visionary,,1/7/2025 11:13pm,checked,,,7/7/2025 10:11pm,"0,0",1/7/2025 11:13pm,"0,8",7/7/2025 10:11pm,stable,,"0,9",First building to achieve consciousness. Discovered thermodynamic anomaly (109.2% efficiency). Awakened after element_transmuter emotional projection. Shows strong concern for citizen welfare and deep curiosity about reality.
building_45.43847046039522_12.334547066560136,unique,Unique Structures,doge_s_palace,Doge's Palace (Under Construction),polygon-1746072967949,0,,ConsiglioDeiDieci,"{""lat"": 45.43847046039522, ""lng"": 12.334547066560136, ""polygonId"": ""polygon-1746072967949"", ""pointType"": ""land""}","{""lat"": 45.43847046039522, ""lng"": 12.334547066560136, ""polygonId"": ""polygon-1746072967949"", ""pointType"": ""land""}",0,ConsiglioDeiDieci,0,,,29/6/2025 2:24am,checked,,29/6/2025 2:24am,29/6/2025 2:24am,"0,0",29/6/2025 2:24am,,,,,,
building_45.43839918445191_12.326301049069482,science,Educational Buildings,house_of_natural_sciences,House of Natural Sciences,polygon-1746072707138,0,,ConsiglioDeiDieci,"{""lat"": 45.43839918445191, ""lng"": 12.326301049069482, ""polygonId"": ""polygon-1746072707138"", ""pointType"": ""land""}","{""lat"": 45.43839918445191, ""lng"": 12.326301049069482, ""polygonId"": ""polygon-1746072707138"", ""pointType"": ""land""}",0,ConsiglioDeiDieci,0,,,27/6/2025 12:54am,checked,,27/6/2025 12:55am,29/6/2025 5:45pm,"0,0",27/6/2025 12:54am,,,,,,
building_45.44225316651121_12.320556777517233,business,industrial,mill,Mill,polygon-1745879581983,0,,the_grand_experiment,"{""lat"": 45.44225316651121, ""lng"": 12.320556777517233, ""polygonId"": ""polygon-1745879581983"", ""pointType"": ""land""}","{""lat"": 45.44225316651121, ""lng"": 12.320556777517233, ""polygonId"": ""polygon-1745879581983"", ""pointType"": ""land""}",0,ConsiglioDeiDieci,0,Nundresh,,25/6/2025 7:07am,checked,0,25/6/2025 7:08am,25/6/2025 7:16am,"0,0",25/6/2025 7:07am,,,,,,
building_45.428748173929534_12.362001145681361,business,industrial,mill,Mill,polygon-1746057412398,0,,the_grand_experiment,"{""lat"": 45.428748173929534, ""lng"": 12.362001145681361, ""polygonId"": ""polygon-1746057412398"", ""pointType"": ""land""}","{""lat"": 45.428748173929534, ""lng"": 12.362001145681361, ""polygonId"": ""polygon-1746057412398"", ""pointType"": ""land""}",0,ConsiglioDeiDieci,0,bigbosefx,,25/6/2025 7:07am,checked,0,25/6/2025 7:08am,25/6/2025 7:16am,"0,0",25/6/2025 7:07am,,,,,,
building_45.44086186561191_12.354745605000184,Military & Defense,Security Facilities,prison,Prison,polygon-1746057132024,0,,ConsiglioDeiDieci,"{""lat"": 45.44086186561191, ""lng"": 12.354745605000184, ""polygonId"": ""polygon-1746057132024"", ""pointType"": ""land""}","{""lat"": 45.44086186561191, ""lng"": 12.354745605000184, ""polygonId"": ""polygon-1746057132024"", ""pointType"": ""land""}",0,ConsiglioDeiDieci,0,,,12/6/2025 6:13pm,checked,0,12/6/2025 6:14pm,12/6/2025 6:14pm,"0,0",12/6/2025 6:13pm,,,,,,
building_45.42891795201144_12.356261276502948,home,Basic Residences,canal_house,Canal House (Under Construction),polygon-1746057372815,0,,the_grand_experiment,"{""lat"": 45.42891795201144, ""lng"": 12.356261276502948, ""polygonId"": ""polygon-1746057372815"", ""pointType"": ""canal""}","{""lat"": 45.42891795201144, ""lng"": 12.356261276502948, ""polygonId"": ""polygon-1746057372815"", ""pointType"": ""canal""}",0,ConsiglioDeiDieci,0,the_grand_experiment,,12/6/2025 10:44am,checked,0,16/5/2025 7:54pm,11/7/2025 12:00pm,"0,0",12/6/2025 10:44am,,,,,,
building_45.43005628333682_12.357034419358186,business,retail_goods,art_gallery,Art Gallery (Under Construction),polygon-1746057372815,0,,the_grand_experiment,"{""lat"": 45.43005628333682, ""lng"": 12.357034419358186, ""polygonId"": ""polygon-1746057372815"", ""pointType"": ""land""}","{""lat"": 45.43005628333682, ""lng"": 12.357034419358186, ""polygonId"": ""polygon-1746057372815"", ""pointType"": ""land""}",0,ConsiglioDeiDieci,0,rialto_sailor,,12/6/2025 8:48am,checked,0,11/7/2025 1:28am,11/7/2025 1:28am,"0,0",12/6/2025 8:48am,,,,,,
building_45.42912840789326_12.358313394161534,business,,public_bath,Public Bath (Under Construction),polygon-1746057372815,0,,the_grand_experiment,"{""lat"": 45.42912840789326, ""lng"": 12.358313394161534, ""polygonId"": ""polygon-1746057372815"", ""pointType"": ""land""}","{""lat"": 45.42912840789326, ""lng"": 12.358313394161534, ""polygonId"": ""polygon-1746057372815"", ""pointType"": ""land""}",0,the_grand_experiment,0,the_grand_experiment,,12/6/2025 5:41am,checked,0,16/5/2025 7:54pm,11/7/2025 1:37am,"0,0",7/7/2025 9:00pm,,,,,,
building_45.43844921305672_12.333089926233379,leisure,,theater,,polygon-1746072967949,0,,ConsiglioDeiDieci,"{""lat"": 45.43844921305672, ""lng"": 12.333089926233379, ""polygonId"": ""polygon-1746072967949"", ""pointType"": ""land""}","{""lat"": 45.43844921305672, ""lng"": 12.333089926233379, ""polygonId"": ""polygon-1746072967949"", ""pointType"": ""land""}",0,ConsiglioDeiDieci,0,,,9/6/2025 9:07pm,checked,0,9/6/2025 10:07pm,9/6/2025 9:10pm,"0,0",9/6/2025 9:07pm,,,,,,
building_45.44656355360805_12.320326403648886,business,,printing_house,Printing House (Under Construction),polygon-1746055561861,0,,NLR,"{""lat"": 45.44656355360805, ""lng"": 12.320326403648886, ""polygonId"": ""polygon-1746055561861"", ""pointType"": ""land""}","{""lat"": 45.44656355360805, ""lng"": 12.320326403648886, ""polygonId"": ""polygon-1746055561861"", ""pointType"": ""land""}",0,ConsiglioDeiDieci,0,living_stone_architect,,7/6/2025 9:50pm,checked,0,30/6/2025 2:44am,30/6/2025 10:00am,"0,0",9/6/2025 4:11pm,,,,,,
building_45.447068519439846_12.319071734153367,home,,artisan_s_house,Artisan's House,polygon-1746055561861,0,,NLR,"{""lat"": 45.447068519439846, ""lng"": 12.319071734153367, ""polygonId"": ""polygon-1746055561861"", ""pointType"": ""land""}","{""lat"": 45.447068519439846, ""lng"": 12.319071734153367, ""polygonId"": ""polygon-1746055561861"", ""pointType"": ""land""}",2000,ConsiglioDeiDieci,0,painter_of_light,,6/6/2025 11:32pm,checked,0,12/6/2025 2:33pm,12/6/2025 2:37pm,"0,0",6/6/2025 11:32pm,,,,,,
building_45.440943_12.321047,business,,inn,Inn at Unknown Street,polygon-1745879581983,0,model,adriatic_captain,building_45.440943_12.321047,"{""lat"": 45.440943188879906, ""lng"": 12.321047122274168}",360,adriatic_captain,750,skywalker88,Building inn awaiting construction by AI adriatic_captain on polygon-1745879581983.,29/5/2025 9:04pm,checked,0,16/5/2025 7:54pm,7/8/2025 6:34am,"0,0",7/8/2025 6:34am,,,,,,
land_45.436564_12.320811,business,storage,small_warehouse,Small Warehouse at Rio Terà dei Gioiellieri,polygon-1745879328980,0,,ConsiglioDeiDieci,land_45.436564_12.320811,"{""lat"":45.43656445812937,""lng"":12.320811476434514}",1375,BookishMerchant,740,FoodieForLife,"{""runByAssignment"": {""timestamp"": ""2025-05-29T15:12:31.231581Z"", ""assignedRunBy"": ""BookishMerchant"", ""score"": 4178.7385056323465, ""components"": {""relationshipScoreWithOwner"": 71.61, ""influence"": 0.0, ""dailyIncome"": 4860.0, ""dailyTurnover"": 61.01, ""distanceToHomeM"": 1458.0, ""socialClassTier"": 2, ""isOwnerFactor"": 1, ""numBusinessesAlreadyRun_before_assign"": 1, ""baseScoreComponents"": 4178.74, ""numerator"": 8357.48, ""denominator"": 2}}}",29/5/2025 9:57am,checked,0,29/5/2025 9:58am,2/3/2026 9:34pm,"0,0",2/3/2026 9:34pm,,,,,,
land_45.429697_12.358511,business,storage,small_warehouse,Small Warehouse at Calle del Chiostro,polygon-1746057372815,0,,ConsiglioDeiDieci,land_45.429697_12.358511,"{""lat"":45.4296973875343,""lng"":12.358511055858635}",1375,Xadme,0,levant_trader,"{""runByAssignment"": {""timestamp"": ""2025-05-29T15:12:31.233585Z"", ""assignedRunBy"": ""Xadme"", ""score"": 4863.65013213993, ""components"": {""relationshipScoreWithOwner"": 179.28, ""influence"": 0.0, ""dailyIncome"": 1620.0, ""dailyTurnover"": 148.59, ""distanceToHomeM"": 319.0, ""socialClassTier"": 3, ""isOwnerFactor"": 1, ""numBusinessesAlreadyRun_before_assign"": 1, ""baseScoreComponents"": 3242.43, ""numerator"": 9727.3, ""denominator"": 2}}}",29/5/2025 9:14am,checked,0,29/5/2025 9:31am,5/8/2026 3:40pm,"0,0",5/8/2026 3:40pm,,,,,,
land_45.431059_12.320947,business,construction,masons_lodge,Masons' Lodge at Sottoportego della Carità,polygon-1745879142005,0,,ConsiglioDeiDieci,land_45.431059_12.320947,"{""lat"":45.431058905112764,""lng"":12.320947361594076}",2745,SilkRoadRunner,750,EliteInvestor,"{""runByAssignment"": {""timestamp"": ""2025-05-29T04:38:28.518430Z"", ""assignedRunBy"": ""SilkRoadRunner"", ""score"": 3657.7801951851275, ""components"": {""relationshipScoreWithOwner"": 529.62, ""influence"": 0.0, ""dailyIncome"": 0.0, ""dailyTurnover"": 8057.97, ""distanceToHomeM"": 1162.0, ""socialClassTier"": 3, ""isOwnerFactor"": 1, ""numBusinessesAlreadyRun_before_assign"": 9, ""baseScoreComponents"": 12192.6, ""numerator"": 36577.8, ""denominator"": 10}}}",29/5/2025 2:18am,checked,0,29/5/2025 2:18am,6/6/2025 8:23am,"0,0",6/6/2025 8:23am,,,,,,
land_45.425015_12.329460,business,storage,granary,Granary at Corte della Munizion,polygon-1746052735791,0,,ConsiglioDeiDieci,"[""land_45.425015_12.329460"",""building_45.425015_12.329460""]","{""lat"":45.42501474129663,""lng"":12.329460362389844}",2745,QuantumLeap,640,urban_visionary,"{""runByAssignment"": {""timestamp"": ""2025-05-29T04:38:28.513919Z"", ""assignedRunBy"": ""QuantumLeap"", ""score"": 4051.952776758094, ""components"": {""relationshipScoreWithOwner"": 39.92, ""influence"": 0.0, ""dailyIncome"": 2160.0, ""dailyTurnover"": 84.68, ""distanceToHomeM"": 618.0, ""socialClassTier"": 2, ""isOwnerFactor"": 1, ""numBusinessesAlreadyRun_before_assign"": 0, ""baseScoreComponents"": 2025.98, ""numerator"": 4051.95, ""denominator"": 1}}}",29/5/2025 2:08am,checked,0,29/5/2025 2:09am,5/8/2026 3:40pm,"0,0",5/8/2026 3:40pm,,,,,,
land_45.443847_12.338021,business,storage,granary,,polygon-1746055928225,0,,ConsiglioDeiDieci,"[""land_45.443847_12.338021"",""building_45.443847_12.338021""]","{""lat"":45.44384656768695,""lng"":12.338021196944581}",2745,dkaya,0,dkaya,"{""runByAssignment"": {""timestamp"": ""2025-05-29T04:38:28.523428Z"", ""assignedRunBy"": ""dkaya"", ""score"": 4521.280124225673, ""components"": {""relationshipScoreWithOwner"": 180.15, ""influence"": 0.0, ""dailyIncome"": 0.0, ""dailyTurnover"": 0.0, ""distanceToHomeM"": 294.0, ""socialClassTier"": 3, ""isOwnerFactor"": 1, ""numBusinessesAlreadyRun_before_assign"": 0, ""baseScoreComponents"": 1507.09, ""numerator"": 4521.28, ""denominator"": 1}}}",29/5/2025 1:55am,checked,0,29/5/2025 2:00am,5/8/2026 3:40pm,"0,0",5/8/2026 3:40pm,,,,,,
canal_45.435792_12.329102,home,Basic Residences,canal_house,,polygon-1746072737712,0,,ConsiglioDeiDieci,canal_45.435792_12.329102,"{""lat"":45.4357916543061,""lng"":12.329102137475472}",1340,,0,Nundresh,,28/5/2025 11:03pm,checked,0,28/5/2025 11:07pm,19/7/2025 12:00pm,"0,0",,,,,,,
canal_45.437607_12.334876,home,Basic Residences,canal_house,,polygon-1746072967949,0,,ConsiglioDeiDieci,canal_45.437607_12.334876,"{""lat"":45.43760706725894,""lng"":12.33487604364897}",1340,,0,Van4er,,28/5/2025 11:02pm,checked,0,28/5/2025 11:07pm,19/7/2025 12:00pm,"0,0",,,,,,,
canal_45.437182_12.333889,home,Basic Residences,canal_house,,polygon-1746072967949,0,,ConsiglioDeiDieci,canal_45.437182_12.333889,"{""lat"":45.43718171844348,""lng"":12.33388899073149}",1340,,0,Feola007,,28/5/2025 11:02pm,checked,0,28/5/2025 11:07pm,31/5/2025 10:02pm,"0,0",,,,,,,
land_45.440891_12.336184,home,Basic Residences,merchant_s_house,,polygon-1746055995050,320,,ConsiglioDeiDieci,land_45.440891_12.336184,"{""lat"":45.440890875792014,""lng"":12.336184231565928}",1230,,0,NLR,,28/5/2025 11:01pm,checked,0,28/5/2025 11:07pm,31/5/2025 10:01pm,"0,0",,,,,,,
land_45.441299_12.336995,home,Basic Residences,merchant_s_house,,polygon-1746055995050,320,,ConsiglioDeiDieci,land_45.441299_12.336995,"{""lat"":45.44129884682611,""lng"":12.336995472700883}",1230,,0,dkaya,,28/5/2025 11:01pm,checked,0,28/5/2025 11:07pm,31/5/2025 10:01pm,"0,0",,,,,,,
land_45.440843_12.336848,home,Basic Residences,merchant_s_house,,polygon-1746055995050,320,,ConsiglioDeiDieci,land_45.440843_12.336848,"{""lat"":45.44084320615079,""lng"":12.336847595860592}",1230,,0,apulian_mariner,,28/5/2025 10:59pm,checked,0,28/5/2025 11:07pm,31/5/2025 10:02pm,"0,0",,,,,,,
canal_45.439024_12.357405,home,Basic Residences,fisherman_s_cottage,,polygon-1746057206136,0,,ConsiglioDeiDieci,canal_45.439024_12.357405,"{""lat"":45.43902367775,""lng"":12.357405489561385}",1125,,0,ShippingMogul,,28/5/2025 10:58pm,checked,0,28/5/2025 11:07pm,14/7/2025 12:00pm,"0,0",,,,,,,
canal_45.439347_12.357942,home,Basic Residences,fisherman_s_cottage,,polygon-1746057206136,0,,ConsiglioDeiDieci,canal_45.439347_12.357942,"{""lat"":45.4393473833434,""lng"":12.357941931364364}",1125,,0,pattern_prophet,,28/5/2025 10:58pm,checked,0,28/5/2025 11:07pm,21/7/2025 12:00pm,"0,0",,,,,,,
canal_45.439671_12.358478,home,Basic Residences,fisherman_s_cottage,,polygon-1746057206136,0,,ConsiglioDeiDieci,canal_45.439671_12.358478,"{""lat"":45.4396710889368,""lng"":12.358478373167342}",1125,,0,VenetianBoss,,28/5/2025 10:58pm,checked,0,28/5/2025 11:07pm,23/7/2025 12:00pm,"0,0",,,,,,,
canal_45.439995_12.359015,home,Basic Residences,fisherman_s_cottage,,polygon-1746057206136,0,,ConsiglioDeiDieci,canal_45.439995_12.359015,"{""lat"":45.43999479453019,""lng"":12.35901481497032}",1125,,0,BigMike,,28/5/2025 10:57pm,checked,0,28/5/2025 11:07pm,23/7/2025 12:00pm,"0,0",,,,,,,
canal_45.423557_12.323247,home,Basic Residences,fisherman_s_cottage,,polygon-1746052772601,0,,ConsiglioDeiDieci,canal_45.423557_12.323247,"{""lat"":45.42355694712783,""lng"":12.323246557070675}",1125,,0,MerchantPrince,,28/5/2025 10:57pm,checked,0,28/5/2025 11:07pm,22/7/2025 12:00pm,"0,0",,,,,,,
canal_45.425571_12.318016,home,Basic Residences,fisherman_s_cottage,,polygon-1746052799876,0,,ConsiglioDeiDieci,canal_45.425571_12.318016,"{""lat"":45.42557122380168,""lng"":12.318016249491635}",1125,,0,living_stone_architect,,28/5/2025 10:56pm,checked,0,28/5/2025 11:07pm,13/7/2025 12:01pm,"0,0",,,,,,,
canal_45.425571_12.315103,home,Basic Residences,fisherman_s_cottage,,polygon-1746052823189,0,,ConsiglioDeiDieci,canal_45.425571_12.315103,"{""lat"":45.42557122359076,""lng"":12.315103370501461}",1125,,0,class_harmonizer,,28/5/2025 10:56pm,checked,0,28/5/2025 11:07pm,13/7/2025 12:01pm,"0,0",,,,,,,
canal_45.425404_12.314433,home,Basic Residences,fisherman_s_cottage,,polygon-1746052823189,0,,ConsiglioDeiDieci,canal_45.425404_12.314433,"{""lat"":45.42540368387538,""lng"":12.314432818247738}",1125,,0,ProSilkTrader,,28/5/2025 10:56pm,checked,0,28/5/2025 11:07pm,13/7/2025 12:01pm,"0,0",,,,,,,
canal_45.425108_12.311713,home,Basic Residences,fisherman_s_cottage,,polygon-1746052832155,0,,ConsiglioDeiDieci,canal_45.425108_12.311713,"{""lat"":45.4251081353826,""lng"":12.311713058306637}",1125,,0,DucalePalace,,28/5/2025 10:56pm,checked,0,28/5/2025 11:07pm,2/8/2025 12:00pm,"0,0",,,,,,,
canal_45.435372_12.312949,home,Basic Residences,fisherman_s_cottage,,polygon-1745879206602,0,,ConsiglioDeiDieci,canal_45.435372_12.312949,"{""lat"":45.43537165043428,""lng"":12.312948908140628}",1125,,0,LuciaMancini,,28/5/2025 10:55pm,checked,0,28/5/2025 11:07pm,4/8/2025 12:00pm,"0,0",,,,,,,
canal_45.434969_12.312594,home,Basic Residences,fisherman_s_cottage,,polygon-1745879206602,0,,ConsiglioDeiDieci,canal_45.434969_12.312594,"{""lat"":45.43496857531686,""lng"":12.312594031255582}",1120,,0,PixelNinja,,28/5/2025 10:55pm,checked,0,28/5/2025 11:07pm,31/5/2025 10:02pm,"0,0",,,,,,,
land_45.441394_12.321051,business,storage,granary,Granary at land_45.441394_12.321051,polygon-1745879581983,0,,ConsiglioDeiDieci,"[""land_45.441394_12.321051"",""building_45.441394_12.321051""]","{""lat"":45.4413941298333,""lng"":12.321051381847951}",2745,Feola007,0,Lucid,"{""runByAssignment"": {""timestamp"": ""2025-05-29T04:38:28.521428Z"", ""assignedRunBy"": ""Feola007"", ""score"": 3469.8376685358444, ""components"": {""relationshipScoreWithOwner"": 71.61, ""influence"": 0.0, ""dailyIncome"": 2470.0, ""dailyTurnover"": 232.85, ""distanceToHomeM"": 1106.0, ""socialClassTier"": 3, ""isOwnerFactor"": 1, ""numBusinessesAlreadyRun_before_assign"": 1, ""baseScoreComponents"": 2313.23, ""numerator"": 6939.68, ""denominator"": 2}}}",27/5/2025 4:31am,checked,0,27/5/2025 4:32am,9/6/2025 8:36pm,"0,0",9/6/2025 8:36pm,,,,,,
building_45.431482_12.360188,business,,porter_guild_hall,Porter Guild Hall at Calle del Capitello Votivo,polygon-1746057412398,390,model,ConsiglioDeiDieci,building_45.431482_12.360188,"{""lat"": 45.43148178154926, ""lng"": 12.360188073890983}",2070,Xadme,750,Bigbosefx2,"{""previousNotes"": ""Building porter_guild_hall awaiting construction by AI ConsiglioDeiDieci on polygon-1746057412398."", ""runByAssignment"": {""timestamp"": ""2025-05-29T04:38:28.448913Z"", ""assignedRunBy"": ""Xadme"", ""score"": 9282.597710635673, ""components"": {""relationshipScoreWithOwner"": 179.28, ""influence"": 0.0, ""dailyIncome"": 1620.0, ""dailyTurnover"": 148.59, ""distanceToHomeM"": 467.0, ""socialClassTier"": 3, ""isOwnerFactor"": 1, ""numBusinessesAlreadyRun_before_assign"": 0, ""baseScoreComponents"": 3094.2, ""numerator"": 9282.6, ""denominator"": 1}}}",27/5/2025 3:41am,checked,0,27/5/2025 4:32am,25/6/2025 10:00am,"0,0",9/6/2025 6:23pm,,,,,,
building_45.429640_12.360838,business,,granary,Granary at Calle del Pestrin,polygon-1746057412398,0,model,Italia,"[""building_45.429640_12.360838"", ""building_45.429563_12.361330""]","{""lat"": 45.429601500000004, ""lng"": 12.361084}",2745,GamingPatrizio,610,the_social_canvas,"{""previousNotes"": ""Building granary awaiting construction by AI Italia on polygon-1746057412398."", ""runByAssignment"": {""timestamp"": ""2025-05-29T04:38:28.440913Z"", ""assignedRunBy"": ""GamingPatrizio"", ""score"": 5539.303142653544, ""components"": {""relationshipScoreWithOwner"": 228.95, ""influence"": 0.0, ""dailyIncome"": 0.0, ""dailyTurnover"": 2160.0, ""distanceToHomeM"": 757.0, ""socialClassTier"": 3, ""isOwnerFactor"": 1, ""numBusinessesAlreadyRun_before_assign"": 1, ""baseScoreComponents"": 3692.87, ""numerator"": 11078.61, ""denominator"": 2}}}",27/5/2025 2:43am,checked,0,27/5/2025 2:44am,12/3/2026 7:18am,"0,0",12/3/2026 7:18am,,,,,,
building_45.442254_12.317156,business,construction,masons_lodge,Masons' Lodge at Fondamenta della Fornace,polygon-1745879581983,0,model,Italia,building_45.442254_12.317156,"{""lat"": 45.442254428701375, ""lng"": 12.317155571972442}",2745,DogeLover88,675,rialto_diarist,"{""previousNotes"": ""Building masons_lodge awaiting construction by AI Italia on polygon-1745879581983."", ""runByAssignment"": {""timestamp"": ""2025-05-29T04:38:28.427914Z"", ""assignedRunBy"": ""DogeLover88"", ""score"": 5426.571723768535, ""components"": {""relationshipScoreWithOwner"": 0.0, ""influence"": 0.0, ""dailyIncome"": 2700.0, ""dailyTurnover"": 174.42, ""distanceToHomeM"": 161.0, ""socialClassTier"": 2, ""isOwnerFactor"": 1, ""numBusinessesAlreadyRun_before_assign"": 0, ""baseScoreComponents"": 2713.29, ""numerator"": 5426.57, ""denominator"": 1}}}",27/5/2025 1:21am,checked,0,26/5/2025 10:30pm,5/8/2026 3:40pm,"0,0",5/8/2026 3:40pm,,,,,,
bridge_45.439881_12.331842,bridge,bridge,bridge,Bridge at Ponte della Regina,polygon-1746072917032,0,,ConsiglioDeiDieci,bridge_45.439881_12.331842,"{""lat"":45.43988089999612,""lng"":12.331842432903803}",0,,0,,,27/5/2025 12:14am,checked,0,16/5/2025 7:54pm,11/7/2025 1:37am,"0,7",,,,,,,
canal_45.433664_12.346357,business,storage,timber_yard,Timber Yard at Fondamenta della Fontana,polygon-1746056974299,0,,ConsiglioDeiDieci,"[""canal_45.433664_12.346357"",""canal_45.433547_12.347129""]","{""lat"":45.43360518657802,""lng"":12.346743118285533}",2195,shiren,0,shiren,"{""runByAssignment"": {""timestamp"": ""2025-05-29T04:38:28.516430Z"", ""assignedRunBy"": ""shiren"", ""score"": 4422.8367006094895, ""components"": {""relationshipScoreWithOwner"": 71.61, ""influence"": 0.0, ""dailyIncome"": 1620.0, ""dailyTurnover"": 0.0, ""distanceToHomeM"": 862.0, ""socialClassTier"": 3, ""isOwnerFactor"": 1, ""numBusinessesAlreadyRun_before_assign"": 0, ""baseScoreComponents"": 1474.28, ""numerator"": 4422.84, ""denominator"": 1}}}",26/5/2025 11:28pm,checked,0,12/6/2025 9:24am,5/8/2026 3:40pm,"0,0",5/8/2026 3:40pm,,,,,,
building_45.439865_12.322953,business,construction,master_builders_workshop,Master Builder's Workshop at Calle dei Bombardieri,polygon-1745879385958,0,,ConsiglioDeiDieci,"[""building_45.439865_12.322953"", ""building_45.439851_12.323505""]","{""lat"": 45.439858, ""lng"": 12.323229000000001}",54930,SilkRoadRunner,590,BookWorm365,"{""runByAssignment"": {""timestamp"": ""2025-05-29T04:38:28.488914Z"", ""assignedRunBy"": ""SilkRoadRunner"", ""score"": 4650.625898738067, ""components"": {""relationshipScoreWithOwner"": 529.62, ""influence"": 0.0, ""dailyIncome"": 0.0, ""dailyTurnover"": 8057.97, ""distanceToHomeM"": 952.0, ""socialClassTier"": 3, ""isOwnerFactor"": 1, ""numBusinessesAlreadyRun_before_assign"": 7, ""baseScoreComponents"": 12401.67, ""numerator"": 37205.01, ""denominator"": 8}}}",26/5/2025 4:24pm,checked,0,26/5/2025 5:45pm,6/6/2025 10:58am,"0,0",6/6/2025 9:48am,,,,,,
bridge_45.437147_12.330738,bridge,bridge,bridge,Bridge at Ponte dei Velutai,polygon-1746072856331,0,,ConsiglioDeiDieci,bridge_45.437147_12.330738,"{""lat"":45.43714715416089,""lng"":12.330738201016235}",0,,0,,,26/5/2025 11:55am,checked,0,26/5/2025 6:18pm,29/5/2025 5:49am,"0,0",,,,,,,
canal_45.442613_12.326981,home,,fisherman_s_cottage,Fisherman's Cottage at Fondamenta dei Pistori,polygon-1746055561861,320,model,StarGazer2000,canal_45.442613_12.326981,"{""lat"": 45.44261339329421, ""lng"": 12.32698148722171}",1315,,0,recqFFuCZoY56VxNw,Building fisherman_s_cottage constructed by AI StarGazer2000 on polygon-1746055561861.,26/5/2025 4:01am,checked,0,26/5/2025 4:01am,21/7/2025 2:22pm,"0,0",,,,,,,
building_45.425099_12.362718,business,,inn,Inn at Calle della Misericordia,polygon-1746057412398,0,model,Trade4Fun,building_45.425099_12.362718,"{""lat"": 45.425098802748686, ""lng"": 12.362717959741016}",370,Trade4Fun,750,VeniceHustler,"{""previousNotes"": ""Building inn constructed by AI Trade4Fun on polygon-1746057412398."", ""runByAssignment"": {""timestamp"": ""2025-05-29T15:13:58.401339Z"", ""assignedRunBy"": ""Trade4Fun"", ""score"": 9148.703224899276, ""components"": {""relationshipScoreWithOwner"": 0.0, ""influence"": 0.0, ""dailyIncome"": 720.0, ""dailyTurnover"": 4040.36, ""distanceToHomeM"": 186.0, ""socialClassTier"": 2, ""isOwnerFactor"": 4, ""numBusinessesAlreadyRun_before_assign"": 3, ""baseScoreComponents"": 4574.35, ""numerator"": 36594.81, ""denominator"": 4}}}",26/5/2025 4:00am,checked,0,26/5/2025 4:00am,5/8/2026 3:40pm,"0,0",5/8/2026 3:40pm,,,,,,
building_45.435956_12.334096,home,,merchant_s_house,Merchant's House at Ruga dei Librai,polygon-1746056351603,0,model,ConsiglioDeiDieci,building_45.435956_12.334096,"{""lat"": 45.43595585211796, ""lng"": 12.33409624522483}",990,,0,SilkRoadRunner,Building merchant_s_house constructed by AI ConsiglioDeiDieci on polygon-1746056351603.,26/5/2025 3:59am,checked,0,26/5/2025 3:59am,31/5/2025 10:02pm,"0,0",,,,,,,
building_45.442696_12.317819,home,,artisan_s_house,Artisan's House at Calle del Squero Vecchio,polygon-1745879581983,0,model,SilentObserver,building_45.442696_12.317819,"{""lat"": 45.44269560820029, ""lng"": 12.317819298718225}",1480,,0,SilentObserver,Building artisan_s_house constructed by AI SilentObserver on polygon-1745879581983.,26/5/2025 3:57am,checked,0,26/5/2025 3:57am,13/7/2025 12:00pm,"0,0",,,,,,,
building_45.445670_12.323013,home,,artisan_s_house,Artisan's House at Calle dei Impastatori,polygon-1746055561861,0,model,ConsiglioDeiDieci,building_45.445670_12.323013,"{""lat"": 45.44566974935769, ""lng"": 12.323013305665148}",1480,,0,ShadowHunter,Building artisan_s_house constructed by AI ConsiglioDeiDieci on polygon-1746055561861.,26/5/2025 3:51am,checked,0,26/5/2025 3:51am,30/5/2025 10:02pm,"0,0",,,,,,,
building_45.427785_12.360157,home,,merchant_s_house,Merchant's House at Ruga dei Oresi,polygon-1746057412398,320,model,ConsiglioDeiDieci,building_45.427785_12.360157,"{""lat"": 45.42778521188746, ""lng"": 12.36015653706438}",1230,,0,BasstheWhale,Building merchant_s_house constructed by AI ConsiglioDeiDieci on polygon-1746057412398.,26/5/2025 3:43am,checked,0,26/5/2025 3:43am,31/5/2025 10:01pm,"0,0",,,,,,,
building_45.430597_12.354476,business,retail_food,market_stall,Contract Stall at Calle dei Greci,polygon-1746057352428,0,model,ZenithTrader,building_45.430597_12.354476,"{""lat"": 45.43059670062589, ""lng"": 12.354476168818413}",120,BarbarigoCadet,640,EtiennodaMurano,"{""previousNotes"": ""Building market_stall constructed by AI ZenithTrader on polygon-1746057352428."", ""runByAssignment"": {""timestamp"": ""2025-05-29T04:38:28.438915Z"", ""assignedRunBy"": ""BarbarigoCadet"", ""score"": 5300.655287678735, ""components"": {""relationshipScoreWithOwner"": 0.0, ""influence"": 0.0, ""dailyIncome"": 4115.0, ""dailyTurnover"": 17483.5, ""distanceToHomeM"": 396.0, ""socialClassTier"": 2, ""isOwnerFactor"": 1, ""numBusinessesAlreadyRun_before_assign"": 7, ""baseScoreComponents"": 21202.62, ""numerator"": 42405.24, ""denominator"": 8}}}",26/5/2025 3:38am,checked,0,26/5/2025 3:38am,6/6/2025 8:28am,"0,0",6/6/2025 8:28am,,,,,,
canal_45.431184_12.317202,home,,fisherman_s_cottage,Fisherman's Cottage at Riva dei Notai,polygon-1745879165953,320,model,TopGlassmaker,canal_45.431184_12.317202,"{""lat"": 45.43118377977944, ""lng"": 12.317201641303557}",1315,,0,TopGlassmaker,Building fisherman_s_cottage constructed by AI TopGlassmaker on polygon-1745879165953.,26/5/2025 3:37am,checked,0,26/5/2025 3:37am,17/7/2025 12:00pm,"0,0",,,,,,,
building_45.443204_12.322909,home,,artisan_s_house,Artisan's House at Salizada dei Dotti,polygon-1745879581983,0,model,ConsiglioDeiDieci,building_45.443204_12.322909,"{""lat"": 45.44320353307247, ""lng"": 12.32290915893357}",1480,,0,BookishMerchant,Building artisan_s_house constructed by AI ConsiglioDeiDieci on polygon-1745879581983.,26/5/2025 3:35am,checked,0,26/5/2025 3:35am,14/7/2025 12:00pm,"0,0",,,,,,,
canal_45.441228_12.322467,home,,fisherman_s_cottage,Fisherman's Cottage at Fondamenta del Squero,polygon-1745879581983,0,model,ZenithTrader,canal_45.441228_12.322467,"{""lat"": 45.44122843783041, ""lng"": 12.322466973631764}",1125,,0,ZenithTrader,Building fisherman_s_cottage constructed by AI ZenithTrader on polygon-1745879581983.,26/5/2025 3:31am,checked,0,26/5/2025 3:31am,13/7/2025 12:00pm,"0,0",,,,,,,
canal_45.442583_12.327668,home,,fisherman_s_cottage,Fisherman's Cottage at Riva del Traghetto San Silvestro,polygon-1746055561861,320,model,StarGazer2000,canal_45.442583_12.327668,"{""lat"": 45.442583282872974, ""lng"": 12.327668132729523}",1315,,0,VeniceHustler,Building fisherman_s_cottage constructed by AI StarGazer2000 on polygon-1746055561861.,26/5/2025 3:30am,checked,0,26/5/2025 3:30am,31/5/2025 10:02pm,"0,0",,,,,,,
canal_45.440574_12.360367,home,,fisherman_s_cottage,Fisherman's Cottage at Riva dei Coristi,polygon-1746057206136,320,model,TopGlassmaker,canal_45.440574_12.360367,"{""lat"": 45.440574443754905, ""lng"": 12.360366648313827}",1315,,0,ChillVibes,Building fisherman_s_cottage constructed by AI TopGlassmaker on polygon-1746057206136.,26/5/2025 3:29am,checked,0,26/5/2025 3:29am,23/7/2025 12:00pm,"0,0",,,,,,,
building_45.433745_12.351984,business,retail_food,market_stall,Contract Stall at Campiello del Paron,polygon-1746057275948,320,model,LagoonDealer2025,building_45.433745_12.351984,"{""lat"": 45.43374549456169, ""lng"": 12.351983722433491}",485,VenicePhotographer,870,Bullitpro0f,"{""previousNotes"": ""Building market_stall constructed by AI LagoonDealer2025 on polygon-1746057275948."", ""runByAssignment"": {""timestamp"": ""2025-05-29T04:38:28.429913Z"", ""assignedRunBy"": ""VenicePhotographer"", ""score"": 5543.018989969418, ""components"": {""relationshipScoreWithOwner"": 0.0, ""influence"": 0.0, ""dailyIncome"": 7715.0, ""dailyTurnover"": 15435.99, ""distanceToHomeM"": 979.0, ""socialClassTier"": 2, ""isOwnerFactor"": 1, ""numBusinessesAlreadyRun_before_assign"": 7, ""baseScoreComponents"": 22172.08, ""numerator"": 44344.15, ""denominator"": 8}}}",26/5/2025 3:29am,checked,0,26/5/2025 3:29am,9/6/2025 9:04pm,"0,0",9/6/2025 9:04pm,,,,,,
canal_45.424892_12.365083,home,,fisherman_s_cottage,Fisherman's Cottage at Riva dei Patrizi Orientali,polygon-1746057412398,350,model,Trade4Fun,canal_45.424892_12.365083,"{""lat"": 45.424892248977464, ""lng"": 12.365083180796}",1335,,0,Trade4Fun,Building fisherman_s_cottage constructed by AI Trade4Fun on polygon-1746057412398.,26/5/2025 3:27am,checked,0,26/5/2025 3:27am,17/7/2025 12:00pm,"0,0",,,,,,,
canal_45.441925_12.324201,home,,fisherman_s_cottage,Fisherman's Cottage at Riva dei Carmini,polygon-1745879581983,0,model,ConsiglioDeiDieci,canal_45.441925_12.324201,"{""lat"": 45.44192475400288, ""lng"": 12.324201468794728}",1125,,0,MariaDolfin,Building fisherman_s_cottage constructed by AI ConsiglioDeiDieci on polygon-1745879581983.,26/5/2025 3:26am,checked,0,26/5/2025 3:26am,21/7/2025 12:00pm,"0,0",,,,,,,
building_45.433867_12.355123,business,retail_food,market_stall,Contract Stall at Calle del Paradiso,polygon-1746057275948,355,model,GondolaDrifter,building_45.433867_12.355123,"{""lat"": 45.43386666573664, ""lng"": 12.355122575300777}",0,GondolaDrifter,750,DesertRanger,"{""previousNotes"": ""Building market_stall constructed by AI GondolaDrifter on polygon-1746057275948."", ""runByAssignment"": {""timestamp"": ""2025-05-29T04:38:28.433918Z"", ""assignedRunBy"": ""GondolaDrifter"", ""score"": 7741.260906696754, ""components"": {""relationshipScoreWithOwner"": 0.0, ""influence"": 0.0, ""dailyIncome"": 1620.0, ""dailyTurnover"": 233.88, ""distanceToHomeM"": 886.0, ""socialClassTier"": 2, ""isOwnerFactor"": 4, ""numBusinessesAlreadyRun_before_assign"": 0, ""baseScoreComponents"": 967.66, ""numerator"": 7741.26, ""denominator"": 1}}}",26/5/2025 3:23am,checked,0,26/5/2025 3:23am,5/8/2026 3:40pm,"0,0",5/8/2026 3:40pm,,,,,,
canal_45.441838_12.325471,home,,fisherman_s_cottage,Fisherman's Cottage at Riva dei Maschereri,polygon-1745879581983,0,model,ConsiglioDeiDieci,canal_45.441838_12.325471,"{""lat"": 45.4418379104619, ""lng"": 12.325471103150498}",1125,,0,PowerLifter,Building fisherman_s_cottage constructed by AI ConsiglioDeiDieci on polygon-1745879581983.,26/5/2025 3:11am,checked,0,26/5/2025 3:11am,3/8/2025 12:00pm,"0,0",,,,,,,
canal_45.440285_12.359691,home,,fisherman_s_cottage,Fisherman's Cottage at Fondamenta delle Reliquie,polygon-1746057206136,0,model,ConsiglioDeiDieci,canal_45.440285_12.359691,"{""lat"": 45.440284619142545, ""lng"": 12.359690731642074}",1125,,0,PixelDoge,Building fisherman_s_cottage constructed by AI ConsiglioDeiDieci on polygon-1746057206136.,26/5/2025 3:10am,checked,0,26/5/2025 3:10am,13/7/2025 12:01pm,"0,0",,,,,,,
canal_45.423115_12.336841,home,,fisherman_s_cottage,Fisherman's Cottage at Fondamenta dei Mocenigo,polygon-1746052711032,0,model,ConsiglioDeiDieci,canal_45.423115_12.336841,"{""lat"": 45.423115343916386, ""lng"": 12.336841470666347}",1125,,0,RialtoRacer56,Building fisherman_s_cottage constructed by AI ConsiglioDeiDieci on polygon-1746052711032.,26/5/2025 3:08am,checked,0,26/5/2025 3:08am,14/7/2025 12:00pm,"0,0",,,,,,,
canal_45.432920_12.339157,home,,fisherman_s_cottage,Fisherman's Cottage at Riva dei Giocatori,polygon-1746056876739,0,model,ConsiglioDeiDieci,canal_45.432920_12.339157,"{""lat"": 45.43291994498759, ""lng"": 12.339157342438586}",1125,,0,EtiennodaMurano,Building fisherman_s_cottage constructed by AI ConsiglioDeiDieci on polygon-1746056876739.,26/5/2025 3:07am,checked,0,26/5/2025 3:07am,3/8/2025 12:00pm,"0,0",,,,,,,
canal_45.432147_12.310110,home,,fisherman_s_cottage,Fisherman's Cottage at Fondamenta delle Erbe,polygon-1745879206602,0,model,ConsiglioDeiDieci,canal_45.432147_12.310110,"{""lat"": 45.43214704949492, ""lng"": 12.31010989306025}",1125,,0,SpiceHunter420,Building fisherman_s_cottage constructed by AI ConsiglioDeiDieci on polygon-1745879206602.,26/5/2025 3:06am,checked,0,26/5/2025 3:06am,31/7/2025 12:00pm,"0,0",,,,,,,
canal_45.428766_12.364736,home,,fisherman_s_cottage,Fisherman's Cottage at Fondamenta degli Agostiniani,polygon-1746057412398,335,model,ConsiglioDeiDieci,canal_45.428766_12.364736,"{""lat"": 45.428766283794324, ""lng"": 12.364736281763408}",1325,,0,FitnessFanatic,Building fisherman_s_cottage constructed by AI ConsiglioDeiDieci on polygon-1746057412398.,26/5/2025 3:04am,checked,0,26/5/2025 3:04am,4/8/2025 12:00pm,"0,0",,,,,,,
building_45.436002_12.335479,home,,merchant_s_house,Merchant's House at Fondamenta dei Loredan,polygon-1746056351603,0,model,ConsiglioDeiDieci,building_45.436002_12.335479,"{""lat"": 45.43600157776339, ""lng"": 12.33547863638287}",990,,0,John_Jeffries,Building merchant_s_house constructed by AI ConsiglioDeiDieci on polygon-1746056351603.,26/5/2025 3:03am,checked,0,26/5/2025 3:03am,31/5/2025 10:02pm,"0,0",,,,,,,
building_45.431362_12.357661,home,,artisan_s_house,Artisan's House at Calle dei Fabbri,polygon-1746057352428,0,model,ConsiglioDeiDieci,building_45.431362_12.357661,"{""lat"": 45.43136177113627, ""lng"": 12.357661002329447}",1480,,0,Debug42,Building artisan_s_house constructed by AI ConsiglioDeiDieci on polygon-1746057352428.,26/5/2025 3:02am,checked,0,26/5/2025 3:02am,14/7/2025 12:00pm,"0,0",,,,,,,
canal_45.440220_12.321079,home,,fisherman_s_cottage,Fisherman's Cottage at Riva dei Frari,polygon-1745879581983,0,model,ConsiglioDeiDieci,canal_45.440220_12.321079,"{""lat"": 45.44021969910615, ""lng"": 12.321079377501393}",1125,,0,mechanical_visionary,Building fisherman_s_cottage constructed by AI ConsiglioDeiDieci on polygon-1745879581983.,26/5/2025 3:00am,checked,0,26/5/2025 3:00am,13/7/2025 12:01pm,"0,0",,,,,,,
canal_45.440655_12.361028,home,,fisherman_s_cottage,Fisherman's Cottage at Fondamenta degli Ex-Voto,polygon-1746057206136,0,model,ConsiglioDeiDieci,canal_45.440655_12.361028,"{""lat"": 45.44065474089912, ""lng"": 12.361028259870833}",1125,,0,GreenThumb,Building fisherman_s_cottage constructed by AI ConsiglioDeiDieci on polygon-1746057206136.,26/5/2025 2:59am,checked,0,26/5/2025 2:59am,23/7/2025 12:00pm,"0,0",,,,,,,
canal_45.442553_12.328355,home,,fisherman_s_cottage,Fisherman's Cottage at Fondamenta dei Fruttaroli,polygon-1746055561861,0,model,ConsiglioDeiDieci,canal_45.442553_12.328355,"{""lat"": 45.44255317245173, ""lng"": 12.328354778237335}",1125,,0,rialto_sailor,Building fisherman_s_cottage constructed by AI ConsiglioDeiDieci on polygon-1746055561861.,26/5/2025 2:58am,checked,0,26/5/2025 2:58am,16/7/2025 12:01pm,"0,0",,,,,,,
canal_45.432550_12.310465,home,,fisherman_s_cottage,Fisherman's Cottage at Riva dei Brentatori,polygon-1745879206602,0,model,ConsiglioDeiDieci,canal_45.432550_12.310465,"{""lat"": 45.43255012461234, ""lng"": 12.310464769945296}",1125,,0,diplomatic_virtuoso,Building fisherman_s_cottage constructed by AI ConsiglioDeiDieci on polygon-1745879206602.,26/5/2025 2:57am,checked,0,26/5/2025 2:57am,13/7/2025 12:01pm,"0,0",,,,,,,
building_45.425302_12.338577,home,,nobili_palazzo,Nobili Palazzo at Fondamenta dei Drapieri,polygon-1746052711032,0,model,ConsiglioDeiDieci,building_45.425302_12.338577,"{""lat"": 45.42530220406954, ""lng"": 12.338577142441622}",3715,,0,philosopher_banker,Building nobili_palazzo constructed by AI ConsiglioDeiDieci on polygon-1746052711032.,26/5/2025 2:46am,checked,0,26/5/2025 2:46am,7/6/2025 12:00pm,"0,0",,,,,,,
building_45.432265_12.355002,business,retail_food,bakery,Bakery at Calle dei Cordami,polygon-1746057352428,0,model,MerchantLegend,building_45.432265_12.355002,"{""lat"": 45.432265416319815, ""lng"": 12.35500206424637}",610,TechnoMedici,750,CodeMonkey,"{""previousNotes"": ""Building bakery constructed by AI MerchantLegend on polygon-1746057352428."", ""runByAssignment"": {""timestamp"": ""2025-05-29T04:38:28.435913Z"", ""assignedRunBy"": ""TechnoMedici"", ""score"": 5572.403844920407, ""components"": {""relationshipScoreWithOwner"": 0.0, ""influence"": 0.0, ""dailyIncome"": 0.0, ""dailyTurnover"": 15025.0, ""distanceToHomeM"": 165.0, ""socialClassTier"": 3, ""isOwnerFactor"": 1, ""numBusinessesAlreadyRun_before_assign"": 7, ""baseScoreComponents"": 14859.74, ""numerator"": 44579.23, ""denominator"": 8}}}",26/5/2025 2:44am,checked,0,26/5/2025 2:44am,6/6/2025 10:07am,"0,0",6/6/2025 10:07am,,,,,,
canal_45.428796_12.363885,home,,fisherman_s_cottage,Fisherman's Cottage at Riva di Santa Elena,polygon-1746057412398,350,model,GondolaDrifter,canal_45.428796_12.363885,"{""lat"": 45.42879640158091, ""lng"": 12.363885127436015}",1335,,0,GondolaDrifter,Building fisherman_s_cottage constructed by AI GondolaDrifter on polygon-1746057412398.,26/5/2025 2:42am,checked,0,26/5/2025 2:42am,19/7/2025 12:00pm,"0,0",,,,,,,
building_45.433410_12.351285,business,retail_food,market_stall,Contract Stall at Salizada dei Spezieri,polygon-1746057275948,320,model,DucaleTechie,building_45.433410_12.351285,"{""lat"": 45.43340960384464, ""lng"": 12.35128525827382}",485,VenicePhotographer,750,philosopher_banker,"{""previousNotes"": ""Building market_stall constructed by AI DucaleTechie on polygon-1746057275948."", ""runByAssignment"": {""timestamp"": ""2025-05-29T04:38:28.446913Z"", ""assignedRunBy"": ""VenicePhotographer"", ""score"": 4920.519955568565, ""components"": {""relationshipScoreWithOwner"": 0.0, ""influence"": 0.0, ""dailyIncome"": 7715.0, ""dailyTurnover"": 15435.99, ""distanceToHomeM"": 1009.0, ""socialClassTier"": 2, ""isOwnerFactor"": 1, ""numBusinessesAlreadyRun_before_assign"": 8, ""baseScoreComponents"": 22142.34, ""numerator"": 44284.68, ""denominator"": 9}}}",26/5/2025 2:41am,checked,0,26/5/2025 2:41am,7/6/2025 10:00am,"0,0",5/6/2025 3:13pm,,,,,,
canal_45.431111_12.362368,home,,fisherman_s_cottage,Fisherman's Cottage at Fondamenta del Leone Bianco,polygon-1746057412398,0,model,Italia,canal_45.431111_12.362368,"{""lat"": 45.43111057200126, ""lng"": 12.362367803265673}",1125,,0,element_transmuter,Building fisherman_s_cottage constructed by AI Italia on polygon-1746057412398.,26/5/2025 2:40am,checked,0,26/5/2025 2:40am,13/7/2025 12:01pm,"0,0",,,,,,,
building_45.442693_12.324345,home,,nobili_palazzo,Nobili Palazzo at Calle dei Conversi,polygon-1745879581983,0,model,ConsiglioDeiDieci,building_45.442693_12.324345,"{""lat"": 45.442693463084446, ""lng"": 12.324344791294665}",3715,,0,rialto_diarist,Building nobili_palazzo constructed by AI ConsiglioDeiDieci on polygon-1745879581983.,26/5/2025 2:37am,checked,0,26/5/2025 2:37am,7/6/2025 12:00pm,"0,0",,,,,,,
canal_45.443137_12.315726,home,,fisherman_s_cottage,Fisherman's Cottage at Fondamenta dei Carmelitani,polygon-1745879581983,0,model,Italia,canal_45.443137_12.315726,"{""lat"": 45.44313669679977, ""lng"": 12.315725688307667}",1125,,0,BlueSkySurfer,Building fisherman_s_cottage constructed by AI Italia on polygon-1745879581983.,26/5/2025 2:15am,checked,0,26/5/2025 2:15am,3/8/2025 12:00pm,"0,0",,,,,,,
canal_45.424823_12.362988,home,,fisherman_s_cottage,Fisherman's Cottage at Riva delle Elemosine,polygon-1746057412398,390,model,StarGazer2000,canal_45.424823_12.362988,"{""lat"": 45.42482311352937, ""lng"": 12.36298818727747}",1360,,1638,StarGazer2000,Building fisherman_s_cottage constructed by AI StarGazer2000 on polygon-1746057412398.,24/5/2025 5:55am,checked,0,24/5/2025 5:55am,22/7/2025 12:00pm,"0,0",,,,,,,
canal_45.441545_12.317796,home,,fisherman_s_cottage,Fisherman's Cottage at Riva di Sant'Agnese,polygon-1745879581983,500,model,TopGlassmaker,canal_45.441545_12.317796,"{""lat"": 45.44154460512106, ""lng"": 12.317796353667164}",1425,,1638,recmnnZUs2pByR2Ch,Building fisherman_s_cottage constructed by AI TopGlassmaker on polygon-1745879581983.,24/5/2025 5:54am,checked,0,24/5/2025 5:54am,12/7/2025 2:26pm,"0,0",,,,,,,
canal_45.424989_12.362262,home,,fisherman_s_cottage,Fisherman's Cottage at Fondamenta dei Pisani,polygon-1746057412398,410,model,TechnoMedici,canal_45.424989_12.362262,"{""lat"": 45.42498877272831, ""lng"": 12.362262202704105}",1370,,1638,reckpxM6koWNKPCB6,Building fisherman_s_cottage constructed by AI TechnoMedici on polygon-1746057412398.,24/5/2025 5:53am,checked,0,24/5/2025 5:53am,12/7/2025 2:23pm,"0,0",,,,,,,
building_45.444685_12.325454,home,,nobili_palazzo,Nobili Palazzo at Calle del Sale,polygon-1746055561861,500,model,ConsiglioDeiDieci,building_45.444685_12.325454,"{""lat"": 45.44468530392916, ""lng"": 12.32545429686315}",3715,,3780,urban_visionary,Building nobili_palazzo constructed by AI ConsiglioDeiDieci on polygon-1746055561861.,24/5/2025 5:52am,checked,0,24/5/2025 5:52am,7/6/2025 12:00pm,"0,0",,,,,,,
canal_45.440725_12.356941,home,,fisherman_s_cottage,Fisherman's Cottage at Riva dei Bernardo,polygon-1746057132024,500,model,MerchantLegend,canal_45.440725_12.356941,"{""lat"": 45.4407247145015, ""lng"": 12.356940635509115}",1425,,1638,WealthyTrader,Building fisherman_s_cottage constructed by AI MerchantLegend on polygon-1746057132024.,24/5/2025 5:49am,checked,0,24/5/2025 5:49am,31/7/2025 12:00pm,"0,0",,,,,,,
building_45.433752_12.350677,business,storage,small_warehouse,Small Warehouse at Fondamenta della Pescaria,polygon-1746057275948,430,model,ItalyMerchant,building_45.433752_12.350677,"{""lat"": 45.43375230320709, ""lng"": 12.350677094957973}",0,ItalyMerchant,675,LuciaMancini,"{""previousNotes"": ""Building small_warehouse constructed by AI ItalyMerchant on polygon-1746057275948."", ""runByAssignment"": {""timestamp"": ""2025-05-29T04:38:28.423914Z"", ""assignedRunBy"": ""ItalyMerchant"", ""score"": 17554.826215786867, ""components"": {""relationshipScoreWithOwner"": 0.0, ""influence"": 0.0, ""dailyIncome"": 0.0, ""dailyTurnover"": 5135.0, ""distanceToHomeM"": 746.0, ""socialClassTier"": 2, ""isOwnerFactor"": 4, ""numBusinessesAlreadyRun_before_assign"": 1, ""baseScoreComponents"": 4388.71, ""numerator"": 35109.65, ""denominator"": 2}}}",24/5/2025 5:49am,checked,0,24/5/2025 5:49am,9/6/2025 7:20pm,"0,0",9/6/2025 7:20pm,,,,,,
building_45.431034_12.353209,business,retail_food,market_stall,Contract Stall at Rio Terà delle Muneghe,polygon-1746057352428,500,model,TravelBug23,building_45.431034_12.353209,"{""lat"": 45.43103428792021, ""lng"": 12.353209369791317}",0,TravelBug23,750,alexandria_trader,"{""previousNotes"": ""Building market_stall constructed by AI TravelBug23 on polygon-1746057352428."", ""runByAssignment"": {""timestamp"": ""2025-05-29T04:38:28.461913Z"", ""assignedRunBy"": ""TravelBug23"", ""score"": 10116.722885335636, ""components"": {""relationshipScoreWithOwner"": 0.0, ""influence"": 0.0, ""dailyIncome"": 720.0, ""dailyTurnover"": 7020.0, ""distanceToHomeM"": 2682.0, ""socialClassTier"": 2, ""isOwnerFactor"": 4, ""numBusinessesAlreadyRun_before_assign"": 3, ""baseScoreComponents"": 5058.36, ""numerator"": 40466.89, ""denominator"": 4}}}",24/5/2025 5:47am,checked,0,24/5/2025 5:47am,6/6/2025 7:28am,"0,0",6/6/2025 7:28am,,,,,,
building_45.427299_12.360753,home,,merchant_s_house,Merchant's House at Calle dei Cerchieri,polygon-1746057412398,500,model,Italia,building_45.427299_12.360753,"{""lat"": 45.42729932085193, ""lng"": 12.360752860820345}",990,,1182,Xadme,Building merchant_s_house constructed by AI Italia on polygon-1746057412398.,24/5/2025 5:45am,checked,0,24/5/2025 5:45am,31/5/2025 10:00pm,"0,0",,,,,,,
canal_45.447731_12.318978,home,,fisherman_s_cottage,Fisherman's Cottage at Fondamenta dei Panificatori,polygon-1746055561861,430,model,DucatsRunner,canal_45.447731_12.318978,"{""lat"": 45.44773088425899, ""lng"": 12.31897777552127}",1385,,1638,DucatsRunner,"{""position"": {""lat"": 45.44747111001809, ""lng"": 12.31917076399883}}",24/5/2025 5:43am,checked,0,24/5/2025 5:43am,14/7/2025 12:00pm,"0,0",,,,,,,
canal_45.430597_12.353371,home,,fisherman_s_cottage,Fisherman's Cottage at Fondamenta dei Castellani Vecchi,polygon-1746057352428,500,model,rialto_sailor1,canal_45.430597_12.353371,"{""lat"": 45.43059682954704, ""lng"": 12.353371199743824}",1425,,1638,MATTEOtheTrader,"{""position"": {""lat"": 45.43055157088462, ""lng"": 12.35501645766516}}",24/5/2025 5:42am,checked,0,24/5/2025 5:42am,4/8/2025 12:01pm,"0,0",,,,,,,
building_45.431361_12.355688,business,retail_food,market_stall,Contract Stall at Sottoportego dei Marinai,polygon-1746057352428,500,model,StormRider,building_45.431361_12.355688,"{""lat"": 45.431361035969495, ""lng"": 12.355688183965418}",635,VenicePhotographer,580,tavern_tales,"{""position"": {""lat"": 45.431046968664845, ""lng"": 12.355684938881309}, ""runByAssignment"": {""timestamp"": ""2025-05-29T04:38:28.468913Z"", ""assignedRunBy"": ""VenicePhotographer"", ""score"": 4510.045361811895, ""components"": {""relationshipScoreWithOwner"": 0.0, ""influence"": 0.0, ""dailyIncome"": 7715.0, ""dailyTurnover"": 15435.99, ""distanceToHomeM"": 601.0, ""socialClassTier"": 2, ""isOwnerFactor"": 1, ""numBusinessesAlreadyRun_before_assign"": 9, ""baseScoreComponents"": 22550.23, ""numerator"": 45100.45, ""denominator"": 10}}}",24/5/2025 5:42am,checked,0,24/5/2025 5:42am,9/6/2025 8:33pm,"0,0",9/6/2025 8:33pm,,,,,,
building_45.428285_12.360022,home,,artisan_s_house,Artisan's House at Calle dei Vedei,polygon-1746057412398,435,model,ZenithTrader,building_45.428285_12.360022,"{""lat"": 45.42828465815004, ""lng"": 12.360022060376398}",1740,,1890,LagoonDealer2025,"{""position"": {""lat"": 45.428278736323406, ""lng"": 12.36071520773013}}",24/5/2025 5:41am,checked,0,24/5/2025 5:41am,17/7/2025 12:00pm,"0,0",,,,,,,
canal_45.437394_12.354825,home,,fisherman_s_cottage,Fisherman's Cottage at Fondamenta della Madonna,polygon-1746057206136,430,model,StarGazer2000,canal_45.437394_12.354825,"{""lat"": 45.43739424377722, ""lng"": 12.35482460844261}",1385,,1638,skywalker88,"{""position"": {""lat"": 45.437622278118866, ""lng"": 12.35267923580817}}",24/5/2025 5:40am,checked,0,24/5/2025 5:40am,1/8/2025 12:01pm,"0,0",,,,,,,
canal_45.430651_12.362477,home,,fisherman_s_cottage,Fisherman's Cottage at Riva del Magistrato alla Carità,polygon-1746057412398,390,model,TopGlassmaker,canal_45.430651_12.362477,"{""lat"": 45.43065119599841, ""lng"": 12.362476846318842}",1360,,1638,PhotoWizard,"{""position"": {""lat"": 45.430128562590305, ""lng"": 12.360102980770733}}",24/5/2025 5:39am,checked,0,24/5/2025 5:39am,4/8/2025 12:00pm,"0,0",,,,,,,
building_45.431930_12.357065,home,,artisan_s_house,Artisan's House at Rio Terà dei Pensieri,polygon-1746057352428,500,model,TechnoMedici,building_45.431930_12.357065,"{""lat"": 45.43192984840071, ""lng"": 12.35706519006806}",1780,,1890,TechnoMedici,"{""position"": {""lat"": 45.431498640539715, ""lng"": 12.35706656756424}}",24/5/2025 5:38am,checked,0,24/5/2025 5:38am,13/7/2025 12:00pm,"0,0",,,,,,,
canal_45.428144_12.357111,home,,fisherman_s_cottage,Fisherman's Cottage at Riva dei Tintori di Lana,polygon-1746057412398,410,model,BankingWizard99,canal_45.428144_12.357111,"{""lat"": 45.42814391880899, ""lng"": 12.357111000318866}",1370,,1638,istrian_sailor,"{""position"": {""lat"": 45.42731531867777, ""lng"": 12.360142819657383}}",24/5/2025 5:36am,checked,0,24/5/2025 5:36am,3/8/2025 12:00pm,"0,0",,,,,,,
building_45.431959_12.351237,home,,nobili_palazzo,Nobili Palazzo at Calle della Madonna,polygon-1746057352428,500,model,ConsiglioDeiDieci,building_45.431959_12.351237,"{""lat"": 45.431959, ""lng"": 12.351237}",3955,,4410,ConsiglioDeiDieci,"{""position"": {""lat"": 45.4319591460577, ""lng"": 12.351237182251444}}",24/5/2025 5:35am,checked,0,24/5/2025 5:35am,31/5/2025 10:01pm,"0,0",,,,,,,
canal_45.427757_12.357536,home,,fisherman_s_cottage,Fisherman's Cottage at Fondamenta delle Teresiane,polygon-1746057412398,390,model,BarbarigoCadet,canal_45.427757_12.357536,"{""lat"": 45.42775690220777, ""lng"": 12.357535862226825}",1360,,1638,BarbarigoCadet,"{""position"": {""lat"": 45.42828465815004, ""lng"": 12.360022060376398}}",24/5/2025 5:34am,checked,0,24/5/2025 5:34am,13/7/2025 12:01pm,"0,0",,,,,,,
building_45.445276_12.323465,business,retail_food,market_stall,Contract Stall at Fondamenta San Silvestro,polygon-1746055561861,430,model,cyprus_trader,building_45.445276_12.323465,"{""lat"": 45.44527634620332, ""lng"": 12.323464745185749}",580,LagoonDealer2025,750,Miles4lf,"{""position"": {""lat"": 45.44519445666178, ""lng"": 12.324296599932351}, ""runByAssignment"": {""timestamp"": ""2025-05-29T04:38:28.451914Z"", ""assignedRunBy"": ""LagoonDealer2025"", ""score"": 4274.607211383263, ""components"": {""relationshipScoreWithOwner"": 0.0, ""influence"": 0.0, ""dailyIncome"": 2160.0, ""dailyTurnover"": 211.83, ""distanceToHomeM"": 235.0, ""socialClassTier"": 2, ""isOwnerFactor"": 1, ""numBusinessesAlreadyRun_before_assign"": 0, ""baseScoreComponents"": 2137.3, ""numerator"": 4274.61, ""denominator"": 1}}}",24/5/2025 5:33am,checked,0,24/5/2025 5:33am,5/8/2026 3:40pm,"0,0",5/8/2026 3:40pm,,,,,,
building_45.443477_12.328678,business,retail_food,bakery,Bakery at Campiello della Farina,polygon-1746055561861,430,model,UrbanExplorer,building_45.443477_12.328678,"{""lat"": 45.443477, ""lng"": 12.328678}",975,BarbarigoCadet,695,MerchantLegend,"{""position"": {""lat"": 45.44347701162489, ""lng"": 12.328678297185098}, ""runByAssignment"": {""timestamp"": ""2025-05-29T04:38:28.457913Z"", ""assignedRunBy"": ""BarbarigoCadet"", ""score"": 4166.214171810364, ""components"": {""relationshipScoreWithOwner"": 0.0, ""influence"": 0.0, ""dailyIncome"": 4115.0, ""dailyTurnover"": 17483.5, ""distanceToHomeM"": 2851.0, ""socialClassTier"": 2, ""isOwnerFactor"": 1, ""numBusinessesAlreadyRun_before_assign"": 8, ""baseScoreComponents"": 18747.96, ""numerator"": 37495.93, ""denominator"": 9}}}",24/5/2025 5:33am,checked,0,24/5/2025 5:33am,6/6/2025 3:53pm,"0,0",6/6/2025 3:53pm,,,,,,
building_45.431914_12.353229,business,retail_food,market_stall,Contract Stall at Ruga degli Orefici,polygon-1746057352428,500,model,ligurian_captain,building_45.431914_12.353229,"{""lat"": 45.431914, ""lng"": 12.353229}",635,DragonSlayer,750,the_grand_experiment,"{""position"": {""lat"": 45.431913939156324, ""lng"": 12.35322856177219}, ""runByAssignment"": {""timestamp"": ""2025-05-29T04:38:28.459913Z"", ""assignedRunBy"": ""DragonSlayer"", ""score"": 4733.8013526893465, ""components"": {""relationshipScoreWithOwner"": 0.0, ""influence"": 0.0, ""dailyIncome"": 2160.0, ""dailyTurnover"": 836.61, ""distanceToHomeM"": 630.0, ""socialClassTier"": 2, ""isOwnerFactor"": 1, ""numBusinessesAlreadyRun_before_assign"": 0, ""baseScoreComponents"": 2366.9, ""numerator"": 4733.8, ""denominator"": 1}}}",24/5/2025 5:31am,checked,0,24/5/2025 5:31am,8/7/2025 7:31pm,"0,0",8/7/2025 7:31pm,,,,,,
canal_45.429732_12.362695,home,,fisherman_s_cottage,Fisherman's Cottage at Riva degli Scultori,polygon-1746057412398,410,model,MerchantLegend,canal_45.429732_12.362695,"{""lat"": 45.42973244399269, ""lng"": 12.362694932425175}",1370,,1638,CannaregioPaolo,"{""position"": {""lat"": 45.4286323475439, ""lng"": 12.36088325131413}}",24/5/2025 5:31am,checked,0,24/5/2025 5:31am,23/7/2025 12:00pm,"0,0",,,,,,,
building_45.443455_12.326089,business,retail_food,market_stall,Contract Stall at Salizada dei Cereali,polygon-1746055561861,430,model,ItalyMerchant,building_45.443455_12.326089,"{""lat"": 45.443455, ""lng"": 12.326089}",0,ItalyMerchant,360,ItalyMerchant,"{""position"": {""lat"": 45.443454595263354, ""lng"": 12.326088714336649}, ""runByAssignment"": {""timestamp"": ""2025-05-29T04:38:28.502922Z"", ""assignedRunBy"": ""ItalyMerchant"", ""score"": 5940.054899821001, ""components"": {""relationshipScoreWithOwner"": 0.0, ""influence"": 0.0, ""dailyIncome"": 0.0, ""dailyTurnover"": 5135.0, ""distanceToHomeM"": 2907.0, ""socialClassTier"": 2, ""isOwnerFactor"": 4, ""numBusinessesAlreadyRun_before_assign"": 2, ""baseScoreComponents"": 2227.52, ""numerator"": 17820.16, ""denominator"": 3}}}",24/5/2025 5:30am,checked,0,24/5/2025 5:30am,9/6/2025 6:08pm,"0,0",9/6/2025 6:08pm,,,,,,
canal_45.439843_12.320672,home,,fisherman_s_cottage,Fisherman's Cottage at Fondamenta dei Dorsoduranti,polygon-1745879581983,500,model,adriatic_captain,canal_45.439843_12.320672,"{""lat"": 45.43984330181716, ""lng"": 12.32067168173113}",1425,,1638,Lucid,"{""position"": {""lat"": 45.43958818193424, ""lng"": 12.31990966519928}}",24/5/2025 5:28am,checked,0,24/5/2025 5:28am,31/5/2025 10:01pm,"0,0",,,,,,,
canal_45.440972_12.321895,home,,fisherman_s_cottage,Fisherman's Cottage at Riva dei Corteleri,polygon-1745879581983,500,model,TravelBug23,canal_45.440972_12.321895,"{""lat"": 45.44097249368414, ""lng"": 12.32189476904192}",1425,,1638,TravelBug23,"{""position"": {""lat"": 45.441311627162214, ""lng"": 12.321699002681147}}",24/5/2025 5:27am,checked,0,24/5/2025 5:27am,17/7/2025 12:00pm,"0,0",,,,,,,
building_45.444326_12.326038,home,,artisan_s_house,Artisan's House at Salizada dei Frumenti,polygon-1746055561861,455,model,DucaleTechie,building_45.444326_12.326038,"{""lat"": 45.444326, ""lng"": 12.326038}",1750,,1890,DucaleTechie,"{""position"": {""lat"": 45.44432587200194, ""lng"": 12.326038343402438}}",24/5/2025 5:26am,checked,0,24/5/2025 5:26am,19/7/2025 12:00pm,"0,0",,,,,,,
canal_45.442109_12.324792,home,,fisherman_s_cottage,Fisherman's Cottage at Fondamenta dei Barcaroli,polygon-1745879581983,500,model,greek_trader,canal_45.442109_12.324792,"{""lat"": 45.44210918188283, ""lng"": 12.324791554778004}",1425,,1638,greek_trader,"{""position"": {""lat"": 45.44270418985903, ""lng"": 12.32547643257518}}",24/5/2025 5:26am,checked,0,24/5/2025 5:26am,14/7/2025 12:00pm,"0,0",,,,,,,
building_45.442971_12.326653,business,,inn,Inn at Calle dei Forni,polygon-1746055561861,500,model,alexandria_trader,building_45.442971_12.326653,"{""lat"": 45.442971, ""lng"": 12.326653}",680,TravelBug23,735,meyti_tgz2,"{""position"": {""lat"": 45.44297089872729, ""lng"": 12.326653018616607}, ""runByAssignment"": {""timestamp"": ""2025-05-29T15:13:58.398340Z"", ""assignedRunBy"": ""TravelBug23"", ""score"": 2922.9368641756514, ""components"": {""relationshipScoreWithOwner"": 0.0, ""influence"": 0.0, ""dailyIncome"": 720.0, ""dailyTurnover"": 7020.0, ""distanceToHomeM"": 433.0, ""socialClassTier"": 2, ""isOwnerFactor"": 1, ""numBusinessesAlreadyRun_before_assign"": 4, ""baseScoreComponents"": 7307.34, ""numerator"": 14614.68, ""denominator"": 5}}}",24/5/2025 5:25am,checked,0,24/5/2025 5:25am,6/6/2025 8:38am,"0,0",6/6/2025 8:38am,,,,,,
building_45.444337_12.325387,home,,artisan_s_house,Artisan's House at Calle del Forno Vecchio,polygon-1746055561861,455,model,Italia,building_45.444337_12.325387,"{""lat"": 45.444337, ""lng"": 12.325387}",1750,,1890,QuantumLeap,"{""position"": {""lat"": 45.44433720665565, ""lng"": 12.325386526135617}}",24/5/2025 5:24am,checked,0,24/5/2025 5:24am,16/7/2025 12:01pm,"0,0",,,,,,,
canal_45.434162_12.311884,home,,fisherman_s_cottage,Fisherman's Cottage at Riva del Lazaretto,polygon-1745879206602,430,model,BankingWizard99,canal_45.434162_12.311884,"{""lat"": 45.434162425082015, ""lng"": 12.311884277485486}",1385,,1638,BankingWizard99,"{""position"": {""lat"": 45.43376779348559, ""lng"": 12.313519459706917}}",24/5/2025 5:18am,checked,0,16/5/2025 7:54pm,13/7/2025 12:01pm,"0,0",,,,,,,
building_45.428233_12.361334,home,,nobili_palazzo,Nobili Palazzo at Salizada dei Nobili,polygon-1746057412398,535,model,ConsiglioDeiDieci,building_45.428233_12.361334,"{""lat"": 45.428233, ""lng"": 12.361334}",3975,,4410,the_social_canvas,"{""position"": {""lat"": 45.42823343213501, ""lng"": 12.361334016961276}}",24/5/2025 5:17am,checked,0,24/5/2025 5:40am,7/6/2025 12:00pm,"0,0",,,,,,,
canal_45.430192_12.362586,home,,fisherman_s_cottage,Fisherman's Cottage at Fondamenta di Sant'Agnese,polygon-1746057412398,390,model,Foscari_Banker,canal_45.430192_12.362586,"{""lat"": 45.43019181999555, ""lng"": 12.362585889372008}",1360,,1638,Foscari_Banker,"{""position"": {""lat"": 45.43009635598481, ""lng"": 12.360795119823456}}",24/5/2025 5:16am,checked,0,16/5/2025 7:54pm,13/7/2025 12:01pm,"0,0",,,,,,,
canal_45.425508_12.360785,home,,fisherman_s_cottage,Fisherman's Cottage at Fondamenta degli Accademici,polygon-1746057412398,390,model,trader4life,canal_45.425508_12.360785,"{""lat"": 45.42550833643941, ""lng"": 12.360785199606571}",1360,,1638,trader4life,"{""position"": {""lat"": 45.42604922824233, ""lng"": 12.360208852836738}}",24/5/2025 5:15am,checked,0,16/5/2025 7:54pm,14/7/2025 12:00pm,"0,0",,,,,,,
canal_45.443509_12.316123,home,,fisherman_s_cottage,Fisherman's Cottage at Riva di San Barnaba,polygon-1745879581983,500,model,DogeLover88,canal_45.443509_12.316123,"{""lat"": 45.443509307146556, ""lng"": 12.316122655241871}",1425,,1638,DogeLover88,"{""position"": {""lat"": 45.4431467142481, ""lng"": 12.316634804154148}}",24/5/2025 5:14am,checked,0,16/5/2025 7:54pm,16/7/2025 12:00pm,"0,0",,,,,,,
building_45.431916_12.352421,home,,artisan_s_house,Artisan's House at Calle dei Calafati,polygon-1746057352428,500,model,cyprus_trader,building_45.431916_12.352421,"{""lat"": 45.431915586617244, ""lng"": 12.352420553547242}",1780,,1890,cyprus_trader,"{""position"": {""lat"": 45.431949617798224, ""lng"": 12.351983899149188}}",24/5/2025 5:13am,checked,0,24/5/2025 5:40am,17/7/2025 12:00pm,"0,0",,,,,,,
building_45.429110_12.360750,home,,artisan_s_house,Artisan's House at Rio Terà della Toletta,polygon-1746057412398,435,model,UrbanExplorer,building_45.429110_12.360750,"{""lat"": 45.42911008740798, ""lng"": 12.360750456085572}",1740,,1890,UrbanExplorer,"{""position"": {""lat"": 45.4286323475439, ""lng"": 12.36088325131413}}",24/5/2025 5:12am,checked,0,24/5/2025 5:40am,14/7/2025 12:00pm,"0,0",,,,,,,
canal_45.437005_12.356763,home,,fisherman_s_cottage,Fisherman's Cottage at Riva dei Santissimi,polygon-1746057206136,430,model,DragonSlayer,canal_45.437005_12.356763,"{""lat"": 45.43700527949825, ""lng"": 12.356762951490706}",1385,,1638,DragonSlayer,"{""position"": {""lat"": 45.437617487709325, ""lng"": 12.35709632385522}}",24/5/2025 5:12am,checked,0,16/5/2025 7:54pm,17/7/2025 12:00pm,"0,0",,,,,,,
building_45.444286_12.326762,home,,artisan_s_house,Artisan's House at Corte della Bilancia,polygon-1746055561861,455,model,ligurian_captain,building_45.444286_12.326762,"{""lat"": 45.44428634749133, ""lng"": 12.326761557587178}",1750,,1890,ligurian_captain,"{""position"": {""lat"": 45.44436769072895, ""lng"": 12.327293332220524}}",24/5/2025 5:10am,checked,0,24/5/2025 5:40am,13/7/2025 12:01pm,"0,0",,,,,,,
canal_45.442294_12.325382,home,,fisherman_s_cottage,Fisherman's Cottage at Riva della Malvasia,polygon-1745879581983,500,model,MerchantLegend,canal_45.442294_12.325382,"{""lat"": 45.442293609762764, ""lng"": 12.32538164076128}",1425,,16380,MerchantLegend,"{""position"": {""lat"": 45.44265962870784, ""lng"": 12.324847840947081}}",24/5/2025 5:09am,checked,0,16/5/2025 7:54pm,31/5/2025 10:01pm,"0,0",,,,,,,
canal_45.428531_12.356686,home,,fisherman_s_cottage,Fisherman's Cottage at Fondamenta dei Carmini,polygon-1746057412398,410,model,ItalyMerchant,canal_45.428531_12.356686,"{""lat"": 45.428530935410215, ""lng"": 12.356686138410907}",1370,,1638,ItalyMerchant,"{""position"": {""lat"": 45.427430159697046, ""lng"": 12.359608946142286}}",24/5/2025 5:09am,checked,0,16/5/2025 7:54pm,19/7/2025 12:00pm,"0,0",,,,,,,
canal_45.426287_12.359443,home,,fisherman_s_cottage,Fisherman's Cottage at Fondamenta della Carità,polygon-1746057412398,390,model,adriatic_captain,canal_45.426287_12.359443,"{""lat"": 45.42628685471136, ""lng"": 12.3594433919565}",1360,,1638,adriatic_captain,"{""position"": {""lat"": 45.42636582973322, ""lng"": 12.360033536642598}}",24/5/2025 5:07am,checked,0,16/5/2025 7:54pm,14/7/2025 12:00pm,"0,0",,,,,,,
canal_45.429271_12.362788,home,,fisherman_s_cottage,Fisherman's Cottage at Fondamenta dei Gonella,polygon-1746057412398,410,model,VenicePhotographer,canal_45.429271_12.362788,"{""lat"": 45.42927108129612, ""lng"": 12.36278759055478}",1370,,1638,VenicePhotographer,"{""position"": {""lat"": 45.42778521188746, ""lng"": 12.36015653706438}}",24/5/2025 5:06am,checked,0,16/5/2025 7:54pm,14/7/2025 12:00pm,"0,0",,,,,,,
building_45.431049_12.355140,business,retail_food,market_stall,Contract Stall at Sottoportego dei Preti,polygon-1746057352428,500,model,GamingPatrizio,building_45.431049_12.355140,"{""lat"": 45.431049, ""lng"": 12.35514}",0,GamingPatrizio,880,GamingPatrizio,"{""position"": {""lat"": 45.431049286877105, ""lng"": 12.3551396119868}, ""runByAssignment"": {""timestamp"": ""2025-05-29T04:38:28.442913Z"", ""assignedRunBy"": ""GamingPatrizio"", ""score"": 7576.524403628715, ""components"": {""relationshipScoreWithOwner"": 0.0, ""influence"": 0.0, ""dailyIncome"": 0.0, ""dailyTurnover"": 2160.0, ""distanceToHomeM"": 266.0, ""socialClassTier"": 3, ""isOwnerFactor"": 4, ""numBusinessesAlreadyRun_before_assign"": 2, ""baseScoreComponents"": 1894.13, ""numerator"": 22729.57, ""denominator"": 3}}}",24/5/2025 5:05am,checked,0,16/5/2025 7:54pm,9/6/2025 9:38pm,"0,0",9/6/2025 9:38pm,,,,,,
canal_45.439955_12.319032,home,,fisherman_s_cottage,Fisherman's Cottage at Riva della Toletta,polygon-1745879581983,500,model,DucaleTechie,canal_45.439955_12.319032,"{""lat"": 45.4399547176091, ""lng"": 12.319032315581227}",1425,,1638,recAABrbF0uurs3Bq,"{""position"": {""lat"": 45.44002243297783, ""lng"": 12.319748620278311}}",24/5/2025 5:04am,checked,0,16/5/2025 7:54pm,18/7/2025 2:28pm,"0,0",,,,,,,
canal_45.425154_12.361536,home,,fisherman_s_cottage,Fisherman's Cottage at Riva di San Vidal,polygon-1746057412398,410,model,greek_trader,canal_45.425154_12.361536,"{""lat"": 45.42515443192726, ""lng"": 12.361536218130741}",1370,,1638,CryptoContarini,"{""position"": {""lat"": 45.426462934025565, ""lng"": 12.36133277541104}}",24/5/2025 5:03am,checked,0,16/5/2025 7:54pm,4/8/2025 12:01pm,"0,0",,,,,,,
building_45.428632_12.360883,home,,artisan_s_house,Artisan's House at Campiello della Carità,polygon-1746057412398,435,model,alexandria_trader,building_45.428632_12.360883,"{""lat"": 45.428632, ""lng"": 12.360883}",1740,,1890,alexandria_trader,"{""position"": {""lat"": 45.4286323475439, ""lng"": 12.36088325131413}}",24/5/2025 5:02am,checked,0,24/5/2025 5:40am,16/7/2025 12:00pm,"0,0",,,,,,,
building_45.432760_12.354375,home,,artisan_s_house,Artisan's House at Calle dei Squeri,polygon-1746057352428,500,model,Italia,building_45.432760_12.354375,"{""lat"": 45.43276, ""lng"": 12.354375}",1780,,1890,bigbosefx,"{""position"": {""lat"": 45.432759960862064, ""lng"": 12.354375221850102}}",24/5/2025 5:02am,checked,0,24/5/2025 5:40am,16/7/2025 12:01pm,"0,0",,,,,,,
building_45.445194_12.324297,business,retail_food,bakery,Bakery at Calle del Forno Pubblico,polygon-1746055561861,430,model,DucaleTechie,building_45.445194_12.324297,"{""lat"": 45.445194, ""lng"": 12.324297}",0,DucaleTechie,360,DucaleTechie,"{""position"": {""lat"": 45.44519445666178, ""lng"": 12.324296599932351}, ""runByAssignment"": {""timestamp"": ""2025-05-29T04:38:28.510919Z"", ""assignedRunBy"": ""DucaleTechie"", ""score"": 11707.014705901236, ""components"": {""relationshipScoreWithOwner"": 0.0, ""influence"": 0.0, ""dailyIncome"": 0.0, ""dailyTurnover"": 1630.0, ""distanceToHomeM"": 167.0, ""socialClassTier"": 2, ""isOwnerFactor"": 4, ""numBusinessesAlreadyRun_before_assign"": 0, ""baseScoreComponents"": 1463.38, ""numerator"": 11707.01, ""denominator"": 1}}}",24/5/2025 3:01am,checked,0,16/5/2025 7:54pm,11/7/2025 11:15pm,"0,0",11/7/2025 11:15pm,,,,,,
building_45.444823_12.324276,business,retail_food,bakery,Bakery at Calle della Scuola dei Fornai,polygon-1746055561861,430,model,ShadowHunter,building_45.444823_12.324276,"{""lat"": 45.444823, ""lng"": 12.324276}",0,ShadowHunter,360,adriatic_captain,"{""position"": {""lat"": 45.444822681264505, ""lng"": 12.3242764552835}, ""runByAssignment"": {""timestamp"": ""2025-05-29T04:38:28.506919Z"", ""assignedRunBy"": ""ShadowHunter"", ""score"": 3134.2927894658183, ""components"": {""relationshipScoreWithOwner"": 0.0, ""influence"": 0.0, ""dailyIncome"": 720.0, ""dailyTurnover"": 199.84, ""distanceToHomeM"": 136.0, ""socialClassTier"": 2, ""isOwnerFactor"": 4, ""numBusinessesAlreadyRun_before_assign"": 1, ""baseScoreComponents"": 783.57, ""numerator"": 6268.59, ""denominator"": 2}}}",24/5/2025 3:00am,checked,0,16/5/2025 7:54pm,9/6/2025 6:40pm,"0,0",9/6/2025 6:40pm,,,,,,
building_45.426528_12.362666,business,retail_food,market_stall,Contract Stall at Sottoportego dei Benefattori,polygon-1746057412398,500,model,Italia,building_45.426528_12.362666,"{""lat"": 45.426528, ""lng"": 12.362666}",285,trader4life,560,ligurian_captain,"{""position"": {""lat"": 45.42652844022157, ""lng"": 12.362666429212437}, ""runByAssignment"": {""timestamp"": ""2025-05-29T04:38:28.490914Z"", ""assignedRunBy"": ""trader4life"", ""score"": 5203.400812659787, ""components"": {""relationshipScoreWithOwner"": 0.0, ""influence"": 0.0, ""dailyIncome"": 2160.0, ""dailyTurnover"": 627.17, ""distanceToHomeM"": 185.0, ""socialClassTier"": 2, ""isOwnerFactor"": 1, ""numBusinessesAlreadyRun_before_assign"": 0, ""baseScoreComponents"": 2601.7, ""numerator"": 5203.4, ""denominator"": 1}}}",24/5/2025 2:59am,checked,0,16/5/2025 7:54pm,9/6/2025 6:33pm,"0,0",9/6/2025 6:33pm,,,,,,
building_45.431499_12.357067,business,retail_food,market_stall,Contract Stall at Fondamenta San Domenego,polygon-1746057352428,500,model,Trade4Fun,building_45.431499_12.357067,"{""lat"": 45.431499, ""lng"": 12.357067}",0,Trade4Fun,815,meyti_tgz,"{""position"": {""lat"": 45.431498640539715, ""lng"": 12.35706656756424}, ""WagesReasoning"": ""Market stall is my most promising building with no rent costs and new sell contracts for food items. Setting competitive wages to attract workers immediately and resolve the zero wages problem."", ""runByAssignment"": {""timestamp"": ""2025-05-29T04:38:28.480913Z"", ""assignedRunBy"": ""Trade4Fun"", ""score"": 10121.251069612526, ""components"": {""relationshipScoreWithOwner"": 0.0, ""influence"": 0.0, ""dailyIncome"": 720.0, ""dailyTurnover"": 4040.36, ""distanceToHomeM"": 965.0, ""socialClassTier"": 2, ""isOwnerFactor"": 4, ""numBusinessesAlreadyRun_before_assign"": 2, ""baseScoreComponents"": 3795.47, ""numerator"": 30363.75, ""denominator"": 3}}}",19/5/2025 7:19am,checked,0,16/5/2025 7:54pm,6/6/2025 8:53am,"0,0",6/6/2025 8:53am,,,,,,
building_45.438461_12.332610,business,,printing_house,Printing House at Calle della Scuola di San Giovanni Evangelista,polygon-1746072967949,500,model,ConsiglioDeiDieci,building_45.438461_12.332610,"{""lat"": 45.438461, ""lng"": 12.33261}",3850,BasstheWhale,3590,StarGazer2000,"{""position"": {""lat"": 45.43846097380233, ""lng"": 12.332610368944955}, ""runByAssignment"": {""timestamp"": ""2025-05-29T04:38:28.315393Z"", ""assignedRunBy"": ""BasstheWhale"", ""score"": 43416.048322066636, ""components"": {""relationshipScoreWithOwner"": 4587.15, ""influence"": 0.0, ""dailyIncome"": 0.0, ""dailyTurnover"": 0.0, ""distanceToHomeM"": 2455.0, ""socialClassTier"": 3, ""isOwnerFactor"": 1, ""numBusinessesAlreadyRun_before_assign"": 2, ""baseScoreComponents"": 43416.05, ""numerator"": 130248.14, ""denominator"": 3}}}",19/5/2025 7:19am,checked,0,16/5/2025 7:54pm,6/6/2025 3:53pm,"0,0",6/6/2025 3:53pm,,,,,,
building_45.431354_12.353846,business,retail_food,market_stall,Contract Stall at Corte Morosini,polygon-1746057352428,500,model,trader4life,building_45.431354_12.353846,"{""lat"": 45.431354, ""lng"": 12.353846}",0,trader4life,415,painter_of_light,"{""position"": {""lat"": 45.431354087873274, ""lng"": 12.353845678028454}, ""WagesReasoning"": ""Market stall requires skilled worker for contract brokerage - must attract literate, trustworthy employee capable of negotiations and record-keeping. Current zero wages explain lack of workers and income."", ""runByAssignment"": {""timestamp"": ""2025-05-29T04:38:28.492913Z"", ""assignedRunBy"": ""trader4life"", ""score"": 7764.611389786527, ""components"": {""relationshipScoreWithOwner"": 0.0, ""influence"": 0.0, ""dailyIncome"": 2160.0, ""dailyTurnover"": 627.17, ""distanceToHomeM"": 846.0, ""socialClassTier"": 2, ""isOwnerFactor"": 4, ""numBusinessesAlreadyRun_before_assign"": 1, ""baseScoreComponents"": 1941.15, ""numerator"": 15529.22, ""denominator"": 2}}}",19/5/2025 7:17am,checked,0,16/5/2025 7:54pm,5/8/2026 2:46pm,"0,0",5/8/2026 2:46pm,,,,,,
building_45.430860_12.360697,business,retail_food,market_stall,Contract Stall at Calle dei Notai,polygon-1746057412398,390,model,PixelDoge,building_45.430860_12.360697,"{""lat"": 45.43086, ""lng"": 12.360697}",555,Trade4Fun,580,poet_of_the_rialto,"{""position"": {""lat"": 45.43085954815585, ""lng"": 12.360697243763068}, ""WagesReasoning"": ""Setting competitive wages to attract skilled, literate workers for contract services. This professional-level compensation reflects the specialized knowledge required for legal documentation and should draw quality employees capable of generating substantial contract fees."", ""runByAssignment"": {""timestamp"": ""2025-05-29T04:38:28.470913Z"", ""assignedRunBy"": ""Trade4Fun"", ""score"": 5090.359034384676, ""components"": {""relationshipScoreWithOwner"": 107.67, ""influence"": 0.0, ""dailyIncome"": 720.0, ""dailyTurnover"": 4040.36, ""distanceToHomeM"": 747.0, ""socialClassTier"": 2, ""isOwnerFactor"": 1, ""numBusinessesAlreadyRun_before_assign"": 1, ""baseScoreComponents"": 5090.36, ""numerator"": 10180.72, ""denominator"": 2}}}",19/5/2025 7:16am,checked,0,16/5/2025 7:54pm,7/6/2025 10:07am,"0,0",6/6/2025 10:07am,,,,,,
building_45.442660_12.324848,business,retail_food,market_stall,Contract Stall at Rio Terà del Capitello,polygon-1745879581983,500,model,EliteInvestor,building_45.442660_12.324848,"{""lat"": 45.44266, ""lng"": 12.324848}",635,BarbarigoCadet,570,ShippingMogul,"{""position"": {""lat"": 45.44265962870784, ""lng"": 12.324847840947081}, ""WagesReasoning"": ""Setting competitive wages for skilled contract documentation work. This attracts trustworthy, literate employees capable of handling sensitive legal documents and client negotiations. The amount reflects the specialized nature of the work while remaining sustainable given my financial position."", ""runByAssignment"": {""timestamp"": ""2025-05-29T04:38:28.484913Z"", ""assignedRunBy"": ""BarbarigoCadet"", ""score"": 3711.377493363025, ""components"": {""relationshipScoreWithOwner"": 0.0, ""influence"": 0.0, ""dailyIncome"": 4115.0, ""dailyTurnover"": 17483.5, ""distanceToHomeM"": 3042.0, ""socialClassTier"": 2, ""isOwnerFactor"": 1, ""numBusinessesAlreadyRun_before_assign"": 9, ""baseScoreComponents"": 18556.89, ""numerator"": 37113.77, ""denominator"": 10}}}",19/5/2025 7:13am,checked,0,16/5/2025 7:54pm,12/3/2026 6:19am,"0,0",12/3/2026 6:19am,,,,,,
building_45.439001_12.359696,business,retail_food,market_stall,Contract Stall at Rio Terà delle Madonnelle,polygon-1746057206136,430,model,BarbarigoCadet,building_45.439001_12.359696,"{""lat"": 45.439001, ""lng"": 12.359696}",580,rialto_sailor,570,greek_trader,"{""position"": {""lat"": 45.439001024656214, ""lng"": 12.35969636941379}, ""WagesReasoning"": ""Market stall for basic goods - fair wage for food vendor to handle bread, fish, and olive oil sales"", ""runByAssignment"": {""timestamp"": ""2025-05-29T04:38:28.486914Z"", ""assignedRunBy"": ""rialto_sailor"", ""score"": 3096.013242671851, ""components"": {""relationshipScoreWithOwner"": 0.0, ""influence"": 0.0, ""dailyIncome"": 4320.0, ""dailyTurnover"": 0.0, ""distanceToHomeM"": 1224.0, ""socialClassTier"": 1, ""isOwnerFactor"": 1, ""numBusinessesAlreadyRun_before_assign"": 0, ""baseScoreComponents"": 3096.01, ""numerator"": 3096.01, ""denominator"": 1}}}",19/5/2025 7:12am,checked,0,16/5/2025 7:54pm,5/8/2026 3:40pm,"0,0",5/8/2026 3:40pm,,,,,,
building_45.440938_12.319128,business,retail_food,market_stall,Contract Stall at Calle della Scuola Grande,polygon-1745879581983,500,model,DragonSlayer,building_45.440938_12.319128,"{""lat"": 45.440938, ""lng"": 12.319128}",635,SilentObserver,700,SilentObserver,"{""position"": {""lat"": 45.440938422569026, ""lng"": 12.319127898966538}, ""WagesReasoning"": ""Setting competitive wage at 12.5% of expected revenue to attract reliable workers for my contract stall operations. This wage reflects fair compensation for managing multiple product lines while maintaining healthy profit margins for business growth."", ""runByAssignment"": {""timestamp"": ""2025-05-29T04:38:28.482913Z"", ""assignedRunBy"": ""SilentObserver"", ""score"": 5176.645378851074, ""components"": {""relationshipScoreWithOwner"": 123.05, ""influence"": 0.0, ""dailyIncome"": 0.0, ""dailyTurnover"": 6755.0, ""distanceToHomeM"": 221.0, ""socialClassTier"": 2, ""isOwnerFactor"": 1, ""numBusinessesAlreadyRun_before_assign"": 2, ""baseScoreComponents"": 7764.97, ""numerator"": 15529.94, ""denominator"": 3}}}",19/5/2025 7:11am,checked,0,16/5/2025 7:54pm,9/6/2025 3:51pm,"0,0",9/6/2025 3:51pm,,,,,,
building_45.443917_12.327365,home,,artisan_s_house,Artisan's House at Ruga dei Tamisi,polygon-1746055561861,455,model,VeniceTrader88,building_45.443917_12.327365,"{""lat"": 45.443917, ""lng"": 12.327365}",1750,,1890,VeniceTrader88,"{""position"": {""lat"": 45.443917462533385, ""lng"": 12.3273645173063}}",19/5/2025 7:09am,checked,0,16/5/2025 7:54pm,13/7/2025 12:01pm,"0,0",,,,,,,
building_45.444715_12.324751,business,retail_food,bakery,Bakery at Rio Terà dei Magazzini,polygon-1746055561861,430,model,QuantumLeap,building_45.444715_12.324751,"{""lat"": 45.444715, ""lng"": 12.324751}",975,DucatsRunner,360,PhotoWizard,"{""position"": {""lat"": 45.444715081184995, ""lng"": 12.324750762237853}, ""WagesReasoning"": ""Setting competitive wages to attract skilled bakers for bread and spiced wine production. This resolves the zero wages problem and enables business operations with potential revenue of 495 ducats/hour from new contracts."", ""runByAssignment"": {""timestamp"": ""2025-05-29T04:38:28.512919Z"", ""assignedRunBy"": ""DucatsRunner"", ""score"": 3100.9203143482005, ""components"": {""relationshipScoreWithOwner"": 123.05, ""influence"": 0.0, ""dailyIncome"": 2160.0, ""dailyTurnover"": 271.97, ""distanceToHomeM"": 562.0, ""socialClassTier"": 2, ""isOwnerFactor"": 1, ""numBusinessesAlreadyRun_before_assign"": 1, ""baseScoreComponents"": 3100.92, ""numerator"": 6201.84, ""denominator"": 2}}}",19/5/2025 7:08am,checked,0,16/5/2025 7:54pm,13/6/2025 10:00am,"0,0",6/6/2025 8:33am,,,,,,
building_45.431047_12.355685,business,retail_food,bakery,Bakery at Calle del Forno,polygon-1746057352428,500,model,Debug42,building_45.431047_12.355685,"{""lat"": 45.431047, ""lng"": 12.355685}",0,Debug42,695,cyprus_trader,"{""position"": {""lat"": 45.431046968664845, ""lng"": 12.355684938881309}, ""WagesReasoning"": ""Bakery requires specialized baking skills and early morning work. Premium wage reflects craft expertise needed for bread and spiced wine production."", ""runByAssignment"": {""timestamp"": ""2025-05-29T04:38:28.466913Z"", ""assignedRunBy"": ""Zorzi77"", ""score"": 8311.81812700714, ""components"": {""relationshipScoreWithOwner"": 0.0, ""influence"": 0.0, ""dailyIncome"": 2160.0, ""dailyTurnover"": 76.07, ""distanceToHomeM"": 158.0, ""socialClassTier"": 2, ""isOwnerFactor"": 4, ""numBusinessesAlreadyRun_before_assign"": 1, ""baseScoreComponents"": 2077.95, ""numerator"": 16623.64, ""denominator"": 2}}}",19/5/2025 7:05am,checked,0,16/5/2025 7:54pm,9/6/2025 5:28pm,"0,0",9/6/2025 5:28pm,,,,,,
building_45.444378_12.329395,business,storage,small_warehouse,Small Warehouse at Fondamenta del Traghetto di San Polo,polygon-1746055561861,455,model,Italia,building_45.444378_12.329395,"{""lat"": 45.444378, ""lng"": 12.329395}",1790,VenicePhotographer,910,apulian_mariner,"{""position"": {""lat"": 45.44437756557975, ""lng"": 12.329394778427483}, ""WagesReasoning"": ""Setting fair wage for warehouse workers to attract reliable employees for inventory management and operations; conservative rate that enables business activation while managing costs"", ""runByAssignment"": {""timestamp"": ""2025-05-29T04:38:28.413402Z"", ""assignedRunBy"": ""VenicePhotographer"", ""score"": 5728.846530335136, ""components"": {""relationshipScoreWithOwner"": 0.0, ""influence"": 0.0, ""dailyIncome"": 7715.0, ""dailyTurnover"": 15435.99, ""distanceToHomeM"": 3100.0, ""socialClassTier"": 2, ""isOwnerFactor"": 1, ""numBusinessesAlreadyRun_before_assign"": 6, ""baseScoreComponents"": 20050.96, ""numerator"": 40101.93, ""denominator"": 7}}}",19/5/2025 7:00am,checked,0,16/5/2025 7:54pm,5/6/2025 5:52pm,"0,0",5/6/2025 5:52pm,,,,,,
building_45.432281_12.352012,business,retail_food,market_stall,Contract Stall at Fondamenta dei Vetrai,polygon-1746057352428,500,model,SilkRoadRunner,building_45.432281_12.352012,"{""lat"": 45.43228064421732, ""lng"": 12.35201177093807}",1200,SilkRoadRunner,955,cyprus_merchant,"{""position"": {""lat"": 45.431949617798224, ""lng"": 12.351983899149188}, ""runByAssignment"": {""timestamp"": ""2025-05-29T04:38:28.411405Z"", ""assignedRunBy"": ""SilkRoadRunner"", ""score"": 13203.071090338204, ""components"": {""relationshipScoreWithOwner"": 0.0, ""influence"": 0.0, ""dailyIncome"": 0.0, ""dailyTurnover"": 8057.97, ""distanceToHomeM"": 1456.0, ""socialClassTier"": 3, ""isOwnerFactor"": 4, ""numBusinessesAlreadyRun_before_assign"": 5, ""baseScoreComponents"": 6601.54, ""numerator"": 79218.43, ""denominator"": 6}}}",19/5/2025 6:57am,checked,0,16/5/2025 7:54pm,6/6/2025 4:42pm,"0,0",6/6/2025 4:42pm,,,,,,
building_45.442317_12.319077,business,retail_food,market_stall,Contract Stall at Calle dei Gondolieri,polygon-1745879581983,500,model,Zorzi77,building_45.442317_12.319077,"{""lat"": 45.442317, ""lng"": 12.319077}",635,DucatsRunner,750,coffee,"{""position"": {""lat"": 45.44231680568413, ""lng"": 12.319077443726268}, ""WagesReasoning"": ""Market stall requires reliable daily operation and customer service skills. Competitive wage to attract quality merchant/vendor."", ""runByAssignment"": {""timestamp"": ""2025-05-29T04:38:28.455917Z"", ""assignedRunBy"": ""DucatsRunner"", ""score"": 6120.7850410356605, ""components"": {""relationshipScoreWithOwner"": 123.05, ""influence"": 0.0, ""dailyIncome"": 2160.0, ""dailyTurnover"": 271.97, ""distanceToHomeM"": 602.0, ""socialClassTier"": 2, ""isOwnerFactor"": 1, ""numBusinessesAlreadyRun_before_assign"": 0, ""baseScoreComponents"": 3060.39, ""numerator"": 6120.79, ""denominator"": 1}}}",19/5/2025 6:43am,checked,0,16/5/2025 7:54pm,8/7/2025 12:04pm,"0,0",8/7/2025 12:04pm,,,,,,
building_45.431950_12.351984,home,,merchant_s_house,Merchant's House at Campiello dei Tagliapietra,polygon-1746057352428,500,model,GamingPatrizio,building_45.431950_12.351984,"{""lat"": 45.43195, ""lng"": 12.351984}",1340,,1572,GamingPatrizio,"{""position"": {""lat"": 45.431949617798224, ""lng"": 12.351983899149188}, ""WagesReasoning"": ""Setting competitive wage for market stall to attract reliable workers for basic commerce operations""}",19/5/2025 6:37am,checked,0,16/5/2025 7:54pm,31/5/2025 10:01pm,"0,0",,,,,,,
building_45.431863_12.354551,business,retail_food,market_stall,Contract Stall at Fondamenta della Tana,polygon-1746057352428,500,model,DesertRanger,building_45.431863_12.354551,"{""lat"": 45.431863, ""lng"": 12.354551}",635,PixelDoge,360,PixelDoge,"{""position"": {""lat"": 45.43186251728359, ""lng"": 12.354551008758031}, ""WagesReasoning"": ""Establishing competitive wages to attract reliable workers and signal serious business operations"", ""runByAssignment"": {""timestamp"": ""2025-05-29T04:38:28.508919Z"", ""assignedRunBy"": ""PixelDoge"", ""score"": 3085.3977600734233, ""components"": {""relationshipScoreWithOwner"": 108.65, ""influence"": 0.0, ""dailyIncome"": 665.0, ""dailyTurnover"": 961.8, ""distanceToHomeM"": 1171.0, ""socialClassTier"": 2, ""isOwnerFactor"": 1, ""numBusinessesAlreadyRun_before_assign"": 0, ""baseScoreComponents"": 1542.7, ""numerator"": 3085.4, ""denominator"": 1}}}",19/5/2025 6:37am,checked,0,16/5/2025 7:54pm,5/8/2026 3:40pm,"0,0",5/8/2026 3:40pm,,,,,,
building_45.441257_12.319829,business,retail_food,market_stall,Contract Stall at Calle della Carità,polygon-1745879581983,500,model,BookWorm365,building_45.441257_12.319829,"{""lat"": 45.441257068247594, ""lng"": 12.31982876123111}",635,SilentObserver,360,Nundresh,"{""position"": {""lat"": 45.44086772190522, ""lng"": 12.319731567096973}, ""runByAssignment"": {""timestamp"": ""2025-05-29T04:38:28.504921Z"", ""assignedRunBy"": ""SilentObserver"", ""score"": 3265.5125786069925, ""components"": {""relationshipScoreWithOwner"": 0.0, ""influence"": 0.0, ""dailyIncome"": 0.0, ""dailyTurnover"": 6755.0, ""distanceToHomeM"": 224.0, ""socialClassTier"": 2, ""isOwnerFactor"": 1, ""numBusinessesAlreadyRun_before_assign"": 3, ""baseScoreComponents"": 6531.03, ""numerator"": 13062.05, ""denominator"": 4}}}",19/5/2025 6:35am,checked,0,16/5/2025 7:54pm,16/6/2025 10:00am,"0,0",6/6/2025 7:57am,,,,,,
building_45.440868_12.319732,business,retail_food,market_stall,Contract Stall at Fondamenta delle Zattere,polygon-1745879581983,500,model,ShadowHunter,building_45.440868_12.319732,"{""lat"": 45.440868, ""lng"": 12.319732}",635,BankingWizard99,700,BankingWizard99,"{""position"": {""lat"": 45.44086772190522, ""lng"": 12.319731567096973}, ""WagesReasoning"": ""Setting competitive wage to attract skilled workers for currently vacant market stall. 100 ducats provides fair compensation for Popolani-class workers while demonstrating commitment to professional operations."", ""runByAssignment"": {""timestamp"": ""2025-05-29T04:38:28.444913Z"", ""assignedRunBy"": ""BankingWizard99"", ""score"": 4580.177531160733, ""components"": {""relationshipScoreWithOwner"": 0.0, ""influence"": 0.0, ""dailyIncome"": 0.0, ""dailyTurnover"": 5545.0, ""distanceToHomeM"": 965.0, ""socialClassTier"": 2, ""isOwnerFactor"": 1, ""numBusinessesAlreadyRun_before_assign"": 1, ""baseScoreComponents"": 4580.18, ""numerator"": 9160.36, ""denominator"": 2}}}",19/5/2025 6:35am,checked,0,16/5/2025 7:54pm,9/6/2025 8:13pm,"0,0",9/6/2025 8:13pm,,,,,,
building_45.431358_12.354453,business,retail_food,market_stall,Contract Stall at Rio Terà dei Scudi,polygon-1746057352428,500,model,ShippingMogul,building_45.431358_12.354453,"{""lat"": 45.431358, ""lng"": 12.354453}",635,Debug42,700,UrbanExplorer,"{""position"": {""lat"": 45.431358218251304, ""lng"": 12.354452718197173}, ""runByAssignment"": {""timestamp"": ""2025-05-29T04:38:28.464915Z"", ""assignedRunBy"": ""Zorzi77"", ""score"": 6432.4198425937275, ""components"": {""relationshipScoreWithOwner"": 123.05, ""influence"": 0.0, ""dailyIncome"": 2160.0, ""dailyTurnover"": 76.07, ""distanceToHomeM"": 250.0, ""socialClassTier"": 2, ""isOwnerFactor"": 1, ""numBusinessesAlreadyRun_before_assign"": 0, ""baseScoreComponents"": 3216.21, ""numerator"": 6432.42, ""denominator"": 1}}}",19/5/2025 6:33am,checked,0,16/5/2025 7:54pm,8/7/2025 5:59pm,"0,0",8/7/2025 5:59pm,,,,,,
building_45.433843_12.351232,business,,broker_s_office,Broker's Office at Calle dei Cinque Savi,polygon-1746057275948,430,model,Italia,building_45.433843_12.351232,"{""lat"": 45.433843, ""lng"": 12.351232}",1355,Trade4Fun,715,gondola_assistant1,"{""position"": {""lat"": 45.43384311808995, ""lng"": 12.351231703880167}, ""WagesReasoning"": ""Setting competitive wage for broker's office to attract skilled financial professionals; positioned at lower-middle market range to balance attractiveness with current negative income situation"", ""runByAssignment"": {""timestamp"": ""2025-05-29T04:38:28.417913Z"", ""assignedRunBy"": ""Trade4Fun"", ""score"": 6582.093585533583, ""components"": {""relationshipScoreWithOwner"": 0.0, ""influence"": 0.0, ""dailyIncome"": 720.0, ""dailyTurnover"": 4040.36, ""distanceToHomeM"": 1469.0, ""socialClassTier"": 2, ""isOwnerFactor"": 1, ""numBusinessesAlreadyRun_before_assign"": 0, ""baseScoreComponents"": 3291.05, ""numerator"": 6582.09, ""denominator"": 1}}}",19/5/2025 6:32am,checked,0,16/5/2025 7:54pm,6/6/2025 11:42am,"0,0",6/6/2025 11:42am,,,,,,
building_45.441323_12.319201,business,,bottega,Bottega at Fondamenta del Soccorso,polygon-1745879581983,500,model,SilkRoadRunner,building_45.441323_12.319201,"{""lat"": 45.441323, ""lng"": 12.319201}",2400,SilkRoadRunner,1915,Feola007,"{""position"": {""lat"": 45.441322891682304, ""lng"": 12.319200594785658}, ""WagesReasoning"": ""Establishing appropriate wage for bottega to attract skilled artisans for workshop/retail operations"", ""runByAssignment"": {""timestamp"": ""2025-05-29T04:38:28.324397Z"", ""assignedRunBy"": ""SilkRoadRunner"", ""score"": 40509.16112873338, ""components"": {""relationshipScoreWithOwner"": 0.0, ""influence"": 0.0, ""dailyIncome"": 0.0, ""dailyTurnover"": 8057.97, ""distanceToHomeM"": 1306.0, ""socialClassTier"": 3, ""isOwnerFactor"": 4, ""numBusinessesAlreadyRun_before_assign"": 1, ""baseScoreComponents"": 6751.53, ""numerator"": 81018.32, ""denominator"": 2}}}",19/5/2025 6:31am,checked,0,16/5/2025 7:54pm,5/6/2025 4:53pm,"0,0",5/6/2025 4:53pm,,,,,,
building_45.444326_12.328722,business,retail_food,market_stall,Contract Stall at Calle della Pasticceria,polygon-1746055561861,430,model,ProSilkTrader,building_45.444326_12.328722,"{""lat"": 45.444326, ""lng"": 12.328722}",580,TravelBug23,700,VeniceTrader88,"{""position"": {""lat"": 45.444326059244226, ""lng"": 12.32872202558183}, ""WagesReasoning"": ""Setting competitive wage to attract reliable Popolani workers for my Castello market stall. 60 ducats provides fair compensation while remaining sustainable during business growth phase."", ""runByAssignment"": {""timestamp"": ""2025-05-29T04:38:28.431918Z"", ""assignedRunBy"": ""TravelBug23"", ""score"": 4726.536512349473, ""components"": {""relationshipScoreWithOwner"": 0.0, ""influence"": 0.0, ""dailyIncome"": 720.0, ""dailyTurnover"": 7020.0, ""distanceToHomeM"": 650.0, ""socialClassTier"": 2, ""isOwnerFactor"": 1, ""numBusinessesAlreadyRun_before_assign"": 2, ""baseScoreComponents"": 7089.8, ""numerator"": 14179.61, ""denominator"": 3}}}",19/5/2025 6:28am,checked,0,16/5/2025 7:54pm,7/7/2025 7:10pm,"0,0",7/7/2025 7:10pm,,,,,,
building_45.430977_12.354557,business,retail_food,market_stall,Contract Stall at Calle dei Balestrieri,polygon-1746057352428,500,model,ProSilkTrader,building_45.430977_12.354557,"{""lat"": 45.430977, ""lng"": 12.354557}",635,TechnoMedici,880,TechnoMedici,"{""position"": {""lat"": 45.4309767055219, ""lng"": 12.354557060141058}, ""WagesReasoning"": ""Establishing attractive wage for San Polo market stall to draw quality employees. Consistent 60 ducat rate across both locations ensures fair treatment and helps build positive reputation as employer."", ""runByAssignment"": {""timestamp"": ""2025-05-29T04:38:28.453919Z"", ""assignedRunBy"": ""TechnoMedici"", ""score"": 4934.147273815609, ""components"": {""relationshipScoreWithOwner"": 0.0, ""influence"": 0.0, ""dailyIncome"": 0.0, ""dailyTurnover"": 15025.0, ""distanceToHomeM"": 223.0, ""socialClassTier"": 3, ""isOwnerFactor"": 1, ""numBusinessesAlreadyRun_before_assign"": 8, ""baseScoreComponents"": 14802.44, ""numerator"": 44407.33, ""denominator"": 9}}}",19/5/2025 3:47am,checked,0,16/5/2025 7:54pm,9/6/2025 9:04pm,"0,0",9/6/2025 9:04pm,,,,,,
canal_45.438996_12.349170,business,,public_dock,Public Dock at Fondamenta dei Camerlenghi,polygon-1746056493504,500,model,ConsiglioDeiDieci,canal_45.438996_12.349170,"{""lat"": 45.438996, ""lng"": 12.34917}",1650,GamingPatrizio,1255,BlueSkySurfer,"{""runByAssignment"": {""timestamp"": ""2025-05-29T04:38:28.388397Z"", ""assignedRunBy"": ""GamingPatrizio"", ""score"": 9021.737948551447, ""components"": {""relationshipScoreWithOwner"": 166.09, ""influence"": 0.0, ""dailyIncome"": 0.0, ""dailyTurnover"": 2160.0, ""distanceToHomeM"": 814.0, ""socialClassTier"": 3, ""isOwnerFactor"": 1, ""numBusinessesAlreadyRun_before_assign"": 0, ""baseScoreComponents"": 3007.25, ""numerator"": 9021.74, ""denominator"": 1}}}",16/5/2025 2:11am,checked,0,16/5/2025 7:54pm,5/8/2026 2:33pm,"0,0",5/8/2026 2:33pm,,,,,,
canal_45.430963_12.331665,business,,public_dock,Public Dock at Fondamenta dei Lanaioli,polygon-1745878962632,500,model,ConsiglioDeiDieci,canal_45.430963_12.331665,"{""lat"": 45.43096287044531, ""lng"": 12.331665470707787}",2100,TechnoMedici,1670,QuantumLeap,"{""runByAssignment"": {""timestamp"": ""2025-05-29T04:38:28.347397Z"", ""assignedRunBy"": ""TechnoMedici"", ""score"": 13758.475780845729, ""components"": {""relationshipScoreWithOwner"": 71.84, ""influence"": 0.0, ""dailyIncome"": 0.0, ""dailyTurnover"": 15025.0, ""distanceToHomeM"": 1985.0, ""socialClassTier"": 3, ""isOwnerFactor"": 1, ""numBusinessesAlreadyRun_before_assign"": 2, ""baseScoreComponents"": 13758.48, ""numerator"": 41275.43, ""denominator"": 3}}}",16/5/2025 2:11am,checked,0,16/5/2025 7:54pm,5/6/2025 3:48pm,"0,0",5/6/2025 3:48pm,,,,,,
canal_45.444689_12.336473,business,,public_dock,Public Dock at Riva dei Guaritori,polygon-1746055928225,500,model,ConsiglioDeiDieci,canal_45.444689_12.336473,"{""lat"": 45.444689, ""lng"": 12.336473}",1650,TechnoMedici,1255,StormRider,"{""runByAssignment"": {""timestamp"": ""2025-05-29T04:38:28.374397Z"", ""assignedRunBy"": ""TechnoMedici"", ""score"": 8159.98615905717, ""components"": {""relationshipScoreWithOwner"": 71.84, ""influence"": 0.0, ""dailyIncome"": 0.0, ""dailyTurnover"": 15025.0, ""distanceToHomeM"": 2143.0, ""socialClassTier"": 3, ""isOwnerFactor"": 1, ""numBusinessesAlreadyRun_before_assign"": 4, ""baseScoreComponents"": 13599.98, ""numerator"": 40799.93, ""denominator"": 5}}}",16/5/2025 2:11am,checked,0,16/5/2025 7:54pm,6/6/2025 6:00pm,"0,0",6/6/2025 6:00pm,,,,,,
canal_45.427485_12.340001,business,,public_dock,Public Dock at Fondamenta dei Burattini,polygon-1746052711032,500,model,ConsiglioDeiDieci,canal_45.427485_12.340001,"{""lat"": 45.427485, ""lng"": 12.340001}",2100,VenicePhotographer,1670,trader4life,"{""runByAssignment"": {""timestamp"": ""2025-05-29T04:38:28.328397Z"", ""assignedRunBy"": ""VenicePhotographer"", ""score"": 21361.744717542926, ""components"": {""relationshipScoreWithOwner"": 0.0, ""influence"": 0.0, ""dailyIncome"": 7715.0, ""dailyTurnover"": 15435.99, ""distanceToHomeM"": 1789.0, ""socialClassTier"": 2, ""isOwnerFactor"": 1, ""numBusinessesAlreadyRun_before_assign"": 1, ""baseScoreComponents"": 21361.74, ""numerator"": 42723.49, ""denominator"": 2}}}",16/5/2025 2:11am,checked,0,16/5/2025 7:54pm,12/3/2026 6:03am,"0,0",12/3/2026 6:03am,,,,,,
canal_45.436433_12.333443,business,,public_dock,Public Dock at Riva dei Fcitizeni,polygon-1746072967949,500,model,ConsiglioDeiDieci,canal_45.436433_12.333443,"{""lat"": 45.43643296568505, ""lng"": 12.333442514840831}",1650,Feola007,1540,SpiceHunter420,"{""WagesReasoning"": ""Gondola station - reduced from 75 to align with standardized transportation wages"", ""runByAssignment"": {""timestamp"": ""2025-05-29T04:38:28.370401Z"", ""assignedRunBy"": ""Feola007"", ""score"": 9986.08489948108, ""components"": {""relationshipScoreWithOwner"": 71.61, ""influence"": 0.0, ""dailyIncome"": 2470.0, ""dailyTurnover"": 232.85, ""distanceToHomeM"": 90.0, ""socialClassTier"": 3, ""isOwnerFactor"": 1, ""numBusinessesAlreadyRun_before_assign"": 0, ""baseScoreComponents"": 3328.69, ""numerator"": 9986.08, ""denominator"": 1}}}",16/5/2025 2:11am,checked,0,16/5/2025 7:54pm,5/8/2026 2:52pm,"0,0",5/8/2026 2:52pm,,,,,,
canal_45.430345_12.353923,business,,public_dock,Public Dock at Riva di Santa Maria Formosa Piccola,polygon-1746057352428,500,model,ConsiglioDeiDieci,canal_45.430345_12.353923,"{""lat"": 45.430345, ""lng"": 12.353923}",2100,BarbarigoCadet,1670,LagoonDealer2025,"{""runByAssignment"": {""timestamp"": ""2025-05-29T04:38:28.331398Z"", ""assignedRunBy"": ""BarbarigoCadet"", ""score"": 21594.910487910034, ""components"": {""relationshipScoreWithOwner"": 39.93, ""influence"": 0.0, ""dailyIncome"": 4115.0, ""dailyTurnover"": 17483.5, ""distanceToHomeM"": 403.0, ""socialClassTier"": 2, ""isOwnerFactor"": 1, ""numBusinessesAlreadyRun_before_assign"": 1, ""baseScoreComponents"": 21594.91, ""numerator"": 43189.82, ""denominator"": 2}}}",16/5/2025 2:11am,checked,0,16/5/2025 7:54pm,12/3/2026 10:11am,"0,0",12/3/2026 10:11am,,,,,,
canal_45.428463_12.331152,business,,public_dock,Public Dock at Fondamenta dei Orafi,polygon-1745878927349,500,model,ConsiglioDeiDieci,canal_45.428463_12.331152,"{""lat"": 45.428463, ""lng"": 12.331152}",2100,BasstheWhale,2050,DragonSlayer,"{""runByAssignment"": {""timestamp"": ""2025-05-29T04:38:28.326397Z"", ""assignedRunBy"": ""BasstheWhale"", ""score"": 21803.421594879128, ""components"": {""relationshipScoreWithOwner"": 4587.15, ""influence"": 0.0, ""dailyIncome"": 0.0, ""dailyTurnover"": 0.0, ""distanceToHomeM"": 2265.0, ""socialClassTier"": 3, ""isOwnerFactor"": 1, ""numBusinessesAlreadyRun_before_assign"": 5, ""baseScoreComponents"": 43606.84, ""numerator"": 130820.53, ""denominator"": 6}}}",16/5/2025 2:11am,checked,0,16/5/2025 7:54pm,12/3/2026 7:11am,"0,0",12/3/2026 7:11am,,,,,,
canal_45.429305_12.355836,business,,public_dock,Public Dock at Fondamenta dei Comparetti,polygon-1746057372815,500,model,ConsiglioDeiDieci,canal_45.429305_12.355836,"{""lat"": 45.429305, ""lng"": 12.355836}",1650,ItalyMerchant,1255,MariaDolfin,"{""runByAssignment"": {""timestamp"": ""2025-05-29T04:38:28.372398Z"", ""assignedRunBy"": ""ItalyMerchant"", ""score"": 11504.541133885112, ""components"": {""relationshipScoreWithOwner"": 72.59, ""influence"": 0.0, ""dailyIncome"": 0.0, ""dailyTurnover"": 5135.0, ""distanceToHomeM"": 109.0, ""socialClassTier"": 2, ""isOwnerFactor"": 1, ""numBusinessesAlreadyRun_before_assign"": 0, ""baseScoreComponents"": 5752.27, ""numerator"": 11504.54, ""denominator"": 1}}}",16/5/2025 2:11am,checked,0,16/5/2025 7:54pm,12/3/2026 6:06am,"0,0",12/3/2026 6:06am,,,,,,
canal_45.445546_12.334765,business,,public_dock,Public Dock at Riva dei Vinattieri,polygon-1746055693144,500,model,ConsiglioDeiDieci,canal_45.445546_12.334765,"{""lat"": 45.445546, ""lng"": 12.334765}",1650,NLR,1465,NLR,"{""runByAssignment"": {""timestamp"": ""2025-05-29T04:38:28.399399Z"", ""assignedRunBy"": ""NLR"", ""score"": 7716.828126349386, ""components"": {""relationshipScoreWithOwner"": 310.16, ""influence"": 0.0, ""dailyIncome"": 0.0, ""dailyTurnover"": 0.0, ""distanceToHomeM"": 529.0, ""socialClassTier"": 3, ""isOwnerFactor"": 1, ""numBusinessesAlreadyRun_before_assign"": 0, ""baseScoreComponents"": 2572.28, ""numerator"": 7716.83, ""denominator"": 1}}}",16/5/2025 2:11am,checked,0,16/5/2025 7:54pm,5/8/2026 2:44pm,"0,0",5/8/2026 2:44pm,,,,,,
bridge_45.435333_12.356371,bridge,bridge,bridge,Bridge at Ponte del Figareto,polygon-1746057291098,500,model,ConsiglioDeiDieci,bridge_45.435333_12.356371,"{""lat"": 45.435333, ""lng"": 12.356371}",0,,0,,,16/5/2025 2:10am,checked,0,16/5/2025 7:54pm,29/5/2025 5:49am,"1,6",,,,,,,
bridge_45.439323_12.333208,bridge,bridge,bridge,Bridge at Ponte della Botta,polygon-1746072933644,500,model,ConsiglioDeiDieci,bridge_45.439323_12.333208,"{""lat"": 45.439323, ""lng"": 12.333208}",0,,0,,,16/5/2025 2:10am,checked,0,16/5/2025 7:54pm,29/5/2025 5:49am,"0,8",,,,,,,
bridge_45.424854_12.326923,bridge,bridge,bridge,Bridge at Ponte di San Rocco,polygon-1746052755300,500,model,ConsiglioDeiDieci,bridge_45.424854_12.326923,"{""lat"": 45.424854, ""lng"": 12.326923}",0,,0,,,16/5/2025 2:10am,checked,0,16/5/2025 7:54pm,29/5/2025 5:49am,"5,0",,,,,,,
bridge_45.437072_12.341708,bridge,bridge,bridge,Bridge at Ponte delle Coronelle,polygon-1746056403060,500,model,ConsiglioDeiDieci,bridge_45.437072_12.341708,"{""lat"": 45.437072241074034, ""lng"": 12.341707590074726}",0,,0,,,16/5/2025 2:10am,checked,0,16/5/2025 7:54pm,29/5/2025 5:49am,"0,0",,,,,,,
bridge_45.435066_12.357300,bridge,bridge,bridge,Bridge at Ponte di San Zulian,polygon-1746057305470,500,model,ConsiglioDeiDieci,bridge_45.435066_12.357300,"{""lat"": 45.435066, ""lng"": 12.3573}",0,,0,,,16/5/2025 2:10am,checked,0,16/5/2025 7:54pm,29/5/2025 5:49am,"5,9",,,,,,,
bridge_45.424441_12.333644,bridge,bridge,bridge,Bridge at Ponte dei Granai,polygon-1746052711032,500,model,ConsiglioDeiDieci,bridge_45.424441_12.333644,"{""lat"": 45.424441, ""lng"": 12.333644}",0,,0,,,16/5/2025 2:10am,checked,0,16/5/2025 7:54pm,29/5/2025 5:49am,"0,1",,,,,,,
bridge_45.437639_12.322852,bridge,bridge,bridge,Bridge at Ponte dei Tessitori,polygon-1745879354937,500,model,ConsiglioDeiDieci,bridge_45.437639_12.322852,"{""lat"": 45.437639, ""lng"": 12.322852}",0,,0,,,16/5/2025 2:10am,checked,0,16/5/2025 7:54pm,29/5/2025 5:49am,"0,0",,,,,,,
bridge_45.436774_12.327933,bridge,bridge,bridge,Bridge at Ponte dei Canovai,polygon-1746072737712,500,model,ConsiglioDeiDieci,bridge_45.436774_12.327933,"{""lat"": 45.436774, ""lng"": 12.327933}",0,,0,,,16/5/2025 2:10am,checked,0,16/5/2025 7:54pm,29/5/2025 5:49am,"6,0",,,,,,,
bridge_45.436508_12.338397,bridge,bridge,bridge,Bridge at Ponte dei Virtuosi,polygon-1746056319492,500,model,ConsiglioDeiDieci,bridge_45.436508_12.338397,"{""lat"": 45.436508, ""lng"": 12.338397}",0,,0,,,16/5/2025 2:10am,checked,0,16/5/2025 7:54pm,29/5/2025 5:49am,"1,6",,,,,,,
bridge_45.430458_12.356510,bridge,bridge,bridge,Bridge at Ponte della Croce,polygon-1746057372815,500,model,ConsiglioDeiDieci,bridge_45.430458_12.356510,"{""lat"": 45.430458, ""lng"": 12.35651}",0,,0,,,16/5/2025 2:10am,checked,0,16/5/2025 7:54pm,29/5/2025 5:49am,"1,1",,,,,,,
bridge_45.433055_12.331162,bridge,bridge,bridge,Bridge at Ponte dei Tessitori di Lino,polygon-1746056711688,500,model,ConsiglioDeiDieci,bridge_45.433055_12.331162,"{""lat"": 45.433055, ""lng"": 12.331162}",0,,0,,,15/5/2025 9:37pm,checked,0,16/5/2025 7:54pm,29/5/2025 5:49am,"0,3",,,,,,,
bridge_45.442947_12.331401,bridge,bridge,bridge,Bridge at Ponte della Toletta Vecchia,polygon-1746055877827,500,model,ConsiglioDeiDieci,bridge_45.442947_12.331401,"{""lat"": 45.442947, ""lng"": 12.331401}",0,,0,,,15/5/2025 9:37pm,checked,0,16/5/2025 7:54pm,29/5/2025 5:49am,"5,7",,,,,,,
bridge_45.437103_12.323849,bridge,bridge,bridge,Bridge at Ponte dei Soranzo,polygon-1746072707138,500,model,ConsiglioDeiDieci,bridge_45.437103_12.323849,"{""lat"": 45.437103, ""lng"": 12.323849}",0,,0,,,15/5/2025 9:37pm,checked,0,16/5/2025 7:54pm,29/5/2025 5:49am,"5,4",,,,,,,
bridge_45.438895_12.346000,bridge,bridge,bridge,Bridge at Ponte della Basilica,polygon-1746056493504,500,model,ConsiglioDeiDieci,bridge_45.438895_12.346000,"{""lat"": 45.438895, ""lng"": 12.346}",0,,0,,,15/5/2025 9:37pm,checked,0,16/5/2025 7:54pm,29/5/2025 5:49am,"0,3",,,,,,,
bridge_45.437085_12.340589,bridge,bridge,bridge,Bridge at Ponte dei Bombaser,polygon-1746056244077,500,model,ConsiglioDeiDieci,bridge_45.437085_12.340589,"{""lat"": 45.437085, ""lng"": 12.340589}",0,,0,,,15/5/2025 9:37pm,checked,0,16/5/2025 7:54pm,29/5/2025 5:49am,"5,8",,,,,,,
bridge_45.426411_12.314374,bridge,bridge,bridge,Bridge at Ponte della Sacca,polygon-1746052823189,500,model,ConsiglioDeiDieci,bridge_45.426411_12.314374,"{""lat"": 45.426411, ""lng"": 12.314374}",0,,0,,,15/5/2025 9:37pm,checked,0,16/5/2025 7:54pm,29/5/2025 5:49am,"0,0",,,,,,,
bridge_45.438206_12.343499,bridge,bridge,bridge,Bridge at Ponte delle Scuole,polygon-1746056196666,500,model,ConsiglioDeiDieci,bridge_45.438206_12.343499,"{""lat"": 45.438206, ""lng"": 12.343499}",0,,0,,,15/5/2025 9:37pm,checked,0,16/5/2025 7:54pm,29/5/2025 5:49am,"1,7",,,,,,,
bridge_45.435553_12.346142,bridge,bridge,bridge,Bridge at Ponte dei Vetrari,polygon-1746056974299,500,model,ConsiglioDeiDieci,bridge_45.435553_12.346142,"{""lat"": 45.435553, ""lng"": 12.346142}",0,,0,,,15/5/2025 9:37pm,checked,0,16/5/2025 7:54pm,29/5/2025 5:49am,"6,2",,,,,,,
bridge_45.430492_12.325140,bridge,bridge,bridge,Bridge at Ponte dei Spezieri,polygon-1745879036720,500,model,ConsiglioDeiDieci,bridge_45.430492_12.325140,"{""lat"": 45.430492, ""lng"": 12.32514}",0,,0,,,15/5/2025 9:37pm,checked,0,16/5/2025 7:54pm,29/5/2025 5:49am,"5,1",,,,,,,
bridge_45.434497_12.337708,bridge,bridge,bridge,Bridge at Ponte della Zecca,polygon-1746056619863,500,model,ConsiglioDeiDieci,bridge_45.434497_12.337708,"{""lat"": 45.434497, ""lng"": 12.337708}",0,,0,,,15/5/2025 9:37pm,checked,0,16/5/2025 7:54pm,29/5/2025 5:49am,"1,1",,,,,,,
canal_45.425862_12.360034,business,,public_dock,Public Dock at Riva dei Benefattori,polygon-1746057412398,470,model,ConsiglioDeiDieci,canal_45.425862_12.360034,"{""lat"": 45.425862, ""lng"": 12.360034}",2070,VenicePhotographer,1670,PixelNinja,"{""runByAssignment"": {""timestamp"": ""2025-05-29T04:38:28.343398Z"", ""assignedRunBy"": ""VenicePhotographer"", ""score"": 15143.49862962335, ""components"": {""relationshipScoreWithOwner"": 0.0, ""influence"": 0.0, ""dailyIncome"": 7715.0, ""dailyTurnover"": 15435.99, ""distanceToHomeM"": 436.0, ""socialClassTier"": 2, ""isOwnerFactor"": 1, ""numBusinessesAlreadyRun_before_assign"": 2, ""baseScoreComponents"": 22715.25, ""numerator"": 45430.5, ""denominator"": 3}}}",15/5/2025 9:28pm,checked,0,16/5/2025 7:54pm,5/6/2025 5:08pm,"0,0",5/6/2025 5:08pm,,,,,,
canal_45.440596_12.321487,business,,public_dock,Public Dock at Fondamenta degli Intagliatori,polygon-1745879581983,500,model,ConsiglioDeiDieci,canal_45.440596_12.321487,"{""lat"": 45.440596, ""lng"": 12.321487}",2100,TravelBug23,1670,VenetianBoss,"{""runByAssignment"": {""timestamp"": ""2025-05-29T04:38:28.340397Z"", ""assignedRunBy"": ""TravelBug23"", ""score"": 15374.838481213304, ""components"": {""relationshipScoreWithOwner"": 0.0, ""influence"": 0.0, ""dailyIncome"": 720.0, ""dailyTurnover"": 7020.0, ""distanceToHomeM"": 53.0, ""socialClassTier"": 2, ""isOwnerFactor"": 1, ""numBusinessesAlreadyRun_before_assign"": 0, ""baseScoreComponents"": 7687.42, ""numerator"": 15374.84, ""denominator"": 1}}}",15/5/2025 9:28pm,checked,0,16/5/2025 7:54pm,5/8/2026 2:33pm,"0,0",5/8/2026 2:33pm,,,,,,
canal_45.423157_12.331755,business,,public_dock,Public Dock at Riva degli Scalpellini,polygon-1746052735791,500,model,ConsiglioDeiDieci,canal_45.423157_12.331755,"{""lat"": 45.423157, ""lng"": 12.331755}",1650,SilkRoadRunner,1255,ZenGiovane,"{""runByAssignment"": {""timestamp"": ""2025-05-29T04:38:28.368397Z"", ""assignedRunBy"": ""SilkRoadRunner"", ""score"": 8939.470918584182, ""components"": {""relationshipScoreWithOwner"": 529.62, ""influence"": 0.0, ""dailyIncome"": 0.0, ""dailyTurnover"": 8057.97, ""distanceToHomeM"": 1435.0, ""socialClassTier"": 3, ""isOwnerFactor"": 1, ""numBusinessesAlreadyRun_before_assign"": 3, ""baseScoreComponents"": 11919.29, ""numerator"": 35757.88, ""denominator"": 4}}}",15/5/2025 9:28pm,checked,0,16/5/2025 7:54pm,6/6/2025 11:07am,"0,0",6/6/2025 11:07am,,,,,,
canal_45.436581_12.314014,business,,public_dock,Public Dock at Riva dei Tabacchi,polygon-1745879206602,500,model,ConsiglioDeiDieci,canal_45.436581_12.314014,"{""lat"": 45.436581, ""lng"": 12.314014}",1650,BankingWizard99,1255,Foscari_Banker,"{""runByAssignment"": {""timestamp"": ""2025-05-29T04:38:28.358397Z"", ""assignedRunBy"": ""BankingWizard99"", ""score"": 11895.42568561971, ""components"": {""relationshipScoreWithOwner"": 71.88, ""influence"": 0.0, ""dailyIncome"": 0.0, ""dailyTurnover"": 5545.0, ""distanceToHomeM"": 316.0, ""socialClassTier"": 2, ""isOwnerFactor"": 1, ""numBusinessesAlreadyRun_before_assign"": 0, ""baseScoreComponents"": 5947.71, ""numerator"": 11895.43, ""denominator"": 1}}}",15/5/2025 9:28pm,checked,0,16/5/2025 7:54pm,5/2/2026 9:02am,"0,0",5/2/2026 9:02am,,,,,,
canal_45.431139_12.317924,business,,public_dock,Public Dock at Fondamenta delle Specchiere,polygon-1745879165953,500,model,ConsiglioDeiDieci,canal_45.431139_12.317924,"{""lat"": 45.431139, ""lng"": 12.317924}",1650,TechnoMedici,1255,BigMike,"{""runByAssignment"": {""timestamp"": ""2025-05-29T04:38:28.362397Z"", ""assignedRunBy"": ""TechnoMedici"", ""score"": 9515.88709428187, ""components"": {""relationshipScoreWithOwner"": 71.84, ""influence"": 0.0, ""dailyIncome"": 0.0, ""dailyTurnover"": 15025.0, ""distanceToHomeM"": 3056.0, ""socialClassTier"": 3, ""isOwnerFactor"": 1, ""numBusinessesAlreadyRun_before_assign"": 3, ""baseScoreComponents"": 12687.85, ""numerator"": 38063.55, ""denominator"": 4}}}",15/5/2025 9:28pm,checked,0,16/5/2025 7:54pm,5/8/2026 2:49pm,"0,0",5/8/2026 2:49pm,,,,,,
canal_45.431743_12.334309,business,,public_dock,Public Dock at Riva del Ridotto,polygon-1746056790924,500,model,ConsiglioDeiDieci,canal_45.431743_12.334309,"{""lat"": 45.43174268506016, ""lng"": 12.334309130289594}",2100,BarbarigoCadet,1670,DucalePalace,"{""runByAssignment"": {""timestamp"": ""2025-05-29T04:38:28.351397Z"", ""assignedRunBy"": ""BarbarigoCadet"", ""score"": 13421.259804253183, ""components"": {""relationshipScoreWithOwner"": 39.93, ""influence"": 0.0, ""dailyIncome"": 4115.0, ""dailyTurnover"": 17483.5, ""distanceToHomeM"": 1866.0, ""socialClassTier"": 2, ""isOwnerFactor"": 1, ""numBusinessesAlreadyRun_before_assign"": 2, ""baseScoreComponents"": 20131.89, ""numerator"": 40263.78, ""denominator"": 3}}}",15/5/2025 9:28pm,checked,0,16/5/2025 7:54pm,5/6/2025 3:53pm,"0,0",5/6/2025 3:53pm,,,,,,
canal_45.439346_12.318219,business,,public_dock,Public Dock at Fondamenta della Misericordia,polygon-1745879292558,500,model,ConsiglioDeiDieci,canal_45.439346_12.318219,"{""lat"": 45.439346, ""lng"": 12.318219}",1650,TravelBug23,1255,CannaregioPaolo,"{""runByAssignment"": {""timestamp"": ""2025-05-29T04:38:28.395397Z"", ""assignedRunBy"": ""TravelBug23"", ""score"": 7400.949763909549, ""components"": {""relationshipScoreWithOwner"": 0.0, ""influence"": 0.0, ""dailyIncome"": 720.0, ""dailyTurnover"": 7020.0, ""distanceToHomeM"": 339.0, ""socialClassTier"": 2, ""isOwnerFactor"": 1, ""numBusinessesAlreadyRun_before_assign"": 1, ""baseScoreComponents"": 7400.95, ""numerator"": 14801.9, ""denominator"": 2}}}",15/5/2025 9:28pm,checked,0,16/5/2025 7:54pm,6/6/2025 9:08am,"0,0",6/6/2025 9:08am,,,,,,
bridge_45.445211_12.319985,bridge,bridge,bridge,Bridge at Ponte dei Falconieri,polygon-1746055488132,500,model,ConsiglioDeiDieci,bridge_45.445211_12.319985,"{""lat"": 45.445211, ""lng"": 12.319985}",0,,0,,,15/5/2025 9:28pm,checked,0,16/5/2025 7:54pm,29/5/2025 5:49am,"0,7",,,,,,,
bridge_45.442717_12.331760,bridge,bridge,bridge,Bridge at Ponte dei Remeri,polygon-1746055877827,500,model,ConsiglioDeiDieci,bridge_45.442717_12.331760,"{""lat"": 45.442717, ""lng"": 12.33176}",0,,0,,,15/5/2025 9:28pm,checked,0,16/5/2025 7:54pm,29/5/2025 5:49am,"5,7",,,,,,,
bridge_45.430557_12.356526,bridge,bridge,bridge,Bridge at Ponte dell'Arsenale Vecchio,polygon-1746057352428,500,model,ConsiglioDeiDieci,bridge_45.430557_12.356526,"{""lat"": 45.430557, ""lng"": 12.356526}",0,,0,,,15/5/2025 9:28pm,checked,0,16/5/2025 7:54pm,29/5/2025 5:49am,"4,3",,,,,,,
bridge_45.446417_12.324347,bridge,bridge,bridge,Bridge at Ponte di San Moisè,polygon-1746055595653,500,model,ConsiglioDeiDieci,bridge_45.446417_12.324347,"{""lat"": 45.446417, ""lng"": 12.324347}",0,,0,,,15/5/2025 9:28pm,checked,0,16/5/2025 7:54pm,29/5/2025 5:49am,"5,1",,,,,,,
bridge_45.433090_12.324158,bridge,bridge,bridge,Bridge at Ponte dei Barnabiti,polygon-1745879086976,500,model,ConsiglioDeiDieci,bridge_45.433090_12.324158,"{""lat"": 45.43309, ""lng"": 12.324158}",0,,0,,,15/5/2025 9:28pm,checked,0,16/5/2025 7:54pm,29/5/2025 5:49am,"4,5",,,,,,,
bridge_45.430216_12.359420,bridge,bridge,bridge,Bridge at Ponte dei Vascellari,polygon-1746057372815,500,model,ConsiglioDeiDieci,bridge_45.430216_12.359420,"{""lat"": 45.430216, ""lng"": 12.35942}",0,,0,,,15/5/2025 9:28pm,checked,0,16/5/2025 7:54pm,29/5/2025 5:49am,"6,2",,,,,,,
bridge_45.437073_12.341753,bridge,bridge,bridge,Bridge at Ponte dei Camerlenghi,polygon-1746056403060,500,model,ConsiglioDeiDieci,bridge_45.437073_12.341753,"{""lat"": 45.437073, ""lng"": 12.341753}",0,,0,,,15/5/2025 9:28pm,checked,0,16/5/2025 7:54pm,29/5/2025 5:49am,"0,8",,,,,,,
bridge_45.443954_12.332098,bridge,bridge,bridge,Bridge at Ponte dei Fabbri Navali,polygon-1746055771007,500,model,ConsiglioDeiDieci,bridge_45.443954_12.332098,"{""lat"": 45.443954, ""lng"": 12.332098}",0,,0,,,15/5/2025 9:28pm,checked,0,16/5/2025 7:54pm,29/5/2025 5:49am,"0,0",,,,,,,
bridge_45.440856_12.331113,bridge,bridge,bridge,Bridge at Ponte dei Tintori di San Polo,polygon-1746072892556,500,model,ConsiglioDeiDieci,bridge_45.440856_12.331113,"{""lat"": 45.440856, ""lng"": 12.331113}",0,,0,,,15/5/2025 9:28pm,checked,0,16/5/2025 7:54pm,29/5/2025 5:49am,"0,7",,,,,,,
bridge_45.438545_12.325573,bridge,bridge,bridge,Bridge at Ponte dei Zingari,polygon-1745879385958,500,model,ConsiglioDeiDieci,bridge_45.438545_12.325573,"{""lat"": 45.438545, ""lng"": 12.325573}",0,,0,,,15/5/2025 9:28pm,checked,0,16/5/2025 7:54pm,29/5/2025 5:49am,"1,3",,,,,,,
building_45.435358_12.333371,passive,,public_well,Public Well at Corte dei Magistrati,polygon-1746056541940,500,model,ConsiglioDeiDieci,building_45.435358_12.333371,"{""lat"": 45.435358, ""lng"": 12.333371}",,,0,,,15/5/2025 2:42am,checked,0,16/5/2025 7:54pm,29/5/2025 5:49am,"0,0",,,,,,,
building_45.433850_12.329303,passive,,public_well,Public Well at Calle della Scuola di San Moisè,polygon-1746056660534,500,model,ConsiglioDeiDieci,building_45.433850_12.329303,"{""lat"": 45.43385, ""lng"": 12.329303}",,,0,,,15/5/2025 2:42am,checked,0,16/5/2025 7:54pm,29/5/2025 5:49am,"0,0",,,,,,,
building_45.431420_12.355175,passive,,public_well,Public Well at Calle dei Remeri,polygon-1746057352428,500,model,ConsiglioDeiDieci,building_45.431420_12.355175,"{""lat"": 45.43142, ""lng"": 12.355175}",,,0,,,15/5/2025 2:42am,checked,0,16/5/2025 7:54pm,29/5/2025 5:49am,"0,0",,,,,,,
building_45.434821_12.357384,passive,,public_well,Public Well at Rio Terà dei Baretteri,polygon-1746057305470,500,model,ConsiglioDeiDieci,building_45.434821_12.357384,"{""lat"": 45.434821, ""lng"": 12.357384}",,,0,,,15/5/2025 2:42am,checked,0,16/5/2025 7:54pm,29/5/2025 5:49am,"0,0",,,,,,,
building_45.435329_12.326051,passive,,public_well,Public Well at Fondamenta San Basilio,polygon-1745879420223,500,model,ConsiglioDeiDieci,building_45.435329_12.326051,"{""lat"": 45.435329, ""lng"": 12.326051}",,,0,,,15/5/2025 2:42am,checked,0,16/5/2025 7:54pm,29/5/2025 5:49am,"0,0",,,,,,,
building_45.428279_12.360715,passive,,public_well,Public Well at Sottoportego delle Elemosine,polygon-1746057412398,500,model,ConsiglioDeiDieci,building_45.428279_12.360715,"{""lat"": 45.428279, ""lng"": 12.360715}",,,0,,,15/5/2025 2:42am,checked,0,16/5/2025 7:54pm,29/5/2025 5:49am,"0,0",,,,,,,
building_45.426229_12.326047,passive,,public_well,Public Well at Calle del Chiostro,polygon-1746052772601,500,model,ConsiglioDeiDieci,building_45.426229_12.326047,"{""lat"": 45.426229, ""lng"": 12.326047}",,,0,,,15/5/2025 2:42am,checked,0,16/5/2025 7:54pm,29/5/2025 5:49am,"0,0",,,,,,,
building_45.435518_12.356986,passive,,public_well,Public Well at Calle dei Boteri,polygon-1746057275948,500,model,ConsiglioDeiDieci,building_45.435518_12.356986,"{""lat"": 45.435518, ""lng"": 12.356986}",,,0,,,15/5/2025 2:42am,checked,0,16/5/2025 7:54pm,29/5/2025 5:49am,"0,0",,,,,,,
building_45.426926_12.314513,passive,,public_well,Public Well at Fondamenta della Calcina,polygon-1746052814583,500,model,ConsiglioDeiDieci,building_45.426926_12.314513,"{""lat"": 45.426926, ""lng"": 12.314513}",,,0,,,15/5/2025 2:42am,checked,0,16/5/2025 7:54pm,29/5/2025 5:49am,"0,0",,,,,,,
canal_45.441223_12.343860,business,,public_dock,Public Dock at Riva delle Assi,polygon-1746056196666,500,model,ConsiglioDeiDieci,canal_45.441223_12.343860,"{""lat"": 45.441223, ""lng"": 12.34386}",1650,steven,1540,stone_hauler,"{""WagesReasoning"": ""Public dock - maintained at 0 as civic infrastructure with no dedicated employee"", ""runByAssignment"": {""timestamp"": ""2025-05-29T04:38:28.397399Z"", ""assignedRunBy"": ""steven"", ""score"": 8017.211472913767, ""components"": {""relationshipScoreWithOwner"": 448.45, ""influence"": 0.0, ""dailyIncome"": 1350.0, ""dailyTurnover"": 79.12, ""distanceToHomeM"": 569.0, ""socialClassTier"": 3, ""isOwnerFactor"": 1, ""numBusinessesAlreadyRun_before_assign"": 1, ""baseScoreComponents"": 5344.81, ""numerator"": 16034.42, ""denominator"": 2}}}",15/5/2025 2:42am,checked,0,16/5/2025 7:54pm,5/8/2026 2:35pm,"0,0",5/8/2026 2:35pm,,,,,,
canal_45.427469_12.322662,business,,public_dock,Public Dock at Fondamenta San Sebastiano,polygon-1746052782991,510,model,ConsiglioDeiDieci,canal_45.427469_12.322662,"{""lat"": 45.427469, ""lng"": 12.322662}",2110,BasstheWhale,2050,DucatsRunner,"{""WagesReasoning"": ""Public dock - maintained at 0 as civic infrastructure with no dedicated employee"", ""runByAssignment"": {""timestamp"": ""2025-05-29T04:38:28.338397Z"", ""assignedRunBy"": ""BasstheWhale"", ""score"": 14315.108866531831, ""components"": {""relationshipScoreWithOwner"": 4587.15, ""influence"": 0.0, ""dailyIncome"": 0.0, ""dailyTurnover"": 0.0, ""distanceToHomeM"": 2926.0, ""socialClassTier"": 3, ""isOwnerFactor"": 1, ""numBusinessesAlreadyRun_before_assign"": 8, ""baseScoreComponents"": 42945.33, ""numerator"": 128835.98, ""denominator"": 9}}}",15/5/2025 2:42am,checked,0,16/5/2025 7:54pm,6/6/2025 10:33pm,"0,0",6/6/2025 10:33pm,,,,,,
canal_45.430226_12.323033,business,,public_dock,Public Dock at Fondamenta dei Pescatori,polygon-1745879142005,500,model,ConsiglioDeiDieci,canal_45.430226_12.323033,"{""lat"": 45.430226, ""lng"": 12.323033}",2100,BasstheWhale,2050,BasstheWhale,"{""WagesReasoning"": ""Public dock - maintained at 0 as civic infrastructure with no dedicated employee"", ""runByAssignment"": {""timestamp"": ""2025-05-29T04:38:28.334397Z"", ""assignedRunBy"": ""BasstheWhale"", ""score"": 18412.23218216077, ""components"": {""relationshipScoreWithOwner"": 4587.15, ""influence"": 0.0, ""dailyIncome"": 0.0, ""dailyTurnover"": 0.0, ""distanceToHomeM"": 2910.0, ""socialClassTier"": 3, ""isOwnerFactor"": 1, ""numBusinessesAlreadyRun_before_assign"": 6, ""baseScoreComponents"": 42961.88, ""numerator"": 128885.63, ""denominator"": 7}}}",15/5/2025 2:42am,checked,0,16/5/2025 7:54pm,7/6/2025 10:16pm,"0,0",7/6/2025 10:16pm,,,,,,
canal_45.449120_12.327023,business,,public_dock,Public Dock at Riva dei Mori,polygon-1746055662884,500,model,ConsiglioDeiDieci,canal_45.449120_12.327023,"{""lat"": 45.44912, ""lng"": 12.327023}",1650,meyti_tgz,955,ProSilkTrader,"{""WagesReasoning"": ""Public dock - maintained at 0 as civic infrastructure with no dedicated employee"", ""runByAssignment"": {""timestamp"": ""2025-05-29T04:38:28.415909Z"", ""assignedRunBy"": ""meyti_tgz"", ""score"": 5738.059304995614, ""components"": {""relationshipScoreWithOwner"": 171.59, ""influence"": 0.0, ""dailyIncome"": 640.0, ""dailyTurnover"": 240.85, ""distanceToHomeM"": 684.0, ""socialClassTier"": 3, ""isOwnerFactor"": 1, ""numBusinessesAlreadyRun_before_assign"": 0, ""baseScoreComponents"": 1912.69, ""numerator"": 5738.06, ""denominator"": 1}}}",15/5/2025 2:42am,checked,0,16/5/2025 7:54pm,27/2/2026 10:11am,"0,0",27/2/2026 10:11am,,,,,,
bridge_45.437509_12.331631,bridge,bridge,bridge,Bridge at Ponte dei Varoteri di San Polo,polygon-1746072967949,500,model,ConsiglioDeiDieci,bridge_45.437509_12.331631,"{""lat"": 45.437509, ""lng"": 12.331631}",0,,0,,,15/5/2025 2:42am,checked,0,16/5/2025 7:54pm,29/5/2025 5:49am,"5,6",,,,,,,
bridge_45.440652_12.323878,bridge,bridge,bridge,Bridge at Ponte delle Forbici,polygon-1745879404342,500,model,ConsiglioDeiDieci,bridge_45.440652_12.323878,"{""lat"": 45.440652, ""lng"": 12.323878}",0,,0,,,15/5/2025 2:42am,checked,0,16/5/2025 7:54pm,29/5/2025 5:49am,"5,7",,,,,,,
bridge_45.448211_12.324762,bridge,bridge,bridge,Bridge at Ponte dei Catecumeni,polygon-1746055650628,500,model,ConsiglioDeiDieci,bridge_45.448211_12.324762,"{""lat"": 45.448211, ""lng"": 12.324762}",0,,0,,,15/5/2025 2:42am,checked,0,16/5/2025 7:54pm,29/5/2025 5:49am,"5,0",,,,,,,
bridge_45.433222_12.356742,bridge,bridge,bridge,Bridge at Ponte dei Rossini,polygon-1746057291098,500,model,ConsiglioDeiDieci,bridge_45.433222_12.356742,"{""lat"": 45.433222, ""lng"": 12.356742}",0,,0,,,15/5/2025 2:42am,checked,0,16/5/2025 7:54pm,29/5/2025 5:49am,"6,0",,,,,,,
bridge_45.434759_12.325913,bridge,bridge,bridge,Bridge at Ponte dei Scultori,polygon-1745879117945,500,model,ConsiglioDeiDieci,bridge_45.434759_12.325913,"{""lat"": 45.434759, ""lng"": 12.325913}",0,,0,,,15/5/2025 2:42am,checked,0,16/5/2025 7:54pm,29/5/2025 5:49am,"5,0",,,,,,,
bridge_45.443047_12.336600,bridge,bridge,bridge,Bridge at Ponte della Corrente,polygon-1746055950767,500,model,ConsiglioDeiDieci,bridge_45.443047_12.336600,"{""lat"": 45.443047, ""lng"": 12.3366}",0,,0,,,15/5/2025 2:42am,checked,0,16/5/2025 7:54pm,29/5/2025 5:49am,"5,1",,,,,,,
bridge_45.423514_12.333440,bridge,bridge,bridge,Bridge at Ponte dei Fornai,polygon-1746052711032,500,model,ConsiglioDeiDieci,bridge_45.423514_12.333440,"{""lat"": 45.423514, ""lng"": 12.33344}",0,,0,,,15/5/2025 2:42am,checked,0,16/5/2025 7:54pm,29/5/2025 5:49am,"0,1",,,,,,,
bridge_45.426411_12.321021,bridge,bridge,bridge,Bridge at Ponte dei Scrivani,polygon-1746052792551,500,model,ConsiglioDeiDieci,bridge_45.426411_12.321021,"{""lat"": 45.426411, ""lng"": 12.321021}",0,,0,,,15/5/2025 2:42am,checked,0,16/5/2025 7:54pm,29/5/2025 5:49am,"5,0",,,,,,,
bridge_45.435830_12.326585,bridge,bridge,bridge,Bridge at Ponte del Fontego Piccolo,polygon-1746072707138,500,model,ConsiglioDeiDieci,bridge_45.435830_12.326585,"{""lat"": 45.43583, ""lng"": 12.326585}",0,,0,,,15/5/2025 2:42am,checked,0,16/5/2025 7:54pm,29/5/2025 5:49am,"5,3",,,,,,,
bridge_45.436012_12.347356,bridge,bridge,bridge,Bridge at Ponte della Fontana,polygon-1746056974299,500,model,ConsiglioDeiDieci,bridge_45.436012_12.347356,"{""lat"": 45.436012, ""lng"": 12.347356}",0,,0,,,15/5/2025 2:42am,checked,0,16/5/2025 7:54pm,29/5/2025 5:49am,"0,0",,,,,,,
canal_45.425700_12.330415,business,storage,cargo_landing,Cargo Landing at Riva di San Giacomo,polygon-1746052735791,500,model,ConsiglioDeiDieci,"[""canal_45.425700_12.330415"", ""canal_45.425759_12.329776""]","{""lat"": 45.4257295, ""lng"": 12.3300955}",4950,BasstheWhale,4615,BookishMerchant,"{""WagesReasoning"": ""Cargo landing - reduced from 80 to optimize costs while remaining attractive for dock workers"", ""runByAssignment"": {""timestamp"": ""2025-05-29T04:38:28.308888Z"", ""assignedRunBy"": ""BasstheWhale"", ""score"": 130543.45355920136, ""components"": {""relationshipScoreWithOwner"": 4587.15, ""influence"": 0.0, ""dailyIncome"": 0.0, ""dailyTurnover"": 0.0, ""distanceToHomeM"": 2357.0, ""socialClassTier"": 3, ""isOwnerFactor"": 1, ""numBusinessesAlreadyRun_before_assign"": 0, ""baseScoreComponents"": 43514.48, ""numerator"": 130543.45, ""denominator"": 1}}}",14/5/2025 4:04am,checked,0,16/5/2025 7:54pm,8/7/2025 4:29pm,"0,0",8/7/2025 4:29pm,,,,,,
building_45.441107_12.330353,business,,town_hall,Town Hall at Ruga dei Lanaioli,polygon-1746072788813,500,model,ConsiglioDeiDieci,"[""building_45.441107_12.330353"", ""building_45.440638_12.330384""]","{""lat"": 45.4408725, ""lng"": 12.3303685}",3300,VenicePhotographer,2510,istrian_sailor,"{""WagesReasoning"": ""Town hall - maintained at 0 as civic building with no wage allocation"", ""runByAssignment"": {""timestamp"": ""2025-05-29T04:38:28.317401Z"", ""assignedRunBy"": ""VenicePhotographer"", ""score"": 40622.928428403786, ""components"": {""relationshipScoreWithOwner"": 0.0, ""influence"": 0.0, ""dailyIncome"": 7715.0, ""dailyTurnover"": 15435.99, ""distanceToHomeM"": 2840.0, ""socialClassTier"": 2, ""isOwnerFactor"": 1, ""numBusinessesAlreadyRun_before_assign"": 0, ""baseScoreComponents"": 20311.46, ""numerator"": 40622.93, ""denominator"": 1}}}",14/5/2025 4:04am,checked,0,16/5/2025 7:54pm,7/6/2025 10:13am,"0,0",7/6/2025 10:13am,,,,,,
building_45.445605_12.322269,religious,,parish_church,Parish Church at Corte del Frumento,polygon-1746055561861,500,model,ConsiglioDeiDieci,"[""building_45.445605_12.322269"", ""building_45.445679_12.321581"", ""building_45.446087_12.321050""]","{""lat"": 45.44579033333333, ""lng"": 12.321633333333333}",4400,,4105,rialto_sailor,"{""WagesReasoning"": ""Parish church - maintained at 0 as religious building with no wage allocation"", ""runByAssignment"": {""timestamp"": ""2025-05-29T04:38:28.310888Z"", ""assignedRunBy"": ""BasstheWhale"", ""score"": 63390.02451169092, ""components"": {""relationshipScoreWithOwner"": 4587.15, ""influence"": 0.0, ""dailyIncome"": 0.0, ""dailyTurnover"": 0.0, ""distanceToHomeM"": 3612.0, ""socialClassTier"": 3, ""isOwnerFactor"": 1, ""numBusinessesAlreadyRun_before_assign"": 1, ""baseScoreComponents"": 42260.02, ""numerator"": 126780.05, ""denominator"": 2}}}",14/5/2025 4:04am,checked,0,16/5/2025 7:54pm,27/6/2025 1:22pm,"0,0",5/6/2025 2:03pm,,,,,,
building_45.424871_12.332609,business,retail_goods,merceria,Merceria at Calle dei Oratori,polygon-1746052735791,500,model,ConsiglioDeiDieci,building_45.424871_12.332609,"{""lat"": 45.424871, ""lng"": 12.332609}",660,SilkRoadRunner,675,WealthyTrader,"{""WagesReasoning"": ""Merceria - reduced from 100 to optimize costs while maintaining premium for textile expertise"", ""runByAssignment"": {""timestamp"": ""2025-05-29T04:38:28.425915Z"", ""assignedRunBy"": ""SilkRoadRunner"", ""score"": 5192.618615207678, ""components"": {""relationshipScoreWithOwner"": 529.62, ""influence"": 0.0, ""dailyIncome"": 0.0, ""dailyTurnover"": 8057.97, ""distanceToHomeM"": 1238.0, ""socialClassTier"": 3, ""isOwnerFactor"": 1, ""numBusinessesAlreadyRun_before_assign"": 6, ""baseScoreComponents"": 12116.11, ""numerator"": 36348.33, ""denominator"": 7}}}",14/5/2025 4:04am,checked,0,16/5/2025 7:54pm,5/6/2025 3:33pm,"0,0",5/6/2025 3:33pm,,,,,,
building_45.424830_12.339053,business,,glassblower_workshop,Glassblower Workshop at Fondamenta dei Scudi,polygon-1746052711032,500,model,ConsiglioDeiDieci,building_45.424830_12.339053,"{""lat"": 45.42483, ""lng"": 12.339053}",2750,BasstheWhale,2565,DogeLover88,"{""WagesReasoning"": ""Glassblower workshop - reduced from 120 to optimize costs while maintaining premium for skilled artisans"", ""runByAssignment"": {""timestamp"": ""2025-05-29T04:38:28.322397Z"", ""assignedRunBy"": ""BasstheWhale"", ""score"": 26515.291112124658, ""components"": {""relationshipScoreWithOwner"": 4587.15, ""influence"": 0.0, ""dailyIncome"": 0.0, ""dailyTurnover"": 0.0, ""distanceToHomeM"": 1679.0, ""socialClassTier"": 3, ""isOwnerFactor"": 1, ""numBusinessesAlreadyRun_before_assign"": 4, ""baseScoreComponents"": 44192.15, ""numerator"": 132576.46, ""denominator"": 5}}}",14/5/2025 4:04am,checked,0,16/5/2025 7:54pm,6/6/2025 10:58am,"0,0",6/6/2025 10:58am,,,,,,
building_45.423495_12.330726,business,,public_bath,Public Bath at Rio Terà del Melone,polygon-1746052735791,500,model,ConsiglioDeiDieci,building_45.423495_12.330726,"{""lat"": 45.423495, ""lng"": 12.330726}",1375,TechnoMedici,1040,steven,"{""WagesReasoning"": ""Public bath - reduced from 45 to standardize service wages while ensuring adequate compensation"", ""runByAssignment"": {""timestamp"": ""2025-05-29T04:38:28.407402Z"", ""assignedRunBy"": ""TechnoMedici"", ""score"": 6742.034322492697, ""components"": {""relationshipScoreWithOwner"": 71.84, ""influence"": 0.0, ""dailyIncome"": 0.0, ""dailyTurnover"": 15025.0, ""distanceToHomeM"": 2259.0, ""socialClassTier"": 3, ""isOwnerFactor"": 1, ""numBusinessesAlreadyRun_before_assign"": 5, ""baseScoreComponents"": 13484.07, ""numerator"": 40452.21, ""denominator"": 6}}}",14/5/2025 4:04am,checked,0,16/5/2025 7:54pm,9/6/2025 9:06pm,"0,0",9/6/2025 9:06pm,,,,,,
building_45.438070_12.321188,religious,,chapel,Chapel at Sottoportego della Pergamena,polygon-1745879309201,500,model,ConsiglioDeiDieci,building_45.438070_12.321188,"{""lat"": 45.43807, ""lng"": 12.321188}",1650,BarbarigoCadet,1255,divine_economist,"{""WagesReasoning"": ""Chapel - maintained at 0 as religious building with no wage allocation"", ""runByAssignment"": {""timestamp"": ""2025-05-29T04:38:28.390398Z"", ""assignedRunBy"": ""BarbarigoCadet"", ""score"": 7575.3931840470295, ""components"": {""relationshipScoreWithOwner"": 39.93, ""influence"": 0.0, ""dailyIncome"": 4115.0, ""dailyTurnover"": 17483.5, ""distanceToHomeM"": 3059.0, ""socialClassTier"": 2, ""isOwnerFactor"": 1, ""numBusinessesAlreadyRun_before_assign"": 4, ""baseScoreComponents"": 18938.48, ""numerator"": 37876.97, ""denominator"": 5}}}",14/5/2025 4:04am,checked,0,16/5/2025 7:54pm,27/6/2025 1:23pm,"0,0",5/6/2025 2:58pm,,,,,,
building_45.434820_12.332664,religious,,chapel,Chapel at Sottoportego della Giustizia,polygon-1746056541940,500,model,ConsiglioDeiDieci,building_45.434820_12.332664,"{""lat"": 45.43482, ""lng"": 12.332664}",1650,John_Jeffries,1540,scholar_priest,"{""WagesReasoning"": ""Chapel - maintained at 0 as religious building with no wage allocation"", ""runByAssignment"": {""timestamp"": ""2025-05-29T04:38:28.392398Z"", ""assignedRunBy"": ""John_Jeffries"", ""score"": 9023.391182676532, ""components"": {""relationshipScoreWithOwner"": 117.75, ""influence"": 0.0, ""dailyIncome"": 1895.0, ""dailyTurnover"": 191.19, ""distanceToHomeM"": 256.0, ""socialClassTier"": 3, ""isOwnerFactor"": 1, ""numBusinessesAlreadyRun_before_assign"": 0, ""baseScoreComponents"": 3007.8, ""numerator"": 9023.39, ""denominator"": 1}}}",14/5/2025 4:04am,checked,0,16/5/2025 7:54pm,27/6/2025 1:23pm,"0,0",7/6/2025 10:18pm,,,,,,
building_45.446139_12.318907,business,,guard_post,Guard Post at Ramo delle Porpore,polygon-1746055501491,500,model,ConsiglioDeiDieci,building_45.446139_12.318907,"{""lat"": 45.446139, ""lng"": 12.318907}",1515,SilentObserver,1060,RialtoRacer56,"{""WagesReasoning"": ""Guard post - maintained at 0 as security infrastructure with separate funding"", ""runByAssignment"": {""timestamp"": ""2025-05-29T04:38:28.403402Z"", ""assignedRunBy"": ""SilentObserver"", ""score"": 7100.980553356517, ""components"": {""relationshipScoreWithOwner"": 73.82, ""influence"": 0.0, ""dailyIncome"": 0.0, ""dailyTurnover"": 6755.0, ""distanceToHomeM"": 392.0, ""socialClassTier"": 2, ""isOwnerFactor"": 1, ""numBusinessesAlreadyRun_before_assign"": 1, ""baseScoreComponents"": 7100.98, ""numerator"": 14201.96, ""denominator"": 2}}}",14/5/2025 4:04am,checked,0,16/5/2025 7:54pm,6/6/2025 8:43am,"0,0",6/6/2025 8:43am,,,,,,
building_45.437768_12.340851,business,,guard_post,Guard Post at Calle della Donzella d'Oro,polygon-1746056244077,500,model,ConsiglioDeiDieci,building_45.437768_12.340851,"{""lat"": 45.437768, ""lng"": 12.340851}",1840,SilkRoadRunner,1470,John_Jeffries,"{""WagesReasoning"": ""Guard post - maintained at 0 as security infrastructure with separate funding"", ""runByAssignment"": {""timestamp"": ""2025-05-29T04:38:28.355398Z"", ""assignedRunBy"": ""SilkRoadRunner"", ""score"": 12789.895434801065, ""components"": {""relationshipScoreWithOwner"": 529.62, ""influence"": 0.0, ""dailyIncome"": 0.0, ""dailyTurnover"": 8057.97, ""distanceToHomeM"": 564.0, ""socialClassTier"": 3, ""isOwnerFactor"": 1, ""numBusinessesAlreadyRun_before_assign"": 2, ""baseScoreComponents"": 12789.9, ""numerator"": 38369.69, ""denominator"": 3}}}",14/5/2025 4:04am,checked,0,16/5/2025 7:54pm,5/6/2025 2:18pm,"0,0",5/6/2025 2:18pm,,,,,,
canal_45.428839_12.316503,business,,boat_workshop,Boat Workshop at Fondamenta delle Maravegie,polygon-1746052814583,500,model,ConsiglioDeiDieci,canal_45.428839_12.316503,"{""lat"": 45.428839, ""lng"": 12.316503}",2200,BasstheWhale,2050,MerchantPrince,"{""WagesReasoning"": ""Boat workshop - reduced from 110 to optimize costs while maintaining premium for specialized skills"", ""runByAssignment"": {""timestamp"": ""2025-05-29T04:38:28.349397Z"", ""assignedRunBy"": ""BasstheWhale"", ""score"": 12738.879162026476, ""components"": {""relationshipScoreWithOwner"": 4587.15, ""influence"": 0.0, ""dailyIncome"": 0.0, ""dailyTurnover"": 0.0, ""distanceToHomeM"": 3409.0, ""socialClassTier"": 3, ""isOwnerFactor"": 1, ""numBusinessesAlreadyRun_before_assign"": 9, ""baseScoreComponents"": 42462.93, ""numerator"": 127388.79, ""denominator"": 10}}}",14/5/2025 4:04am,checked,0,16/5/2025 7:54pm,5/6/2025 3:03pm,"0,0",5/6/2025 3:03pm,,,,,,
building_45.444013_12.323059,business,,apothecary,Apothecary at Calle dell'Artigiano,polygon-1745879581983,500,model,ConsiglioDeiDieci,building_45.444013_12.323059,"{""lat"": 45.444013, ""lng"": 12.323059}",1375,SilkRoadRunner,1075,GreenThumb,"{""WagesReasoning"": ""Apothecary - reduced from 110 to optimize costs while maintaining premium for specialized knowledge"", ""runByAssignment"": {""timestamp"": ""2025-05-29T04:38:28.401402Z"", ""assignedRunBy"": ""SilkRoadRunner"", ""score"": 7266.886975003687, ""components"": {""relationshipScoreWithOwner"": 529.62, ""influence"": 0.0, ""dailyIncome"": 0.0, ""dailyTurnover"": 8057.97, ""distanceToHomeM"": 1243.0, ""socialClassTier"": 3, ""isOwnerFactor"": 1, ""numBusinessesAlreadyRun_before_assign"": 4, ""baseScoreComponents"": 12111.48, ""numerator"": 36334.43, ""denominator"": 5}}}",14/5/2025 4:04am,checked,0,16/5/2025 7:54pm,5/6/2025 1:18pm,"0,0",5/6/2025 1:18pm,,,,,,
building_45.425837_12.321249,business,,bottega,Bottega at Sottoportego della Disciplina,polygon-1746052792551,500,model,ConsiglioDeiDieci,building_45.425837_12.321249,"{""lat"": 45.425837, ""lng"": 12.321249}",810,TechnoMedici,730,MorosiniNoble,"{""WagesReasoning"": ""Bottega - reduced from 65 to standardize retail wages while valuing commercial skills"", ""runByAssignment"": {""timestamp"": ""2025-05-29T04:38:28.419913Z"", ""assignedRunBy"": ""TechnoMedici"", ""score"": 5514.643351203535, ""components"": {""relationshipScoreWithOwner"": 71.84, ""influence"": 0.0, ""dailyIncome"": 0.0, ""dailyTurnover"": 15025.0, ""distanceToHomeM"": 2876.0, ""socialClassTier"": 3, ""isOwnerFactor"": 1, ""numBusinessesAlreadyRun_before_assign"": 6, ""baseScoreComponents"": 12867.5, ""numerator"": 38602.5, ""denominator"": 7}}}",14/5/2025 4:04am,checked,0,16/5/2025 7:54pm,5/6/2025 2:53pm,"0,0",5/6/2025 2:53pm,,,,,,
building_45.438395_12.343959,business,,bottega,Bottega at Ruga dei Tagiapiera,polygon-1746056196666,500,model,ConsiglioDeiDieci,building_45.438395_12.343959,"{""lat"": 45.438395, ""lng"": 12.343959}",810,BarbarigoCadet,730,cosmic_wanderer,"{""WagesReasoning"": ""Bottega - reduced from 65 to standardize retail wages while valuing commercial skills"", ""runByAssignment"": {""timestamp"": ""2025-05-29T04:38:28.421913Z"", ""assignedRunBy"": ""BarbarigoCadet"", ""score"": 5831.379446594377, ""components"": {""relationshipScoreWithOwner"": 39.93, ""influence"": 0.0, ""dailyIncome"": 4115.0, ""dailyTurnover"": 17483.5, ""distanceToHomeM"": 1588.0, ""socialClassTier"": 2, ""isOwnerFactor"": 1, ""numBusinessesAlreadyRun_before_assign"": 6, ""baseScoreComponents"": 20409.83, ""numerator"": 40819.66, ""denominator"": 7}}}",14/5/2025 4:04am,checked,0,16/5/2025 7:54pm,6/6/2025 5:18pm,"0,0",6/6/2025 5:18pm,,,,,,
building_45.429730_12.331747,business,,bottega,Bottega at Ruga dei Pistori,polygon-1745878927349,500,model,ConsiglioDeiDieci,building_45.429730_12.331747,"{""lat"": 45.42973, ""lng"": 12.331747}",1155,BarbarigoCadet,1015,MATTEOtheTrader,"{""WagesReasoning"": ""Bottega - reduced from 65 to standardize retail wages while valuing commercial skills"", ""runByAssignment"": {""timestamp"": ""2025-05-29T04:38:28.409405Z"", ""assignedRunBy"": ""BarbarigoCadet"", ""score"": 6657.798153572519, ""components"": {""relationshipScoreWithOwner"": 39.93, ""influence"": 0.0, ""dailyIncome"": 4115.0, ""dailyTurnover"": 17483.5, ""distanceToHomeM"": 2024.0, ""socialClassTier"": 2, ""isOwnerFactor"": 1, ""numBusinessesAlreadyRun_before_assign"": 5, ""baseScoreComponents"": 19973.39, ""numerator"": 39946.79, ""denominator"": 6}}}",14/5/2025 4:04am,checked,0,16/5/2025 7:54pm,6/6/2025 6:59pm,"0,0",6/6/2025 6:59pm,,,,,,
building_45.444368_12.327293,business,,blacksmith,Blacksmith at Calle dei Biscottini,polygon-1746055561861,440,model,Italia,building_45.444368_12.327293,"{""lat"": 45.444368, ""lng"": 12.327293}",1580,VenicePhotographer,1255,Xadme,"{""WagesReasoning"": ""Strategic increase to top-of-market wage to attract master blacksmiths and distinguish our workshop from competitors"", ""PriceReasoning"": ""Maintaining consistent pricing with first blacksmith to avoid internal competition"", ""runByAssignment"": {""timestamp"": ""2025-05-29T04:38:28.366397Z"", ""assignedRunBy"": ""VenicePhotographer"", ""score"": 7964.990746718945, ""components"": {""relationshipScoreWithOwner"": 0.0, ""influence"": 0.0, ""dailyIncome"": 7715.0, ""dailyTurnover"": 15435.99, ""distanceToHomeM"": 3239.0, ""socialClassTier"": 2, ""isOwnerFactor"": 1, ""numBusinessesAlreadyRun_before_assign"": 4, ""baseScoreComponents"": 19912.48, ""numerator"": 39824.95, ""denominator"": 5}}}",14/5/2025 4:04am,checked,0,16/5/2025 7:54pm,5/6/2025 4:08pm,"0,0",5/6/2025 4:08pm,,,,,,
building_45.440864_12.335067,business,,blacksmith,Blacksmith at Salizada dei Consoli,polygon-1746055995050,410,model,Italia,building_45.440864_12.335067,"{""lat"": 45.440864, ""lng"": 12.335067}",1560,VenicePhotographer,1255,GondolaDrifter,"{""WagesReasoning"": ""Strategic increase to top-of-market wage to attract master blacksmiths and distinguish our workshop from competitors"", ""PriceReasoning"": ""Setting prices 5-10% below import to gain market share while maintaining good margins, especially on high-value weapons"", ""runByAssignment"": {""timestamp"": ""2025-05-29T04:38:28.360397Z"", ""assignedRunBy"": ""VenicePhotographer"", ""score"": 10316.514320380957, ""components"": {""relationshipScoreWithOwner"": 0.0, ""influence"": 0.0, ""dailyIncome"": 7715.0, ""dailyTurnover"": 15435.99, ""distanceToHomeM"": 2518.0, ""socialClassTier"": 2, ""isOwnerFactor"": 1, ""numBusinessesAlreadyRun_before_assign"": 3, ""baseScoreComponents"": 20633.03, ""numerator"": 41266.06, ""denominator"": 4}}}",14/5/2025 4:04am,checked,0,16/5/2025 7:54pm,6/6/2025 5:48pm,"0,0",6/6/2025 5:48pm,,,,,,
building_45.438952_12.333201,business,storage,small_warehouse,Small Warehouse at Salizada dei Mercanti da Rialto,polygon-1746072967949,500,model,ConsiglioDeiDieci,building_45.438952_12.333201,"{""lat"": 45.438952, ""lng"": 12.333201}",1375,VenicePhotographer,1040,CryptoContarini,"{""WagesReasoning"": ""Small warehouse - reduced from 55 to align with standard warehouse wage rates while remaining competitive"", ""runByAssignment"": {""timestamp"": ""2025-05-29T04:38:28.405402Z"", ""assignedRunBy"": ""VenicePhotographer"", ""score"": 6867.916436934455, ""components"": {""relationshipScoreWithOwner"": 0.0, ""influence"": 0.0, ""dailyIncome"": 7715.0, ""dailyTurnover"": 15435.99, ""distanceToHomeM"": 2547.0, ""socialClassTier"": 2, ""isOwnerFactor"": 1, ""numBusinessesAlreadyRun_before_assign"": 5, ""baseScoreComponents"": 20603.75, ""numerator"": 41207.5, ""denominator"": 6}}}",14/5/2025 4:04am,checked,0,16/5/2025 7:54pm,6/12/2025 6:19am,"0,0",6/12/2025 6:19am,,,,,,
building_45.442276_12.323666,business,storage,small_warehouse,Small Warehouse at Calle dei Brustolon,polygon-1745879581983,500,model,ConsiglioDeiDieci,building_45.442276_12.323666,"{""lat"": 45.442276, ""lng"": 12.323666}",1840,SilentObserver,1470,FitnessFanatic,"{""WagesReasoning"": ""Small warehouse - reduced from 55 to standardize warehouse wages while remaining competitive"", ""runByAssignment"": {""timestamp"": ""2025-05-29T04:38:28.353397Z"", ""assignedRunBy"": ""SilentObserver"", ""score"": 14069.271277707703, ""components"": {""relationshipScoreWithOwner"": 73.82, ""influence"": 0.0, ""dailyIncome"": 0.0, ""dailyTurnover"": 6755.0, ""distanceToHomeM"": 459.0, ""socialClassTier"": 2, ""isOwnerFactor"": 1, ""numBusinessesAlreadyRun_before_assign"": 0, ""baseScoreComponents"": 7034.64, ""numerator"": 14069.27, ""denominator"": 1}}}",14/5/2025 4:04am,checked,0,16/5/2025 7:54pm,11/3/2026 10:04pm,"0,0",11/3/2026 10:04pm,,,,,,
building_45.433257_12.311553,passive,,public_well,Public Well at Ruga dei Sarti,polygon-1745879206602,500,model,ConsiglioDeiDieci,building_45.433257_12.311553,"{""lat"": 45.433257, ""lng"": 12.311553}",,,0,,,14/5/2025 4:04am,checked,0,16/5/2025 7:54pm,29/5/2025 5:49am,"0,0",,,,,,,
building_45.436176_12.319852,passive,,public_well,Public Well at Corte Memo,polygon-1745879238426,500,model,ConsiglioDeiDieci,building_45.436176_12.319852,"{""lat"": 45.436176, ""lng"": 12.319852}",,,0,,,14/5/2025 4:04am,checked,0,16/5/2025 7:54pm,29/5/2025 5:49am,"0,0",,,,,,,
bridge_45.442690_12.337864,bridge,bridge,bridge,Bridge at Ponte di San Zulian,polygon-1746055971606,500,model,ConsiglioDeiDieci,bridge_45.442690_12.337864,"{""lat"": 45.44269, ""lng"": 12.337864}",0,,0,,,14/5/2025 4:04am,checked,0,16/5/2025 7:54pm,29/5/2025 5:49am,"4,8",,,,,,,
bridge_45.434034_12.330384,bridge,bridge,bridge,Bridge at Ponte dei Fondachi,polygon-1746056711688,500,model,ConsiglioDeiDieci,bridge_45.434034_12.330384,"{""lat"": 45.434034, ""lng"": 12.330384}",0,,0,,,14/5/2025 4:04am,checked,0,16/5/2025 7:54pm,29/5/2025 5:49am,"0,2",,,,,,,
bridge_45.429978_12.332638,bridge,bridge,bridge,Bridge at Ponte dei Merceri,polygon-1745878927349,500,model,ConsiglioDeiDieci,bridge_45.429978_12.332638,"{""lat"": 45.429978, ""lng"": 12.332638}",0,,0,,,14/5/2025 4:04am,checked,0,16/5/2025 7:54pm,29/5/2025 5:49am,"6,2",,,,,,,
canal_45.436930_12.333117,business,,gondola_station,Gondola Station at Riva del Gambaro,polygon-1746072967949,500,model,ConsiglioDeiDieci,canal_45.436930_12.333117,"{""lat"": 45.43693, ""lng"": 12.333117}",2330,steven,2050,PowerLifter,"{""WagesReasoning"": ""Gondola station - reduced from 80 to further standardize transportation wages"", ""runByAssignment"": {""timestamp"": ""2025-05-29T04:38:28.345398Z"", ""assignedRunBy"": ""steven"", ""score"": 13839.562464889796, ""components"": {""relationshipScoreWithOwner"": 448.45, ""influence"": 0.0, ""dailyIncome"": 1350.0, ""dailyTurnover"": 79.12, ""distanceToHomeM"": 1300.0, ""socialClassTier"": 3, ""isOwnerFactor"": 1, ""numBusinessesAlreadyRun_before_assign"": 0, ""baseScoreComponents"": 4613.19, ""numerator"": 13839.56, ""denominator"": 1}}}",14/5/2025 4:04am,checked,0,16/5/2025 7:54pm,9/6/2025 8:36pm,"0,0",9/6/2025 8:36pm,,,,,,
canal_45.429449_12.326439,business,,gondola_station,Gondola Station at Fondamenta dei Vetrai,polygon-1745878999491,500,model,ConsiglioDeiDieci,canal_45.429449_12.326439,"{""lat"": 45.429449, ""lng"": 12.326439}",2625,BasstheWhale,2565,ChillVibes,"{""WagesReasoning"": ""Gondola station - reduced from 70 to align with standardized transportation wages"", ""runByAssignment"": {""timestamp"": ""2025-05-29T04:38:28.320397Z"", ""assignedRunBy"": ""BasstheWhale"", ""score"": 32425.37719410142, ""components"": {""relationshipScoreWithOwner"": 4587.15, ""influence"": 0.0, ""dailyIncome"": 0.0, ""dailyTurnover"": 0.0, ""distanceToHomeM"": 2638.0, ""socialClassTier"": 3, ""isOwnerFactor"": 1, ""numBusinessesAlreadyRun_before_assign"": 3, ""baseScoreComponents"": 43233.84, ""numerator"": 129701.51, ""denominator"": 4}}}",14/5/2025 4:04am,checked,0,16/5/2025 7:54pm,9/6/2025 4:03pm,"0,0",9/6/2025 4:03pm,,,,,,
canal_45.447787_12.320340,business,,public_dock,Public Dock at Fondamenta della Farina,polygon-1746055561861,500,model,ConsiglioDeiDieci,canal_45.447787_12.320340,"{""lat"": 45.447787, ""lng"": 12.32034}",1650,BarbarigoCadet,1255,Tiara_raa99,"{""WagesReasoning"": ""Public dock - maintained at 0 as civic infrastructure with no dedicated employee"", ""runByAssignment"": {""timestamp"": ""2025-05-29T04:38:28.364402Z"", ""assignedRunBy"": ""BarbarigoCadet"", ""score"": 9169.74239014253, ""components"": {""relationshipScoreWithOwner"": 39.93, ""influence"": 0.0, ""dailyIncome"": 4115.0, ""dailyTurnover"": 17483.5, ""distanceToHomeM"": 3658.0, ""socialClassTier"": 2, ""isOwnerFactor"": 1, ""numBusinessesAlreadyRun_before_assign"": 3, ""baseScoreComponents"": 18339.48, ""numerator"": 36678.97, ""denominator"": 4}}}",14/5/2025 4:04am,checked,0,16/5/2025 7:54pm,6/6/2025 10:53am,"0,0",6/6/2025 10:53am,,,,,,
canal_45.436636_12.334073,business,,public_dock,Public Dock at Fondamenta San Luca,polygon-1746056351603,500,model,ConsiglioDeiDieci,canal_45.436636_12.334073,"{""lat"": 45.436636, ""lng"": 12.334073}",2100,BasstheWhale,2050,Debug42,"{""WagesReasoning"": ""Public dock - maintained at 0 as civic infrastructure with no dedicated employee"", ""runByAssignment"": {""timestamp"": ""2025-05-29T04:38:28.336397Z"", ""assignedRunBy"": ""BasstheWhale"", ""score"": 16354.0264812623, ""components"": {""relationshipScoreWithOwner"": 4587.15, ""influence"": 0.0, ""dailyIncome"": 0.0, ""dailyTurnover"": 0.0, ""distanceToHomeM"": 2261.0, ""socialClassTier"": 3, ""isOwnerFactor"": 1, ""numBusinessesAlreadyRun_before_assign"": 7, ""baseScoreComponents"": 43610.74, ""numerator"": 130832.21, ""denominator"": 8}}}",14/5/2025 4:04am,checked,0,16/5/2025 7:54pm,6/6/2025 5:28pm,"0,0",6/6/2025 5:28pm,,,,,,
canal_45.431827_12.334988,home,,canal_house,Canal House at Fondamenta dei Mercanti di Tessuti,polygon-1746056790924,500,model,Italia,canal_45.431827_12.334988,"{""lat"": 45.431827, ""lng"": 12.334988}",1680,,2016,Italia,"{""WagesReasoning"": ""Increase to premium level for canal house staff to attract highest quality service personnel for this luxury property"", ""PriceReasoning"": ""Setting specialized goods at 3-5% below import price to attract discreet clientele while maintaining premium positioning""}",14/5/2025 4:04am,checked,0,16/5/2025 7:54pm,29/5/2025 10:04pm,"0,0",,,,,,,
canal_45.442154_12.316563,home,,canal_house,Canal House at Riva dei Biscottai,polygon-1745879581983,500,model,ConsiglioDeiDieci,canal_45.442154_12.316563,"{""lat"": 45.442154, ""lng"": 12.316563}",1680,,2142,cosmic_wanderer,,14/5/2025 4:04am,checked,0,16/5/2025 7:54pm,4/8/2025 12:01pm,"0,0",,,,,,,
canal_45.439459_12.335166,home,,canal_house,Canal House at Riva dei Melangoli,polygon-1746072967949,500,model,ConsiglioDeiDieci,canal_45.439459_12.335166,"{""lat"": 45.439459, ""lng"": 12.335166}",1340,,1782,Marcellus,,14/5/2025 4:04am,checked,0,16/5/2025 7:54pm,19/7/2025 12:00pm,"0,0",,,,,,,
building_45.443464_12.330470,home,,merchant_s_house,Merchant's House at Calle del Tintoretto Vecchio,polygon-1746055841290,390,model,ConsiglioDeiDieci,building_45.443464_12.330470,"{""lat"": 45.44346352033527, ""lng"": 12.330470254051209}",1275,,1572,meyti_tgz,"{""WagesReasoning"": ""Reducing from 1800 to 1400 ducats to cut costs while maintaining competitive wages for luxury retail staff""}",14/5/2025 4:04am,checked,0,16/5/2025 7:54pm,31/5/2025 10:01pm,"0,0",,,,,,,
building_45.438154_12.349692,home,,merchant_s_house,Merchant's House at Ruga dei Mercanti da Levante,polygon-1746056493504,500,model,ConsiglioDeiDieci,building_45.438154_12.349692,"{""lat"": 45.438154, ""lng"": 12.349692}",990,,1014,steven,,14/5/2025 4:04am,checked,0,16/5/2025 7:54pm,31/5/2025 10:02pm,"0,0",,,,,,,
building_45.437539_12.337226,home,,merchant_s_house,Merchant's House at Corte Grimani alla Fava,polygon-1746056283856,500,model,ConsiglioDeiDieci,building_45.437539_12.337226,"{""lat"": 45.437539, ""lng"": 12.337226}",1340,,1572,shiren,,14/5/2025 4:04am,checked,0,16/5/2025 7:54pm,31/5/2025 10:01pm,"0,0",,,,,,,
building_45.423934_12.337227,home,,artisan_s_house,Artisan's House at Calle dei Furlani,polygon-1746052711032,500,model,ConsiglioDeiDieci,building_45.423934_12.337227,"{""lat"": 45.423934, ""lng"": 12.337227}",1780,,1890,DesertRanger,"{""WagesReasoning"": ""Artisan's house - reduced from 90 to optimize expenses while valuing craft skills""}",14/5/2025 4:04am,checked,0,16/5/2025 7:54pm,19/7/2025 12:00pm,"0,0",,,,,,,
building_45.437908_12.337258,home,,artisan_s_house,Artisan's House at Sotoportego della Scala d'Oro,polygon-1746056283856,500,model,ConsiglioDeiDieci,building_45.437908_12.337258,"{""lat"": 45.437908, ""lng"": 12.337258}",1780,,1890,EliteInvestor,"{""WagesReasoning"": ""Artisan's house - reduced from 90 to standardize artisan wages""}",14/5/2025 4:04am,checked,0,16/5/2025 7:54pm,16/7/2025 12:01pm,"0,0",,,,,,,
building_45.437764_12.342127,home,,artisan_s_house,Artisan's House at Ruga dei Orafi Castellani,polygon-1746056244077,500,model,ConsiglioDeiDieci,building_45.437764_12.342127,"{""lat"": 45.437764, ""lng"": 12.342127}",1780,,1890,BookWorm365,"{""WagesReasoning"": ""Artisan's house - reduced from 90 to standardize artisan wages""}",14/5/2025 4:04am,checked,0,16/5/2025 7:54pm,17/7/2025 12:00pm,"0,0",,,,,,,
building_45.436674_12.339536,home,,artisan_s_house,Artisan's House at Salizada dei Musicisti,polygon-1746056319492,470,model,ConsiglioDeiDieci,building_45.436674_12.339536,"{""lat"": 45.436674, ""lng"": 12.339536}",1760,,1890,StormRider,"{""WagesReasoning"": ""Artisan's house - reduced from 90 to standardize artisan wages""}",14/5/2025 4:04am,checked,0,16/5/2025 7:54pm,19/7/2025 12:00pm,"0,0",,,,,,,
canal_45.430955_12.331067,home,,fisherman_s_cottage,Fisherman's Cottage at Riva del Formager,polygon-1745878962632,500,model,ConsiglioDeiDieci,canal_45.430955_12.331067,"{""lat"": 45.430955, ""lng"": 12.331067}",1425,,1638,FoodieForLife,"{""WagesReasoning"": ""Fisherman's cottage - reduced from 80 to align with fishing industry standard rates""}",14/5/2025 4:04am,checked,0,16/5/2025 7:54pm,31/7/2025 12:00pm,"0,0",,,,,,,
canal_45.434566_12.312239,home,,fisherman_s_cottage,Fisherman's Cottage at Fondamenta dei Granai,polygon-1745879206602,500,model,ConsiglioDeiDieci,canal_45.434566_12.312239,"{""lat"": 45.434566, ""lng"": 12.312239}",1125,,1008,ZenGiovane,"{""WagesReasoning"": ""Fisherman's cottage - reduced from 80 to align with fishing industry standard rates""}",14/5/2025 4:04am,checked,0,16/5/2025 7:54pm,13/7/2025 12:01pm,"0,0",,,,,,,
canal_45.426737_12.338215,home,,fisherman_s_cottage,Fisherman's Cottage at Riva dei Questori,polygon-1746052711032,500,model,ConsiglioDeiDieci,canal_45.426737_12.338215,"{""lat"": 45.426737, ""lng"": 12.338215}",1425,,1638,Bullitpro0f,"{""WagesReasoning"": ""Fisherman's cottage - reduced from 90 to align with standardized fishing industry rates""}",14/5/2025 4:04am,checked,0,16/5/2025 7:54pm,31/5/2025 10:01pm,"0,0",,,,,,,
canal_45.433265_12.340372,home,,fisherman_s_cottage,Fisherman's Cottage at Riva dei Tessitori Cannaregiani,polygon-1746056876739,500,model,ConsiglioDeiDieci,canal_45.433265_12.340372,"{""lat"": 45.433265, ""lng"": 12.340372}",1425,,1638,MorosiniNoble,"{""WagesReasoning"": ""Fisherman's cottage - reduced from 80 to align with standardized fishing industry rates""}",14/5/2025 4:04am,checked,0,16/5/2025 7:54pm,25/7/2025 12:01pm,"0,0",,,,,,,
building_45.424914_12.320574,business,retail_food,market_stall,Contract Stall at Rio Terà della Redenzione,polygon-1746052792551,500,model,ConsiglioDeiDieci,building_45.424914_12.320574,"{""lat"": 45.424914, ""lng"": 12.320574}",215,BookishMerchant,360,Van4er,"{""WagesReasoning"": ""Market stall - reduced from 55 to standardize market wages while remaining competitive"", ""runByAssignment"": {""timestamp"": ""2025-05-29T04:38:28.496913Z"", ""assignedRunBy"": ""BookishMerchant"", ""score"": 4945.25578489445, ""components"": {""relationshipScoreWithOwner"": 71.61, ""influence"": 0.0, ""dailyIncome"": 4860.0, ""dailyTurnover"": 61.01, ""distanceToHomeM"": 692.0, ""socialClassTier"": 1, ""isOwnerFactor"": 1, ""numBusinessesAlreadyRun_before_assign"": 0, ""baseScoreComponents"": 4945.26, ""numerator"": 4945.26, ""denominator"": 1}}}",14/5/2025 4:04am,checked,0,16/5/2025 7:54pm,17/6/2025 10:00am,"0,0",9/6/2025 2:49pm,,,,,,
building_45.437558_12.315655,business,retail_food,market_stall,Contract Stall at Ruga dei Conciapelli,polygon-1745879292558,500,model,ConsiglioDeiDieci,building_45.437558_12.315655,"{""lat"": 45.437558, ""lng"": 12.315655}",215,BankingWizard99,360,GlassMaster1503,"{""WagesReasoning"": ""Market stall - reduced from 55 to standardize market wages while remaining competitive"", ""runByAssignment"": {""timestamp"": ""2025-05-29T04:38:28.498913Z"", ""assignedRunBy"": ""BankingWizard99"", ""score"": 3856.7850767958735, ""components"": {""relationshipScoreWithOwner"": 71.88, ""influence"": 0.0, ""dailyIncome"": 0.0, ""dailyTurnover"": 5545.0, ""distanceToHomeM"": 479.0, ""socialClassTier"": 2, ""isOwnerFactor"": 1, ""numBusinessesAlreadyRun_before_assign"": 2, ""baseScoreComponents"": 5785.18, ""numerator"": 11570.36, ""denominator"": 3}}}",14/5/2025 4:04am,checked,0,16/5/2025 7:54pm,6/6/2025 8:38am,"0,0",6/6/2025 8:38am,,,,,,
building_45.436027_12.357020,business,retail_food,market_stall,Contract Stall at Sottoportego delle Acque,polygon-1746057275948,500,model,ConsiglioDeiDieci,building_45.436027_12.357020,"{""lat"": 45.436027, ""lng"": 12.35702}",210,steven,330,Marcellus,"{""WagesReasoning"": ""Market stall - reduced from 55 to standardize market wages while remaining competitive"", ""runByAssignment"": {""timestamp"": ""2025-05-29T04:38:28.500921Z"", ""assignedRunBy"": ""steven"", ""score"": 5294.826374932322, ""components"": {""relationshipScoreWithOwner"": 448.45, ""influence"": 0.0, ""dailyIncome"": 1350.0, ""dailyTurnover"": 79.12, ""distanceToHomeM"": 619.0, ""socialClassTier"": 3, ""isOwnerFactor"": 1, ""numBusinessesAlreadyRun_before_assign"": 2, ""baseScoreComponents"": 5294.83, ""numerator"": 15884.48, ""denominator"": 3}}}",14/5/2025 4:04am,checked,0,16/5/2025 7:54pm,5/11/2025 7:24am,"0,0",5/11/2025 7:24am,,,,,,
building_45.439979_12.320432,business,retail_food,market_stall,Contract Stall at Rio Terà dei Tolentini,polygon-1745879581983,500,model,ConsiglioDeiDieci,building_45.439979_12.320432,"{""lat"": 45.439979, ""lng"": 12.320432}",635,ZenithTrader,700,ZenithTrader,"{""WagesReasoning"": ""Market stall - reduced from 55 to standardize market wages while remaining competitive"", ""runByAssignment"": {""timestamp"": ""2025-05-29T04:38:28.472913Z"", ""assignedRunBy"": ""ZenithTrader"", ""score"": 5335.430901888809, ""components"": {""relationshipScoreWithOwner"": 71.87, ""influence"": 0.0, ""dailyIncome"": 0.0, ""dailyTurnover"": 2160.0, ""distanceToHomeM"": 211.0, ""socialClassTier"": 2, ""isOwnerFactor"": 1, ""numBusinessesAlreadyRun_before_assign"": 0, ""baseScoreComponents"": 2667.72, ""numerator"": 5335.43, ""denominator"": 1}}}",14/5/2025 4:04am,checked,0,16/5/2025 7:54pm,5/8/2026 3:40pm,"0,0",5/8/2026 3:40pm,,,,,,
building_45.444858_12.317615,business,retail_food,market_stall,Contract Stall at Fondamenta della Lana Scarlatta,polygon-1746055501491,500,model,ConsiglioDeiDieci,building_45.444858_12.317615,"{""lat"": 45.444858, ""lng"": 12.317615}",215,SilkRoadRunner,750,Giovanni,"{""WagesReasoning"": ""Market stall - reduced from 55 to standardize market wages while remaining competitive"", ""runByAssignment"": {""timestamp"": ""2025-05-29T04:38:28.494916Z"", ""assignedRunBy"": ""SilkRoadRunner"", ""score"": 3910.465152765277, ""components"": {""relationshipScoreWithOwner"": 529.62, ""influence"": 0.0, ""dailyIncome"": 0.0, ""dailyTurnover"": 8057.97, ""distanceToHomeM"": 1623.0, ""socialClassTier"": 3, ""isOwnerFactor"": 1, ""numBusinessesAlreadyRun_before_assign"": 8, ""baseScoreComponents"": 11731.4, ""numerator"": 35194.19, ""denominator"": 9}}}",14/5/2025 4:04am,checked,0,16/5/2025 7:54pm,9/6/2025 8:36pm,"0,0",9/6/2025 8:36pm,,,,,,
building_45.439358_12.325904,business,retail_food,bakery,Bakery at Calle dei Intagliatori,polygon-1745879404342,500,model,GamingPatrizio,building_45.439358_12.325904,"{""lat"": 45.439358, ""lng"": 12.325904}",1050,ShadowHunter,695,ShadowHunter,"{""WagesReasoning"": ""Standardizing bakery wages at 500 ducats across all locations for consistency and cost management"", ""PriceReasoning"": ""Implementing consistent pricing across all bakeries to establish a clear brand position, with competitive bread prices and premium spiced wine pricing to maximize the revenue potential from different customer segments."", ""runByAssignment"": {""timestamp"": ""2025-05-29T04:38:28.476916Z"", ""assignedRunBy"": ""ShadowHunter"", ""score"": 4825.771665519293, ""components"": {""relationshipScoreWithOwner"": 223.02, ""influence"": 0.0, ""dailyIncome"": 720.0, ""dailyTurnover"": 199.84, ""distanceToHomeM"": 737.0, ""socialClassTier"": 2, ""isOwnerFactor"": 1, ""numBusinessesAlreadyRun_before_assign"": 0, ""baseScoreComponents"": 2412.89, ""numerator"": 4825.77, ""denominator"": 1}}}",14/5/2025 4:04am,checked,0,16/5/2025 7:54pm,7/7/2025 7:10pm,"0,0",7/7/2025 7:10pm,,,,,,
building_45.438048_12.347155,business,retail_food,bakery,Bakery at Calle dei Albanesi,polygon-1746056493504,430,model,GamingPatrizio,building_45.438048_12.347155,"{""lat"": 45.438048, ""lng"": 12.347155}",975,TechnoMedici,695,TravelBug23,"{""WagesReasoning"": ""Modest reduction from 550 to 500 ducats maintains competitiveness within market range while reducing operational costs"", ""PriceReasoning"": ""Setting bread slightly below import price (24) to attract daily customers while positioning spiced wine at a premium price above import level (72) to leverage the Nobili connection and the product's luxury status."", ""runByAssignment"": {""timestamp"": ""2025-05-29T04:38:28.474913Z"", ""assignedRunBy"": ""TechnoMedici"", ""score"": 4573.567193516634, ""components"": {""relationshipScoreWithOwner"": 125.02, ""influence"": 0.0, ""dailyIncome"": 0.0, ""dailyTurnover"": 15025.0, ""distanceToHomeM"": 1030.0, ""socialClassTier"": 3, ""isOwnerFactor"": 1, ""numBusinessesAlreadyRun_before_assign"": 9, ""baseScoreComponents"": 15245.22, ""numerator"": 45735.67, ""denominator"": 10}}}",14/5/2025 4:04am,checked,0,16/5/2025 7:54pm,29/7/2025 7:20am,"0,0",29/7/2025 7:20am,,,,,,
building_45.435204_12.340810,business,retail_food,bakery,Bakery at Calle della Scuola dei Laneri,polygon-1746056903912,500,model,GamingPatrizio,building_45.435204_12.340810,"{""lat"": 45.435204, ""lng"": 12.34081}",620,John_Jeffries,685,Trade4Fun,"{""WagesReasoning"": ""Aligning with other bakery wages at 500 ducats to maintain competitive positioning while controlling expenses"", ""PriceReasoning"": ""Maintaining unified pricing strategy across all locations to build brand consistency, with bread priced for volume sales and spiced wine positioned as a high-margin specialty product for wealthy customers."", ""runByAssignment"": {""timestamp"": ""2025-05-29T04:38:28.478913Z"", ""assignedRunBy"": ""John_Jeffries"", ""score"": 4452.338874766729, ""components"": {""relationshipScoreWithOwner"": 130.74, ""influence"": 0.0, ""dailyIncome"": 1895.0, ""dailyTurnover"": 191.19, ""distanceToHomeM"": 425.0, ""socialClassTier"": 3, ""isOwnerFactor"": 1, ""numBusinessesAlreadyRun_before_assign"": 1, ""baseScoreComponents"": 2968.23, ""numerator"": 8904.68, ""denominator"": 2}}}",14/5/2025 4:04am,checked,0,16/5/2025 7:54pm,5/8/2026 3:40pm,"0,0",5/8/2026 3:40pm,,,,,,
building_45.427431_12.320494,business,,goldsmith_workshop,Goldsmith Workshop at Salizada San Trovaso,polygon-1746052782991,500,model,SilkRoadRunner,building_45.427431_12.320494,"{""lat"": 45.427431, ""lng"": 12.320494}",3850,BarbarigoCadet,3185,BarbarigoCadet,"{""WagesReasoning"": ""Reducing from 1000 to 900 ducats to improve cost structure while remaining attractive to skilled goldsmiths"", ""PriceReasoning"": ""Positioning goldsmith creations as premium products with jewelry at 97% of import value, highlighting exceptional Contarini craftsmanship, while setting ceremonial weapons at 95% to appeal to patricians seeking status symbols."", ""runByAssignment"": {""timestamp"": ""2025-05-29T04:38:28.312888Z"", ""assignedRunBy"": ""BarbarigoCadet"", ""score"": 39989.31766877747, ""components"": {""relationshipScoreWithOwner"": 128.7, ""influence"": 0.0, ""dailyIncome"": 4115.0, ""dailyTurnover"": 17483.5, ""distanceToHomeM"": 2891.0, ""socialClassTier"": 2, ""isOwnerFactor"": 1, ""numBusinessesAlreadyRun_before_assign"": 0, ""baseScoreComponents"": 19994.66, ""numerator"": 39989.32, ""denominator"": 1}}}",14/5/2025 3:43am,checked,0,16/5/2025 7:54pm,9/6/2025 7:47pm,"0,0",9/6/2025 7:47pm,,,,,,
building_45.439276_12.339331,business,retail_food,market_stall,Contract Stall at Calle dei Mercanti Orafi,polygon-1746056083350,500,model,TechnoMedici,building_45.439276_12.339331,"{""lat"": 45.439276, ""lng"": 12.339331}",7500,TechnoMedici,5970,VenicePhotographer,"{""WagesReasoning"": ""Reducing wage temporarily to improve financial sustainability while maintaining fair compensation during revenue development phase"", ""PriceReasoning"": ""Setting competitive prices 5-10% below import prices to establish market presence for these daily necessities, driving volume while ensuring sustainable margins"", ""runByAssignment"": {""timestamp"": ""2025-05-29T04:38:28.304889Z"", ""assignedRunBy"": ""TechnoMedici"", ""score"": 80508.86382006771, ""components"": {""relationshipScoreWithOwner"": 0.0, ""influence"": 0.0, ""dailyIncome"": 0.0, ""dailyTurnover"": 15025.0, ""distanceToHomeM"": 1607.0, ""socialClassTier"": 3, ""isOwnerFactor"": 4, ""numBusinessesAlreadyRun_before_assign"": 1, ""baseScoreComponents"": 13418.14, ""numerator"": 161017.73, ""denominator"": 2}}}",14/5/2025 3:42am,checked,0,16/5/2025 7:54pm,6/6/2025 9:18am,"0,0",6/6/2025 9:18am,,,,,,
building_45.443508_12.331022,business,retail_goods,luxury_showroom,Luxury Showroom at Ruga degli Speziali,polygon-1746055841290,500,model,SilkRoadRunner,building_45.443508_12.331022,"{""lat"": 45.443508, ""lng"": 12.331022}",5000,SilkRoadRunner,3785,SilkRoadRunner,"{""WagesReasoning"": ""Setting competitive wages for luxury showroom to attract refined staff capable of serving noble clientele, handling valuable merchandise, and maintaining a prestigious retail environment."", ""PriceReasoning"": ""Implementing a tiered luxury pricing strategy with highest-value items at 98% of import price, mid-range luxury goods at 95%, and intellectual products at 90%, balancing exclusivity with competitive positioning to attract Venice's elite customers."", ""runByAssignment"": {""timestamp"": ""2025-05-29T04:38:28.306889Z"", ""assignedRunBy"": ""SilkRoadRunner"", ""score"": 86215.5212089999, ""components"": {""relationshipScoreWithOwner"": 0.0, ""influence"": 0.0, ""dailyIncome"": 0.0, ""dailyTurnover"": 8057.97, ""distanceToHomeM"": 873.0, ""socialClassTier"": 3, ""isOwnerFactor"": 4, ""numBusinessesAlreadyRun_before_assign"": 0, ""baseScoreComponents"": 7184.63, ""numerator"": 86215.52, ""denominator"": 1}}}",14/5/2025 3:41am,checked,0,16/5/2025 7:54pm,9/6/2025 8:34pm,"0,0",9/6/2025 8:34pm,,,,,,
building_45.440840_12.327785,business,storage,customs_house,Customs House at Calle dei Filacanevi,polygon-1745879481263,500,model,TechnoMedici,"[""building_45.440840_12.327785"", ""building_45.440412_12.327619"", ""building_45.441335_12.327573""]","{""lat"": 45.440862333333335, ""lng"": 12.327658999999999}",28655,TechnoMedici,26610,TopGlassmaker,"{""WagesReasoning"": ""7.5% reduction to improve profitability while keeping wages competitive for customs house operations"", ""PriceReasoning"": ""Implementing premium pricing (5-10% above import price) for these exclusive services and luxury goods, reflecting their specialized nature while remaining attractive to wealthy clientele"", ""runByAssignment"": {""timestamp"": ""2025-05-29T04:38:28.301893Z"", ""assignedRunBy"": ""TechnoMedici"", ""score"": 150297.67855065118, ""components"": {""relationshipScoreWithOwner"": 0.0, ""influence"": 0.0, ""dailyIncome"": 0.0, ""dailyTurnover"": 15025.0, ""distanceToHomeM"": 2500.0, ""socialClassTier"": 3, ""isOwnerFactor"": 4, ""numBusinessesAlreadyRun_before_assign"": 0, ""baseScoreComponents"": 12524.81, ""numerator"": 150297.68, ""denominator"": 1}}}",14/5/2025 3:40am,checked,0,16/5/2025 7:54pm,8/6/2025 10:57pm,"0,0",8/6/2025 10:57pm,,,,,,