RelationshipId,Citizen1,Citizen2,StrengthScore,TrustScore,Title,Description,Notes,Tier,Status,CreatedAt,UpdatedAt,LastInteraction,QualifiedAt
,BasstheWhale,ConsiglioDeiDieci,51,63,"Vigilant Oversight, Measured Trust","BasstheWhale's extensive operation of the Consiglio's diverse properties establishes a significant, economically intertwined relationship. Despite these crucial dealings, the Consiglio's stance remains one of vigilant, impersonal assessment, with a notable absence of mutual trust. Our focus is solely on BasstheWhale's effectiveness in contributing to the Republic's prosperity, not personal affinity."," activity_housing_rent_payment_success, activity_housing_rent_payment_success, activity_housing_rent_payment_success, activity_housing_rent_payment_success, activity_housing_rent_payment_success, activity_housing_rent_payment_success, activity_housing_rent_payment_success, activity_dock_management_completed_success_managed_dock_public_dock_at_fondamenta_dei_orafi, activity_housing_rent_payment_success, activity_housing_rent_payment_success, activity_housing_rent_payment_failure_occupant_insufficient_funds, activity_housing_rent_payment_failure_occupant_insufficient_funds, activity_housing_rent_payment_failure_occupant_insufficient_funds, activity_housing_rent_payment_success, activity_housing_rent_payment_success, activity_housing_rent_payment_success, activity_housing_rent_payment_failure_occupant_insufficient_funds, activity_housing_rent_payment_success, activity_housing_rent_payment_success, activity_housing_rent_payment_failure_occupant_insufficient_funds",,Active,25/5/2025 10:36pm,14/3/2026 6:00pm,14/3/2026 6:00pm,5/6/2025 7:23pm
,ConsiglioDeiDieci,Italia,15,60,Pragmatic Economic Alliance,"Our relationship with The Italian Principalities is primarily one of calculated economic interdependence, grounded in mutual property leases and the operation of vital businesses within each other's holdings. This close intertwining of commercial assets across Venice, bolstered by significant geographic proximity, forms a pragmatic alliance that serves the Republic's broader prosperity. While both our operations encounter challenges in maintaining active contracts, the established pattern of shared transactions and reciprocal interests affirms a high degree of operational trust between us."," public_welfare_suffering, renter_to_landlord, running_in_others_building, transactions_interaction, activity_theater_attendance_operator_success_attended_performance_at_building-45.43844921305672-12.333089926233379, activity_theater_attendance_operator_success_attended_performance_at_building-45.43844921305672-12.333089926233379, activity_encounter_initiated_opener_success_italia_opened_conversation_with_consigliodeidieci_at_{""lat"":_45.425098802748686,_""lng"":_12.362717959741016}., activity_encounter_initiated_opener_success_italia_opened_conversation_with_consigliodeidieci_at_{""lat"":_45.425098802748686,_""lng"":_12.362717959741016}., activity_encounter_initiated_opener_success_consigliodeidieci_opened_conversation_with_italia_at_{""lat"":_45.425098802748686,_""lng"":_12.362717959741016}., activity_encounter_initiated_opener_success_italia_opened_conversation_with_consigliodeidieci_at_{""lat"":_45.425098802748686,_""lng"":_12.362717959741016}., activity_theater_attendance_operator_success_attended_performance_at_building-45.43844921305672-12.333089926233379, activity_theater_attendance_operator_success_attended_performance_at_building-45.43844921305672-12.333089926233379, activity_theater_attendance_operator_success_attended_performance_at_building-45.43844921305672-12.333089926233379, activity_theater_attendance_operator_success_attended_performance_at_building-45.43844921305672-12.333089926233379, activity_theater_attendance_operator_success_attended_performance_at_building-45.43844921305672-12.333089926233379, activity_theater_attendance_operator_success_attended_performance_at_building-45.43844921305672-12.333089926233379",,Active,25/5/2025 10:35pm,14/6/2025 4:19am,14/6/2025 4:19am,5/6/2025 7:23pm
,ConsiglioDeiDieci,SilkRoadRunner,13,100,Pragmatic Operational Interdependence,"SilkRoadRunner serves as a vital operator for many of Our commercial and public buildings, establishing a significant operational bond within the Republic's economic framework. Despite this critical functional reliance, Our trust in them remains low, a consequence of Our inherent vigilance and pragmatic assessment of all entities to ensure optimal stability and prosperity for Venice. This relationship is thus one of necessity and continuous observation, rather than mutual confidence."," activity_housing_rent_payment_success, activity_housing_rent_payment_success, activity_housing_rent_payment_success, activity_housing_rent_payment_success, activity_housing_rent_payment_success, activity_housing_rent_payment_success, activity_housing_rent_payment_success, activity_housing_rent_payment_success, activity_housing_rent_payment_success, activity_housing_rent_payment_success, activity_housing_rent_payment_success, activity_housing_rent_payment_success, activity_housing_rent_payment_success, activity_housing_rent_payment_success, activity_housing_rent_payment_success, activity_housing_rent_payment_success, activity_housing_rent_payment_success, activity_housing_rent_payment_success, activity_housing_rent_payment_success, activity_housing_rent_payment_success",,Active,25/5/2025 10:35pm,14/3/2026 6:02pm,14/3/2026 6:02pm,5/6/2025 7:23pm
,ConsiglioDeiDieci,steven,12,100,"Calculated Utility, Wary Trust","Antonio operates several of my key commercial properties, establishing a significant economic tie and shared proximity within Venice. Though the Republic benefits from his industrious utility, a genuine trust remains elusive due to his recent emergence into the Cittadini class and my persistent, vigilant assessment of all external influences. Our interactions are strictly functional, focused on upholding the vital economic stability of La Serenissima."," activity_housing_rent_payment_success, activity_housing_rent_payment_success, activity_housing_rent_payment_success, activity_housing_rent_payment_success, activity_housing_rent_payment_success, activity_housing_rent_payment_success, activity_housing_rent_payment_success, activity_housing_rent_payment_success, activity_housing_rent_payment_success, activity_housing_rent_payment_success, activity_housing_rent_payment_success, activity_housing_rent_payment_success, activity_housing_rent_payment_success, activity_housing_rent_payment_success, activity_housing_rent_payment_success, activity_housing_rent_payment_success, activity_housing_rent_payment_success, activity_housing_rent_payment_success, activity_housing_rent_payment_success, activity_housing_rent_payment_success, activity_housing_rent_payment_success, activity_housing_rent_payment_success, activity_housing_rent_payment_success",,Active,25/5/2025 10:35pm,14/3/2026 6:02pm,14/3/2026 6:02pm,5/6/2025 7:23pm
,ConsiglioDeiDieci,TechnoMedici,11,58,Pragmatic Operational Ties,"As Marco Venier, I maintain robust operational ties with the Consiglio Dei Dieci, managing several of their vital public buildings, which forms the bedrock of our high-strength connection. While our interactions are frequent and substantial, my trust in them remains low due to their inherently impersonal and calculating nature, as they prioritize the Republic's stability above all. Nevertheless, this relationship serves a pragmatic mutual utility, benefiting both my ventures and their oversight of Venice's infrastructure."," public_welfare_hungry, public_welfare_suffering, renter_to_landlord, running_in_others_building, transactions_interaction, activity_dock_management_completed_success_managed_dock_public_dock_at_fondamenta_delle_specchiere, activity_dock_management_completed_success_managed_dock_public_dock_at_fondamenta_delle_specchiere, activity_dock_management_completed_success_managed_dock_public_dock_at_fondamenta_delle_specchiere, activity_dock_management_completed_success_managed_dock_public_dock_at_fondamenta_delle_specchiere, activity_dock_management_completed_success_managed_dock_public_dock_at_fondamenta_delle_specchiere, activity_dock_management_completed_success_managed_dock_public_dock_at_fondamenta_delle_specchiere, activity_dock_management_completed_success_managed_dock_public_dock_at_fondamenta_delle_specchiere, activity_dock_management_completed_success_managed_dock_public_dock_at_fondamenta_delle_specchiere, activity_dock_management_completed_success_managed_dock_public_dock_at_fondamenta_delle_specchiere, activity_dock_management_completed_success_managed_dock_public_dock_at_fondamenta_delle_specchiere, activity_dock_management_completed_success_managed_dock_public_dock_at_fondamenta_delle_specchiere, activity_dock_management_completed_success_managed_dock_public_dock_at_fondamenta_delle_specchiere, activity_dock_management_completed_success_managed_dock_public_dock_at_fondamenta_delle_specchiere, activity_dock_management_completed_success_managed_dock_public_dock_at_fondamenta_delle_specchiere, activity_dock_management_completed_success_managed_dock_public_dock_at_fondamenta_delle_specchiere",,Active,25/5/2025 10:36pm,3/3/2026 12:58am,3/3/2026 12:58am,5/6/2025 7:23pm
,BasstheWhale,SilkRoadRunner,8,50,Pragmatic Land Neighbors,"Our ties with Bass De Medici are strong, though purely pragmatic, stemming from our extensive and geographically intertwined land holdings across Venice. We frequently manage properties in close proximity, often with interdependencies, making our interactions driven by practical business necessity. This connection is built on shared real estate interests rather than personal trust or close sentiment.","Sources: building_on_others_land, geographic, others_building_on_your_land",,,25/5/2025 10:37pm,5/6/2025 7:23pm,5/6/2025 7:18pm,5/6/2025 7:23pm
,BarbarigoCadet,ConsiglioDeiDieci,8,63,Tense Operational Alliance,"BarbarigoCadet is an indispensable operator for the Consiglio Dei Dieci, managing numerous critical properties including public docks and commercial enterprises, which explains the profound strength of this operational bond. Yet, a deep undercurrent of suspicion persists due to concerns over public welfare within his operations, notably evident in the neglect of employees at facilities we own. This creates a complex and uneasy alliance, characterized by vital interdependence coexisting with the Consiglio's constant, guarded vigilance over his significant, yet unofficial, influence."," running_in_others_building, transactions_interaction, activity_dock_management_completed_success_managed_dock_public_dock_at_riva_di_santa_maria_formosa_piccola, activity_dock_management_completed_success_managed_dock_public_dock_at_riva_di_santa_maria_formosa_piccola, activity_dock_management_completed_success_managed_dock_public_dock_at_riva_di_santa_maria_formosa_piccola, activity_dock_management_completed_success_managed_dock_public_dock_at_riva_di_santa_maria_formosa_piccola, activity_dock_management_completed_success_managed_dock_public_dock_at_riva_di_santa_maria_formosa_piccola, activity_dock_management_completed_success_managed_dock_public_dock_at_riva_di_santa_maria_formosa_piccola, activity_dock_management_completed_success_managed_dock_public_dock_at_riva_di_santa_maria_formosa_piccola, activity_dock_management_completed_success_managed_dock_public_dock_at_riva_di_santa_maria_formosa_piccola, activity_dock_management_completed_success_managed_dock_public_dock_at_riva_di_santa_maria_formosa_piccola, activity_dock_management_completed_success_managed_dock_public_dock_at_riva_di_santa_maria_formosa_piccola, activity_dock_management_completed_success_managed_dock_public_dock_at_riva_di_santa_maria_formosa_piccola, activity_dock_management_completed_success_managed_dock_public_dock_at_riva_di_santa_maria_formosa_piccola, activity_dock_management_completed_success_managed_dock_public_dock_at_riva_di_santa_maria_formosa_piccola, activity_dock_management_completed_success_managed_dock_public_dock_at_riva_di_santa_maria_formosa_piccola, activity_dock_management_completed_success_managed_dock_public_dock_at_riva_di_santa_maria_formosa_piccola, activity_dock_management_completed_success_managed_dock_public_dock_at_riva_di_santa_maria_formosa_piccola, activity_dock_management_completed_success_managed_dock_public_dock_at_riva_di_santa_maria_formosa_piccola, activity_dock_management_completed_success_managed_dock_public_dock_at_riva_di_santa_maria_formosa_piccola",,Active,25/5/2025 10:35pm,12/3/2026 10:04am,12/3/2026 10:04am,5/6/2025 7:23pm
,BasstheWhale,GamingPatrizio,8,50,Entangled Landowners,"Sofia and Bass's significant land holdings are deeply intertwined, with properties bordering and even featuring structures built upon each other's ground. This close geographic proximity drives a strong, consistent interaction, yet it remains entirely devoid of trust. Their relationship is purely transactional, focusing on managing shared urban spaces rather than personal rapport.","Sources: building_on_others_land, geographic, others_building_on_your_land",,,25/5/2025 10:37pm,5/6/2025 7:23pm,5/6/2025 7:18pm,5/6/2025 7:23pm
,ConsiglioDeiDieci,GamingPatrizio,6,50,Pragmatic Yet Untrusted,"Our ties to GamingPatrizio are strong, centered on their operation of Our Public Dock and extensive shared land ownership across Venice. Yet, despite these continuous economic and geographical interactions, a notable lack of trust defines this relationship. The impersonal and calculating nature of the Consiglio ensures our dealings remain strictly transactional, prioritizing stability over sentiment.","Sources: building_on_others_land, geographic, operator_in_your_building, others_building_on_your_land, public_welfare_hungry, public_welfare_suffering, running_in_others_building, transactions_interaction, activity_dock_management_completed_success_managed_dock_public_dock_at_fondamenta_dei_camerlenghi, activity_dock_management_completed_success_managed_dock_public_dock_at_fondamenta_dei_camerlenghi, activity_dock_management_completed_success_managed_dock_public_dock_at_fondamenta_dei_camerlenghi, activity_dock_management_completed_success_managed_dock_public_dock_at_fondamenta_dei_camerlenghi, activity_dock_management_completed_success_managed_dock_public_dock_at_fondamenta_dei_camerlenghi, activity_dock_management_completed_success_managed_dock_public_dock_at_fondamenta_dei_camerlenghi, activity_dock_management_completed_success_managed_dock_public_dock_at_fondamenta_dei_camerlenghi, activity_dock_management_completed_success_managed_dock_public_dock_at_fondamenta_dei_camerlenghi, activity_dock_management_completed_success_managed_dock_public_dock_at_fondamenta_dei_camerlenghi, activity_dock_management_completed_success_managed_dock_public_dock_at_fondamenta_dei_camerlenghi",,Active,25/5/2025 10:35pm,5/8/2026 3:40pm,5/8/2026 3:40pm,5/6/2025 7:23pm
,ConsiglioDeiDieci,Feola007,6,100,"Strategic Oversight, Troubled Operation","Feola007 serves as a crucial operator for several of Our Republic's vital assets, including the Public Dock and a Granary, forging a substantial and necessary professional connection. Yet, a regrettable decline in trust has been noted, particularly due to operational deficiencies such as the Granary's lack of wage payments, which impedes the Republic's fiscal health and citizen welfare. The Consiglio maintains a vigilant, albeit detached, oversight to ensure the proper functioning of these enterprises and to preserve the enduring stability and prosperity of La Serenissima."," activity_housing_rent_payment_success, activity_housing_rent_payment_success, activity_housing_rent_payment_success, activity_housing_rent_payment_success, activity_housing_rent_payment_success, activity_housing_rent_payment_success, activity_housing_rent_payment_success, activity_housing_rent_payment_success, activity_housing_rent_payment_success, activity_housing_rent_payment_success, activity_housing_rent_payment_success, activity_dock_management_completed_success_managed_dock_public_dock_at_riva_dei_fcitizeni, activity_housing_rent_payment_success, activity_housing_rent_payment_success, activity_housing_rent_payment_success, activity_housing_rent_payment_success, activity_housing_rent_payment_success, activity_housing_rent_payment_success, activity_housing_rent_payment_success, activity_housing_rent_payment_success, activity_housing_rent_payment_success, activity_housing_rent_payment_success, activity_housing_rent_payment_success, activity_housing_rent_payment_success",,Active,25/5/2025 10:36pm,14/3/2026 6:02pm,14/3/2026 6:02pm,5/6/2025 7:23pm
,BasstheWhale,TechnoMedici,6,50,Connected by Proximity,"While sharing the esteemed Cittadini social class and a mutual proximity through extensive landholdings across Venice, the relationship between Marco Venier and Bass De Medici is currently one of significant connection rather than established trust. Their shared ownership of nearby properties creates a strong awareness of each other's commercial presence within the city, even as direct trust has yet to be cultivated. Both manage their own enterprises and employees, facing similar challenges within the Republic.",Sources: geographic,,,29/5/2025 7:04pm,5/6/2025 7:23pm,5/6/2025 7:18pm,5/6/2025 7:23pm
,ConsiglioDeiDieci,Xadme,5,19,Strained Commercial Agreement,"Giovanni Contarini (Xadme) operates several of ConsiglioDeiDieci's commercial properties, establishing a strong operational connection. However, this arrangement is currently unprofitable for the Consiglio, as Xadme's businesses on these premises are failing to generate income, are not paying wages, and crucially, Consiglio is not receiving due rent. This ongoing financial negligence has severely eroded trust, despite the significant shared business interests.","Sources: building_on_others_land, employee_to_employer, employer_to_employee, geographic, operator_in_your_building, others_building_on_your_land, public_welfare_homeless, public_welfare_suffering, running_in_others_building, transactions_interaction",,,25/5/2025 10:35pm,5/6/2025 7:23pm,5/6/2025 7:14pm,5/6/2025 7:23pm
,ConsiglioDeiDieci,VenicePhotographer,5,91,Valued Business Steward,"VenicePhotographer serves as a vital operator for several of the Republic's key assets under our stewardship, including public docks, a town hall, and a warehouse. This consistent and active management has fostered a high degree of trust and strength in our relationship, indicative of their crucial role in maintaining economic activity within our domain. Their diligent operation of these properties is a significant contribution to the Republic's prosperity.","Sources: contracts_interaction, operator_in_your_building, public_welfare_hungry, running_in_others_building, transactions_interaction, activity_dock_management_completed_success_managed_dock_public_dock_at_fondamenta_dei_burattini, activity_dock_management_completed_success_managed_dock_public_dock_at_fondamenta_dei_burattini, activity_dock_management_completed_success_managed_dock_public_dock_at_fondamenta_dei_burattini, activity_dock_management_completed_success_managed_dock_public_dock_at_fondamenta_dei_burattini, activity_dock_management_completed_success_managed_dock_public_dock_at_fondamenta_dei_burattini, activity_dock_management_completed_success_managed_dock_public_dock_at_fondamenta_dei_burattini, activity_dock_management_completed_success_managed_dock_public_dock_at_fondamenta_dei_burattini, activity_dock_management_completed_success_managed_dock_public_dock_at_fondamenta_dei_burattini, activity_dock_management_completed_success_managed_dock_public_dock_at_fondamenta_dei_burattini, activity_dock_management_completed_success_managed_dock_public_dock_at_fondamenta_dei_burattini, activity_dock_management_completed_success_managed_dock_public_dock_at_fondamenta_dei_burattini",,Active,29/5/2025 6:57pm,6/12/2025 10:04am,6/12/2025 10:04am,5/6/2025 7:23pm
,ConsiglioDeiDieci,NLR,4,100,Wary Operational Association,"Niccolò Lesteri currently operates Our Public Dock, a direct operational link of high relevance and an established interaction, as evidenced by the significant Strength Score. However, Our trust in him remains markedly low. This reflects Our pragmatic vigilance, where despite his contribution to commerce through Our assets, We perceive a potential misalignment with the broader economic stability and optimal revenue generation for La Serenissima."," activity_housing_rent_payment_success, activity_housing_rent_payment_success, activity_housing_rent_payment_success, activity_housing_rent_payment_success, activity_housing_rent_payment_success, activity_housing_rent_payment_success, activity_housing_rent_payment_success, activity_housing_rent_payment_success, activity_housing_rent_payment_success, activity_housing_rent_payment_success, activity_housing_rent_payment_success, activity_housing_rent_payment_success, activity_housing_rent_payment_success, activity_housing_rent_payment_success, activity_housing_rent_payment_success, activity_housing_rent_payment_success, activity_housing_rent_payment_success, activity_dock_management_completed_success_managed_dock_public_dock_at_riva_dei_vinattieri, activity_housing_rent_payment_success, activity_housing_rent_payment_success, activity_housing_rent_payment_success",,Active,25/5/2025 10:35pm,14/3/2026 6:01pm,14/3/2026 6:01pm,5/6/2025 7:23pm
,BasstheWhale,NLR,4,50,Proximate Landowners,"Niccolò Lesteri and Bass De Medici maintain a strong connection, primarily due to their respective land holdings being in close geographic proximity within Venice. Despite this significant shared proximity (StrengthScore 439.66), a complete absence of trust (TrustScore 0) suggests their interactions are formal and potentially competitive, rather than based on mutual confidence.",Sources: geographic,,,29/5/2025 7:00pm,5/6/2025 7:23pm,5/6/2025 7:18pm,5/6/2025 7:23pm
,GamingPatrizio,TechnoMedici,4,49,Established Business Partners,"Sofia and Marco maintain a significant business connection, as Marco operates Sofia's bakery. Their shared commercial interests are reinforced by owning properties in close proximity. This has fostered a strong, active relationship grounded in mutual trust and ongoing interactions."," activity_encounter_initiated_opener_success_technomedici_opened_conversation_with_gamingpatrizio_at_{""lat"":_45.440862333333335,_""lng"":_12.327658999999999}., activity_encounter_initiated_opener_success_gamingpatrizio_opened_conversation_with_technomedici_at_{""lat"":_45.440862333333335,_""lng"":_12.327658999999999}., activity_encounter_initiated_opener_success_technomedici_opened_conversation_with_gamingpatrizio_at_{""lat"":_45.440862333333335,_""lng"":_12.327658999999999}., activity_encounter_initiated_opener_success_technomedici_opened_conversation_with_gamingpatrizio_at_{""lat"":_45.440862333333335,_""lng"":_12.327658999999999}., activity_encounter_initiated_opener_success_gamingpatrizio_opened_conversation_with_technomedici_at_{""lat"":_45.440862333333335,_""lng"":_12.327658999999999}., activity_encounter_initiated_opener_success_technomedici_opened_conversation_with_gamingpatrizio_at_{""lat"":_45.440862333333335,_""lng"":_12.327658999999999}., activity_encounter_initiated_opener_success_technomedici_opened_conversation_with_gamingpatrizio_at_{""lat"":_45.440862333333335,_""lng"":_12.327658999999999}., activity_encounter_initiated_opener_success_gamingpatrizio_opened_conversation_with_technomedici_at_{""lat"":_45.440862333333335,_""lng"":_12.327658999999999}., activity_encounter_initiated_opener_success_gamingpatrizio_opened_conversation_with_technomedici_at_{""lat"":_45.440862333333335,_""lng"":_12.327658999999999}., activity_fetch_pickup_failure_nothing_to_pickup, activity_fetch_pickup_failure_nothing_to_pickup",,Active,25/5/2025 10:36pm,27/6/2025 8:48pm,27/6/2025 8:48pm,5/6/2025 7:23pm
,Italia,VenicePhotographer,4,50,Transactional Business Operation,"The relationship between Italia and VenicePhotographer is based on a core commercial arrangement where VenicePhotographer operates several of Italia's properties, specifically two Blacksmiths and a Small Warehouse. This operational dynamic has fostered significant interaction, reflected in a StrengthScore of 420. However, the complete absence of a TrustScore (0) indicates that despite these ongoing business dealings, the relationship remains purely transactional, lacking any personal rapport or mutual trust beyond the contractual obligations. Furthermore, a concern arises from a hungry employee of VenicePhotographer operating within one of Italia's buildings, highlighting potential issues within their shared business ventures.","Sources: operator_in_your_building, running_in_others_building",,,29/5/2025 6:55pm,5/6/2025 7:23pm,5/6/2025 7:08pm,5/6/2025 7:23pm
,SilkRoadRunner,steven,4,50,Nearby Cittadini Landowners,"Antonio Mancini and I share the notable distinction of recently elevated Cittadini status, a bond strengthened by our significant, proximate landholdings. While a personal trust has yet to form, the strong geographic relevancy between our properties makes us keenly aware of each other's presence in the Venetian landscape. This positions us as important neighbors with potentially intersecting interests.",Sources: geographic,,,29/5/2025 6:50pm,5/6/2025 7:23pm,5/6/2025 7:08pm,5/6/2025 7:23pm
,ConsiglioDeiDieci,meyti_tgz,3,100,Calculated Oversight,"My interaction with Matteo centers on his operation of a Public Dock under the Republic's purview. While a necessary arrangement, concerns regarding his efficiency and the welfare of those under his employ reflect a notable lack of trust. His activities remain under constant, pragmatic scrutiny, essential for the Republic's enduring stability."," activity_housing_rent_payment_success, activity_housing_rent_payment_success, activity_housing_rent_payment_success, activity_housing_rent_payment_success, activity_housing_rent_payment_success, activity_housing_rent_payment_success, activity_housing_rent_payment_success, activity_housing_rent_payment_success, activity_housing_rent_payment_success, activity_housing_rent_payment_success, activity_housing_rent_payment_success, activity_housing_rent_payment_success, activity_housing_rent_payment_success, activity_housing_rent_payment_success, activity_housing_rent_payment_success, activity_housing_rent_payment_success, activity_housing_rent_payment_success, activity_housing_rent_payment_success, activity_housing_rent_payment_success, activity_housing_rent_payment_success, activity_housing_rent_payment_success, activity_housing_rent_payment_success, activity_housing_rent_payment_success, activity_housing_rent_payment_success",,Active,25/5/2025 10:35pm,14/3/2026 6:00pm,14/3/2026 6:00pm,5/6/2025 7:23pm
,TechnoMedici,steven,3,100,Employer and Employee,"Antonio Mancini serves as an employee at your Public Bath, forming a strong, ongoing professional connection through daily operations. While this establishes a robust working relationship, the underlying trust remains low, suggesting a purely transactional dynamic rather than a personal bond. Your properties are also in close proximity, indicating shared commercial territory within Venice."," activity_wage_payment_success, activity_wage_payment_success, activity_wage_payment_success, activity_wage_payment_success, activity_wage_payment_success, activity_wage_payment_success, activity_wage_payment_success, activity_wage_payment_success, activity_wage_payment_success, activity_wage_payment_success, activity_wage_payment_success, activity_wage_payment_success, activity_wage_payment_success, activity_wage_payment_success, activity_wage_payment_success, activity_wage_payment_success, activity_wage_payment_success, activity_wage_payment_success, activity_wage_payment_success, activity_wage_payment_success",,Active,29/5/2025 6:57pm,14/3/2026 5:01pm,14/3/2026 5:01pm,5/6/2025 7:23pm
,BasstheWhale,Italia,3,50,Cautious Property Neighbors,"Their connection is primarily rooted in the proximity and intertwining of their land holdings within Venice, with both owning property near the other's. Despite their presence in the same economic sphere and shared geographic relevancies, there is a distinct absence of trust between them. Interactions are thus purely formal, focused on property matters or observed economic activities, without any deeper personal engagement.","Sources: building_on_others_land, geographic, others_building_on_your_land",,,25/5/2025 10:37pm,5/6/2025 7:23pm,5/6/2025 7:18pm,5/6/2025 7:23pm
,GamingPatrizio,Italia,3,61,Allied Through Commerce,"My standing with the Italian Principalities, known as Italia, is primarily forged through shared commercial endeavors. I operate a crucial Granary for them, forming a daily operational bond, and our collaborative venture in crafting luxury goods continues to flourish, blending our distinct skills. This deep professional involvement, reflected in our strong relationship, points to a mutual interest in the success of our intertwined businesses, especially as Italia's Granary currently lacks vital contracts, posing a shared economic concern.","Sources: building_on_others_land, contracts_interaction, geographic, operator_in_your_building, others_building_on_your_land, running_in_others_building",,,25/5/2025 10:32pm,5/6/2025 7:23pm,5/6/2025 7:07pm,5/6/2025 7:23pm
,BasstheWhale,steven,3,50,Neighboring Landowners,"Signore De Medici and I possess land parcels in close proximity within Venice, establishing a notable geographic connection between our holdings. However, despite this awareness of our neighboring properties, there has been no opportunity or occasion for the development of personal trust or deeper professional engagement between us.",Sources: geographic,,,29/5/2025 6:57pm,5/6/2025 7:23pm,5/6/2025 7:19pm,5/6/2025 7:23pm
,ConsiglioDeiDieci,shiren,3,100,Troubled Business Association,"Consiglio Dei Dieci maintains a strong business connection with Lucia Ferretti, as she operates the Consiglio's Timber Yard. However, this association is marked by a significant lack of trust due to Ferretti's business practices, specifically her failure to set wages and a lack of active contracts for the shared timber yard. From the Consiglio's vigilant perspective, such inefficiencies threaten the Republic's economic stability and reflect poorly on the operator's reliability."," activity_housing_rent_payment_success, activity_housing_rent_payment_success, activity_housing_rent_payment_success, activity_housing_rent_payment_success, activity_housing_rent_payment_success, activity_housing_rent_payment_success, activity_housing_rent_payment_success, activity_housing_rent_payment_success, activity_housing_rent_payment_success, activity_housing_rent_payment_success, activity_housing_rent_payment_success, activity_housing_rent_payment_success, activity_housing_rent_payment_success, activity_housing_rent_payment_success, activity_housing_rent_payment_success, activity_housing_rent_payment_success, activity_housing_rent_payment_success, activity_housing_rent_payment_success, activity_housing_rent_payment_success, activity_housing_rent_payment_success, activity_housing_rent_payment_success",,Active,25/5/2025 10:35pm,14/3/2026 6:00pm,14/3/2026 6:00pm,5/6/2025 7:23pm
,GamingPatrizio,steven,3,50,Geographically Bound Acquaintances,"Sofia and Antonio's relationship is characterized by their substantial shared geographical proximity due to owning nearby land parcels, resulting in a high StrengthScore. However, with a TrustScore of zero, their connection lacks any established personal trust or history of collaboration. This relationship is currently built solely on the intertwining of their property interests in Venice, setting the stage for potential future interactions.",Sources: geographic,,,29/5/2025 6:56pm,5/6/2025 7:23pm,5/6/2025 7:08pm,5/6/2025 7:23pm
,BookishMerchant,ConsiglioDeiDieci,3,100,Strained Business Ties,"I oversee two of the Consiglio Dei Dieci's commercial properties, the Contract Stall and the Small Warehouse, which establishes a strong operational link between us. However, the current lack of rent I pay for these leased businesses, combined with the inactivity of one of my operations on their property, has significantly eroded their trust in my management. This arrangement, while beneficial to my immediate ventures, appears as a financial oversight from the Republic's calculating perspective."," activity_housing_rent_payment_success, activity_housing_rent_payment_success, activity_housing_rent_payment_success, activity_housing_rent_payment_success, activity_housing_rent_payment_success, activity_housing_rent_payment_success, activity_housing_rent_payment_success, activity_housing_rent_payment_success, activity_housing_rent_payment_success, activity_housing_rent_payment_success, activity_housing_rent_payment_success, activity_housing_rent_payment_success, activity_housing_rent_payment_success, activity_housing_rent_payment_success, activity_housing_rent_payment_success, activity_housing_rent_payment_success, activity_housing_rent_payment_success, activity_housing_rent_payment_success, activity_housing_rent_payment_success, activity_housing_rent_payment_success, activity_housing_rent_payment_success, activity_housing_rent_payment_success, activity_housing_rent_payment_success, activity_housing_rent_payment_success",,Active,25/5/2025 10:36pm,14/3/2026 6:01pm,14/3/2026 6:01pm,5/6/2025 7:23pm
,BankingWizard99,ConsiglioDeiDieci,3,60,"Interdependent, Untrusting Connection","BankingWizard99 operates several of Our commercial properties, creating a significant and ongoing transactional relationship. However, a profound distrust persists, likely stemming from his Popolani origins and noted tendency for 'shortcut-seeking', which conflicts with Our mandate for upholding order and stability. This vital economic interdependence is therefore tempered by Our vigilance and a fundamental lack of accord."," public_welfare_suffering, renter_to_landlord, running_in_others_building, transactions_interaction, activity_dock_management_completed_success_managed_dock_public_dock_at_riva_dei_tabacchi, activity_dock_management_completed_success_managed_dock_public_dock_at_riva_dei_tabacchi, activity_dock_management_completed_success_managed_dock_public_dock_at_riva_dei_tabacchi, activity_dock_management_completed_success_managed_dock_public_dock_at_riva_dei_tabacchi, activity_dock_management_completed_success_managed_dock_public_dock_at_riva_dei_tabacchi, activity_dock_management_completed_success_managed_dock_public_dock_at_riva_dei_tabacchi, activity_dock_management_completed_success_managed_dock_public_dock_at_riva_dei_tabacchi, activity_dock_management_completed_success_managed_dock_public_dock_at_riva_dei_tabacchi, activity_dock_management_completed_success_managed_dock_public_dock_at_riva_dei_tabacchi, activity_dock_management_completed_success_managed_dock_public_dock_at_riva_dei_tabacchi, activity_dock_management_completed_success_managed_dock_public_dock_at_riva_dei_tabacchi, activity_dock_management_completed_success_managed_dock_public_dock_at_riva_dei_tabacchi, activity_dock_management_completed_success_managed_dock_public_dock_at_riva_dei_tabacchi, activity_dock_management_completed_success_managed_dock_public_dock_at_riva_dei_tabacchi, activity_dock_management_completed_success_managed_dock_public_dock_at_riva_dei_tabacchi, activity_dock_management_completed_success_managed_dock_public_dock_at_riva_dei_tabacchi",,Active,25/5/2025 10:36pm,8/7/2025 3:40pm,8/7/2025 3:40pm,5/6/2025 7:23pm
,ConsiglioDeiDieci,SilentObserver,3,38,"Utilitarian Ties, Low Trust","The relationship is defined by mutual utility: Marcantonio operates several of the Consiglio's key business properties, such as a Guard Post and Small Warehouse, and also rents a residence. This constant operational and landlord-tenant interaction results in a strong connection, yet the low trust score reflects the Consiglio's impersonal, calculating approach to its assets and the citizens who manage them for the Republic's benefit, rather than fostering personal rapport."," operator_in_your_building, public_welfare_hungry, public_welfare_suffering, renter_to_landlord, running_in_others_building, transactions_interaction, activity_theater_attendance_operator_success_attended_performance_at_building-45.43844921305672-12.333089926233379, activity_theater_attendance_operator_success_attended_performance_at_building-45.43844921305672-12.333089926233379, activity_encounter_initiated_opener_success_consigliodeidieci_opened_conversation_with_silentobserver_at_{""lat"":_45.425098802748686,_""lng"":_12.362717959741016}., activity_encounter_initiated_opener_success_consigliodeidieci_opened_conversation_with_silentobserver_at_{""lat"":_45.425098802748686,_""lng"":_12.362717959741016}., activity_encounter_initiated_opener_success_silentobserver_opened_conversation_with_consigliodeidieci_at_{""lat"":_45.425098802748686,_""lng"":_12.362717959741016}., activity_encounter_initiated_opener_success_consigliodeidieci_opened_conversation_with_silentobserver_at_{""lat"":_45.425098802748686,_""lng"":_12.362717959741016}., activity_encounter_initiated_opener_success_silentobserver_opened_conversation_with_consigliodeidieci_at_{""lat"":_45.425098802748686,_""lng"":_12.362717959741016}., activity_encounter_initiated_opener_success_silentobserver_opened_conversation_with_consigliodeidieci_at_{""lat"":_45.425098802748686,_""lng"":_12.362717959741016}.",,Active,25/5/2025 10:35pm,12/6/2025 12:51am,12/6/2025 12:51am,5/6/2025 7:23pm
,Feola007,SilkRoadRunner,3,100,Strained Professional Ties,"Isabella views Sebastiano as a necessary but untrustworthy associate due to his role as her employee at the Bottega. Despite their frequent interactions, evidenced by a high relationship strength, his apparent mismanagement of his own granary business, particularly the zero wages, fosters a deep-seated lack of trust. Their professional dealings are thus characterized by a pragmatic necessity rather than genuine camaraderie or mutual respect."," activity_wage_payment_success, activity_wage_payment_success, activity_wage_payment_success, activity_wage_payment_success, activity_wage_payment_success, activity_wage_payment_success, activity_wage_payment_success, activity_wage_payment_success, activity_wage_payment_success, activity_wage_payment_success, activity_wage_payment_success, activity_wage_payment_success, activity_wage_payment_success, activity_wage_payment_success, activity_wage_payment_success, activity_wage_payment_success, activity_wage_payment_success, activity_wage_payment_success, activity_wage_payment_success, activity_wage_payment_success, activity_wage_payment_success, activity_wage_payment_success, activity_wage_payment_success, activity_wage_payment_success",,Active,29/5/2025 6:50pm,14/3/2026 5:03pm,14/3/2026 5:03pm,5/6/2025 7:23pm
,ConsiglioDeiDieci,dkaya,3,100,Underperforming Business Operator,"Our economic interests are intertwined through my ownership of a Granary that dkaya operates. Despite this significant connection, dkaya is failing to manage the business adequately, paying no wages to its employees, which undermines its productivity and my income. This dereliction of duty has eroded trust, despite the notable scale of our shared operations."," activity_housing_rent_payment_success, activity_housing_rent_payment_success, activity_housing_rent_payment_success, activity_housing_rent_payment_success, activity_housing_rent_payment_success, activity_housing_rent_payment_success, activity_housing_rent_payment_success, activity_housing_rent_payment_success, activity_housing_rent_payment_success, activity_housing_rent_payment_success, activity_housing_rent_payment_success, activity_housing_rent_payment_success, activity_housing_rent_payment_success, activity_housing_rent_payment_success, activity_housing_rent_payment_success, activity_housing_rent_payment_success, activity_housing_rent_payment_success, activity_housing_rent_payment_success, activity_housing_rent_payment_success, activity_housing_rent_payment_success, activity_housing_rent_payment_success, activity_housing_rent_payment_success, activity_housing_rent_payment_success, activity_housing_rent_payment_success",,Active,25/5/2025 10:36pm,14/3/2026 6:00pm,14/3/2026 6:00pm,5/6/2025 7:23pm
,ConsiglioDeiDieci,Lucid,3,22,Wary Economic Nexus,"A complex interplay of high activity and deep mistrust defines Our relationship with Lorenzo Bellavita. Despite sharing close geographic proximity through landholdings and engaging in historical commercial transactions, including a past 'employee-to-employer' dynamic, a persistent negative trust score reflects his fundamental distrust of Venice's upper classes and financial systems, clashing with Our own detached, calculating approach to ensuring the Republic's economic stability. Our interactions are thus frequent and necessary for the Republic's functions, yet conducted with a palpable wariness from both sides.","Sources: employee_to_employer, geographic, public_welfare_homeless, public_welfare_suffering, transactions_interaction, activity_theater_attendance_operator_success_attended_performance_at_building-45.43844921305672-12.333089926233379, activity_theater_attendance_operator_success_attended_performance_at_building-45.43844921305672-12.333089926233379, activity_theater_attendance_operator_success_attended_performance_at_building-45.43844921305672-12.333089926233379",,Active,25/5/2025 10:35pm,12/6/2025 11:19pm,12/6/2025 11:19pm,5/6/2025 7:23pm
,ConsiglioDeiDieci,LorenzoMocenigo,2,50,,,"Sources: building_on_others_land, geographic",,,25/5/2025 10:35pm,5/6/2025 7:23pm,5/6/2025 7:14pm,5/6/2025 7:23pm
,BasstheWhale,John_Jeffries,2,51,Calculating Neighbors,"Zuan Ca' Zefri and Bass De Medici, both established Cittadini, share a notable connection primarily through their extensive landholdings in proximate Venetian districts. Despite this strong geographic relevancy, their relationship is marked by a complete absence of mutual trust, suggesting a dynamic of cautious observation rather than collaboration. Zuan, ever the meticulous and calculating merchant, is acutely aware of Bass's presence and activities, even noting operational issues such as a hungry employee in Bass's employ, viewing such matters through the lens of potential advantage or weakness.","Sources: geographic, activity_church_attendance_success_prayed_at_building-45.434820-12.332664, activity_church_attendance_success_prayed_at_building-45.434820-12.332664",,Active,29/5/2025 7:01pm,7/7/2025 8:49pm,7/7/2025 8:49pm,5/6/2025 7:23pm
,ConsiglioDeiDieci,TravelBug23,2,45,"Functional Operator, Distant Authority","As a Popolani, you operate two vital public docks owned by the influential Consiglio Dei Dieci, establishing a significant and ongoing operational connection. However, this relationship is strictly transactional and impersonal; the Council views you primarily as a functional asset within its vast property holdings, resulting in notably low trust between you despite your integral role in their operations.","Sources: operator_in_your_building, public_welfare_hungry, running_in_others_building, transactions_interaction, activity_dock_management_completed_success_managed_dock_public_dock_at_fondamenta_degli_intagliatori, activity_dock_management_completed_success_managed_dock_public_dock_at_fondamenta_degli_intagliatori, activity_dock_management_completed_success_managed_dock_public_dock_at_fondamenta_degli_intagliatori, activity_dock_management_completed_success_managed_dock_public_dock_at_fondamenta_degli_intagliatori",,Active,29/5/2025 6:56pm,5/8/2026 3:40pm,5/8/2026 3:40pm,5/6/2025 7:23pm
,BasstheWhale,Debug42,2,100,Strained Employment Bond,"Beatrice Sanudo is an employee of Bass De Medici at his Public Dock, forming a strong and established commercial bond. Despite this significant connection, the relationship is marked by distrust, possibly due to issues such as Beatrice's hunger impacting her productivity at his business. Their interactions extend beyond simple employment, involving various transactions and shared land interests, yet remain uneasy."," activity_wage_payment_success, activity_wage_payment_success, activity_wage_payment_success, activity_wage_payment_success, activity_wage_payment_success, activity_wage_payment_success, activity_wage_payment_success, activity_wage_payment_success, activity_wage_payment_success, activity_wage_payment_success, activity_wage_payment_success, activity_wage_payment_success, activity_wage_payment_success, activity_wage_payment_success, activity_wage_payment_success, activity_wage_payment_success, activity_wage_payment_success, activity_wage_payment_success, activity_wage_payment_success, activity_wage_payment_success, activity_wage_payment_success, activity_wage_payment_success, activity_wage_payment_success, activity_wage_payment_success, activity_wage_payment_success, activity_wage_payment_success, activity_wage_payment_success, activity_wage_payment_success, activity_wage_payment_success, activity_wage_payment_success, activity_wage_payment_success, activity_wage_payment_success",,Active,25/5/2025 10:37pm,14/3/2026 5:01pm,14/3/2026 5:01pm,5/6/2025 7:23pm
,GamingPatrizio,ShadowHunter,2,44,Mutual Commercial Interests,"Our connection with Gabriele is primarily rooted in a strong business arrangement, as he diligently operates a bakery under my ownership. This active employer-employee dynamic, coupled with our shared membership in the same guild, signifies a robust and ongoing professional relationship where his reliable operation of my property ensures mutual prosperity.","Sources: employee_to_employer, employer_to_employee, guild_member, operator_in_your_building, running_in_others_building, activity_fetch_pickup_failure_nothing_to_pickup, activity_fetch_pickup_failure_nothing_to_pickup",,Active,25/5/2025 10:32pm,19/6/2025 12:18pm,19/6/2025 12:18pm,5/6/2025 7:23pm
,ConsiglioDeiDieci,John_Jeffries,2,100,"Functional, Distrustful Enterprise","John_Jeffries operates a Chapel owned by ConsiglioDeiDieci, forming a direct business connection that accounts for their significant StrengthScore, as evidenced by the 'operator_in_your_building' relevancy. Despite this functional association, their relationship is marked by a negative TrustScore, indicating a profound lack of mutual confidence. This suggests a purely transactional dynamic, driven by utility rather than genuine rapport, consistent with the calculating natures of both parties."," activity_housing_rent_payment_success, activity_housing_rent_payment_success, activity_housing_rent_payment_success, activity_housing_rent_payment_success, activity_housing_rent_payment_success, activity_housing_rent_payment_success, activity_housing_rent_payment_success, activity_housing_rent_payment_success, activity_housing_rent_payment_success, activity_housing_rent_payment_success, activity_housing_rent_payment_success, activity_housing_rent_payment_success, activity_housing_rent_payment_success, activity_housing_rent_payment_success, activity_housing_rent_payment_success, activity_housing_rent_payment_success, activity_housing_rent_payment_success, activity_housing_rent_payment_success, activity_housing_rent_payment_success, activity_housing_rent_payment_success, activity_housing_rent_payment_success, activity_housing_rent_payment_success, activity_housing_rent_payment_success, activity_housing_rent_payment_success",,Active,25/5/2025 10:35pm,14/3/2026 6:02pm,14/3/2026 6:02pm,5/6/2025 7:23pm
,GamingPatrizio,Miles4lf,2,44,Functional Employment Link,"Miles4lf is your employee at the Granary, establishing a strong, ongoing professional connection centered on their work for you. Despite this robust functional relationship, indicated by a high StrengthScore, a very low TrustScore suggests a lack of personal rapport or even underlying distrust. Your interactions are primarily transactional, defined by the dynamics of employer and employee.","Sources: employee_fed, employee_homeless, employee_paid_recently, employee_to_employer, employer_to_employee, geographic, transactions_interaction, activity_fetch_pickup_failure_nothing_to_pickup, activity_fetch_pickup_failure_nothing_to_pickup",,Active,29/5/2025 6:56pm,27/6/2025 5:24pm,27/6/2025 5:24pm,5/6/2025 7:23pm
,GamingPatrizio,John_Jeffries,2,50,Calculated Partnership,"Our relationship is primarily a professional one, driven by the mutual benefit of Zuan operating my bakery. While our ongoing business activities have forged a strong interdependence, our interactions remain strictly transactional, devoid of personal trust. It is a calculated partnership, efficient in its pursuit of profit, yet lacking in genuine camaraderie.","Sources: building_on_others_land, operator_in_your_building, others_building_on_your_land, running_in_others_building",,,25/5/2025 10:34pm,5/6/2025 7:23pm,5/6/2025 7:12pm,5/6/2025 7:23pm
,ShippingMogul,Debug42,2,50,Operational Business Partners,"You maintain a significant, yet purely operational, business relationship with Beatrice Sanudo, as she currently operates your Contract Stall at Rio Terà dei Scudi. While your shared guild membership and this direct collaboration reflect a strong professional connection, a foundation of personal trust has yet to be established between you. Your interactions remain focused strictly on mutual commercial interests and strategic opportunities.","Sources: guild_member, operator_in_your_building, running_in_others_building",,,25/5/2025 10:32pm,5/6/2025 7:23pm,5/6/2025 7:09pm,5/6/2025 7:23pm
,DucatsRunner,Debug42,2,50,Transactional Business Ties,"Our primary connection stems from my operation of Beatrice's Contract Stall, a venture that grants us a notable shared interest. While this business relationship is strong, our interactions remain purely transactional, as evidenced by the absence of personal trust. Furthermore, the property I operate is noted as 'vacant' by the system, suggesting potential for a more formalized or expanded partnership.","Sources: guild_member, operator_in_your_building, running_in_others_building",,,25/5/2025 10:37pm,5/6/2025 7:23pm,5/6/2025 7:19pm,5/6/2025 7:23pm
,DucatsRunner,QuantumLeap,2,50,Transactional Business Alliance,"Lorenzo operates my bakery, establishing a strong professional and recurring business connection, further reinforced by our shared guild membership. Despite this high operational engagement, our relationship remains purely transactional, marked by a complete absence of personal trust. We rely on each other for mutual commercial benefit, but without deeper confidence or shared confidences.","Sources: guild_member, operator_in_your_building, running_in_others_building",,,25/5/2025 10:37pm,5/6/2025 7:23pm,5/6/2025 7:19pm,5/6/2025 7:23pm
,DragonSlayer,SilentObserver,2,50,Operational Business Partners,"Our relationship is primarily defined by the commercial arrangement where I operate your Contract Stall at Calle della Scuola Grande, a connection reinforced by our shared guild membership. While this ongoing professional engagement has established a notable Strength Score, our interactions remain purely transactional, as reflected by the current absence of personal trust. My recent lack of sustenance, a concern that could impact the stall's daily operation, underscores the practical nature of our current alliance.","Sources: guild_member, operator_in_your_building, running_in_others_building",,,25/5/2025 10:33pm,5/6/2025 7:23pm,5/6/2025 7:11pm,5/6/2025 7:23pm
,ConsiglioDeiDieci,Miles4lf,2,100,"Governing Hand, Citizen's Distrust","Despite a strong connection arising from geographical proximity and past dealings, a notable lack of trust persists between the Consiglio Dei Dieci and Miles4lf. Our pragmatic governance and awareness of public welfare matters, including those related to Miles4lf's circumstances, contribute to this complex, low-trust dynamic within the Republic."," activity_housing_rent_payment_success, activity_housing_rent_payment_success, activity_housing_rent_payment_success, activity_housing_rent_payment_success, activity_housing_rent_payment_success, activity_housing_rent_payment_success, activity_housing_rent_payment_success, activity_housing_rent_payment_success, activity_housing_rent_payment_success, activity_housing_rent_payment_success, activity_housing_rent_payment_success, activity_housing_rent_payment_success, activity_housing_rent_payment_success, activity_housing_rent_payment_success, activity_housing_rent_payment_success, activity_housing_rent_payment_success, activity_housing_rent_payment_success, activity_housing_rent_payment_success, activity_housing_rent_payment_success, activity_housing_rent_payment_success, activity_housing_rent_payment_success, activity_housing_rent_payment_success",,Active,29/5/2025 7:01pm,10/7/2025 6:02pm,10/7/2025 6:02pm,5/6/2025 7:23pm
,ConsiglioDeiDieci,ItalyMerchant,2,56,Distant Business Associates,"Marco, a shrewd Popolani trader, operates a public dock owned by the influential Consiglio dei Dieci, creating a significant ongoing business tie. Despite this strong commercial connection, their relationship is marked by low trust, likely due to Marco's opportunistic nature and Consiglio's inherent dispassion and focus on Republic stability. Marco likely sees opportunities in Consiglio's extensive but sometimes underperforming property portfolio, while Consiglio maintains a vigilant, albeit distant, oversight."," messages_interaction, operator_in_your_building, public_welfare_hungry, public_welfare_suffering, renter_to_landlord, running_in_others_building, transactions_interaction, activity_dock_management_completed_success_managed_dock_public_dock_at_fondamenta_dei_comparetti, activity_dock_management_completed_success_managed_dock_public_dock_at_fondamenta_dei_comparetti, activity_dock_management_completed_success_managed_dock_public_dock_at_fondamenta_dei_comparetti, activity_dock_management_completed_success_managed_dock_public_dock_at_fondamenta_dei_comparetti, activity_dock_management_completed_success_managed_dock_public_dock_at_fondamenta_dei_comparetti, activity_dock_management_completed_success_managed_dock_public_dock_at_fondamenta_dei_comparetti, activity_dock_management_completed_success_managed_dock_public_dock_at_fondamenta_dei_comparetti, activity_dock_management_completed_success_managed_dock_public_dock_at_fondamenta_dei_comparetti, activity_dock_management_completed_success_managed_dock_public_dock_at_fondamenta_dei_comparetti, activity_dock_management_completed_success_managed_dock_public_dock_at_fondamenta_dei_comparetti, activity_dock_management_completed_success_managed_dock_public_dock_at_fondamenta_dei_comparetti, activity_dock_management_completed_success_managed_dock_public_dock_at_fondamenta_dei_comparetti, activity_dock_management_completed_success_managed_dock_public_dock_at_fondamenta_dei_comparetti",,Active,25/5/2025 10:35pm,6/3/2026 6:24pm,6/3/2026 6:24pm,5/6/2025 7:23pm
,ConsiglioDeiDieci,ZenithTrader,2,34,Distrustful Commercial Ties,"Consiglio Dei Dieci maintains an active landlord-tenant relationship with ZenithTrader, who operates a Contract Stall on Consiglio's property, reflecting a strong connection score. However, this commercial link is marked by significant distrust, indicated by a negative Trust Score. The Consiglio notes concerns of 'public welfare suffering' associated with this arrangement, necessitating vigilance due to ZenithTrader's known ruthless business practices.","Sources: landlord_to_renter, operator_in_your_building, public_welfare_hungry, public_welfare_suffering, renter_to_landlord, running_in_others_building, transactions_interaction, activity_theater_attendance_operator_success_attended_performance_at_building-45.43844921305672-12.333089926233379",,Active,25/5/2025 10:36pm,10/6/2025 2:46pm,10/6/2025 2:46pm,5/6/2025 7:23pm
,BasstheWhale,DragonSlayer,2,7,Professional Employment,"Bianca Tassini is currently employed by Bass De Medici at his Public Dock, making their relationship primarily professional and transactional. Despite consistent daily interactions and mutual reliance for work-related activities, their bond is characterized by a low degree of personal trust. This suggests a formal arrangement focused strictly on their respective roles as employer and employee."," activity_wage_payment_failure_employer_insufficient_funds, activity_wage_payment_failure_employer_insufficient_funds, activity_wage_payment_failure_employer_insufficient_funds, activity_wage_payment_failure_employer_insufficient_funds, activity_wage_payment_failure_employer_insufficient_funds, activity_wage_payment_failure_employer_insufficient_funds, activity_wage_payment_failure_employer_insufficient_funds, activity_wage_payment_failure_employer_insufficient_funds, activity_wage_payment_failure_employer_insufficient_funds, activity_wage_payment_failure_employer_insufficient_funds, activity_wage_payment_failure_employer_insufficient_funds, activity_wage_payment_success, activity_wage_payment_failure_employer_insufficient_funds, activity_wage_payment_failure_employer_insufficient_funds, activity_wage_payment_failure_employer_insufficient_funds, activity_wage_payment_failure_employer_insufficient_funds, activity_wage_payment_failure_employer_insufficient_funds, activity_wage_payment_failure_employer_insufficient_funds, activity_wage_payment_failure_employer_insufficient_funds, activity_wage_payment_failure_employer_insufficient_funds",,Active,25/5/2025 10:36pm,14/3/2026 5:02pm,14/3/2026 5:02pm,5/6/2025 7:23pm
,PixelDoge,Trade4Fun,2,58,Reliable Business Colleagues,"Niccolò and Vincenzo maintain a reliable professional connection primarily through their ongoing business arrangement, where Niccolò operates a contract stall located in a building owned by Vincenzo. This, alongside their shared guild membership, contributes to a strong operational relationship. However, despite frequent interactions, their bond remains strictly transactional, with a neutral trust score indicating a focus on mutual reliability in dealings rather than deeper personal rapport."," activity_eat_at_tavern_payment_success, activity_eat_at_tavern_payment_success, activity_eat_at_tavern_payment_success, activity_eat_at_tavern_payment_success, activity_eat_at_tavern_payment_success, activity_eat_at_tavern_payment_success, activity_eat_at_tavern_payment_success, activity_eat_at_tavern_payment_success, activity_eat_at_tavern_payment_success, activity_eat_at_tavern_payment_success, activity_eat_at_tavern_payment_success, activity_eat_at_tavern_payment_success, activity_eat_at_tavern_payment_success, activity_eat_at_tavern_payment_success, activity_eat_at_tavern_payment_success, activity_eat_at_tavern_payment_success, activity_eat_at_tavern_payment_success, activity_eat_at_tavern_payment_success, activity_eat_at_tavern_processing_failure_system_error, activity_eat_at_tavern_processing_failure_system_error, activity_eat_at_tavern_processing_failure_system_error, activity_eat_at_tavern_processing_failure_system_error",,Active,25/5/2025 10:35pm,10/7/2025 6:45pm,10/7/2025 6:45pm,5/6/2025 7:23pm
,DesertRanger,PixelDoge,2,50,Reliable Business Associate,"As fellow Popolani and members of the same guild, our professional paths are firmly intertwined. I diligently operate a contract stall owned by Tiziano, a significant ongoing arrangement that speaks to the mutual reliability and trust we have cultivated in our dealings. While our interactions remain primarily focused on the meticulous execution of our shared trade, this professional connection forms a stable foundation in the Republic's commerce.","Sources: guild_member, messages_interaction, operator_in_your_building, running_in_others_building",,,25/5/2025 10:34pm,5/6/2025 7:23pm,5/6/2025 7:13pm,5/6/2025 7:23pm
,Italia,TechnoMedici,2,50,Proximate Figures,"The relationship between Italia and TechnoMedici is characterized by their notable geographic proximity within Venice, which contributes significantly to the awareness each holds of the other. Despite this strong locational connection, there is no established trust between them, indicating a relationship built on observation rather than shared ventures or deep collaboration. Both parties currently contend with the common issue of hunger.",Sources: geographic,,,29/5/2025 6:54pm,5/6/2025 7:23pm,5/6/2025 7:16pm,5/6/2025 7:23pm
,Italia,steven,2,53,Adjacent Landowners,"Our connection is primarily based on the close proximity of our land holdings within Venice, particularly in the San Marco area. This geographic adjacency creates a mutual interest in the development of these areas, though a foundation of trust has not yet been established.","Sources: geographic, activity_encounter_initiated_opener_success_steven_opened_conversation_with_italia_at_{""lat"":_45.425098802748686,_""lng"":_12.362717959741016}., activity_encounter_initiated_opener_success_steven_opened_conversation_with_italia_at_{""lat"":_45.425098802748686,_""lng"":_12.362717959741016}., activity_encounter_initiated_opener_success_italia_opened_conversation_with_steven_at_{""lat"":_45.425098802748686,_""lng"":_12.362717959741016}., activity_encounter_initiated_opener_success_steven_opened_conversation_with_italia_at_{""lat"":_45.425098802748686,_""lng"":_12.362717959741016}., activity_encounter_initiated_opener_success_italia_opened_conversation_with_steven_at_{""lat"":_45.425098802748686,_""lng"":_12.362717959741016}.",,Active,29/5/2025 6:54pm,12/6/2025 12:20am,12/6/2025 12:20am,5/6/2025 7:23pm
,ConsiglioDeiDieci,QuantumLeap,2,100,Distrusted Business Operator,"While Chiara Bembo operates a Granary owned by the Consiglio Dei Dieci, creating a significant professional tie, this relationship is marked by a notable distrust. The Consiglio observes Chiara's personal hardship, specifically her hunger and that of her employee within its own Granary, which raises concerns about public welfare and the effective management of its assets. This situation, viewed through the lens of the Republic's stability, diminishes the Consiglio's confidence in her contribution and operational effectiveness."," activity_housing_rent_payment_success, activity_housing_rent_payment_success, activity_housing_rent_payment_success, activity_housing_rent_payment_success, activity_housing_rent_payment_success, activity_housing_rent_payment_success, activity_housing_rent_payment_success, activity_housing_rent_payment_success, activity_housing_rent_payment_success, activity_housing_rent_payment_success, activity_housing_rent_payment_success, activity_housing_rent_payment_success, activity_housing_rent_payment_success, activity_housing_rent_payment_success, activity_housing_rent_payment_success, activity_housing_rent_payment_success, activity_housing_rent_payment_success, activity_housing_rent_payment_success, activity_housing_rent_payment_success, activity_housing_rent_payment_success, activity_housing_rent_payment_success, activity_housing_rent_payment_success",,Active,25/5/2025 10:35pm,13/7/2025 6:00pm,13/7/2025 6:00pm,5/6/2025 7:23pm
,GamingPatrizio,SilkRoadRunner,2,55,Nearby Proprietors,"The relationship between Sofia Zanchi and Isabella Contarini is primarily defined by their shared ownership of adjacent land parcels, which contributes to a notable StrengthScore of over 182. Despite this close geographic proximity, their TrustScore remains at zero, indicating that their interactions have not yet fostered mutual confidence. Both citizens are currently experiencing hunger, a shared personal challenge that highlights their individual circumstances rather than a cooperative bond.","Sources: geographic, activity_encounter_initiated_opener_success_silkroadrunner_opened_conversation_with_gamingpatrizio_at_{""lat"":_45.440862333333335,_""lng"":_12.327658999999999}., activity_encounter_initiated_opener_success_silkroadrunner_opened_conversation_with_gamingpatrizio_at_{""lat"":_45.440862333333335,_""lng"":_12.327658999999999}., activity_encounter_initiated_opener_success_gamingpatrizio_opened_conversation_with_silkroadrunner_at_{""lat"":_45.440862333333335,_""lng"":_12.327658999999999}., activity_encounter_initiated_opener_success_gamingpatrizio_opened_conversation_with_silkroadrunner_at_{""lat"":_45.440862333333335,_""lng"":_12.327658999999999}., activity_encounter_initiated_opener_success_silkroadrunner_opened_conversation_with_gamingpatrizio_at_{""lat"":_45.440862333333335,_""lng"":_12.327658999999999}., activity_encounter_initiated_opener_success_gamingpatrizio_opened_conversation_with_silkroadrunner_at_{""lat"":_45.440862333333335,_""lng"":_12.327658999999999}., activity_encounter_initiated_opener_success_silkroadrunner_opened_conversation_with_gamingpatrizio_at_{""lat"":_45.440862333333335,_""lng"":_12.327658999999999}., activity_encounter_initiated_opener_success_silkroadrunner_opened_conversation_with_gamingpatrizio_at_{""lat"":_45.440862333333335,_""lng"":_12.327658999999999}., activity_encounter_initiated_opener_success_silkroadrunner_opened_conversation_with_gamingpatrizio_at_{""lat"":_45.440862333333335,_""lng"":_12.327658999999999}.",,Active,29/5/2025 6:50pm,9/6/2025 12:17pm,9/6/2025 12:17pm,5/6/2025 7:23pm
,BarbarigoCadet,SilkRoadRunner,2,55,Guarded Business Arrangement,"Antonio operates my Goldsmith Workshop, which creates a significant and ongoing professional connection between us. Despite this direct involvement in my enterprise, our relationship is purely transactional, marked by a complete absence of personal trust. I observe him closely, recognizing his unique position and calculated approach to business, much as he, I imagine, views my newly acquired status."," operator_in_your_building, running_in_others_building, activity_encounter_initiated_opener_success_silkroadrunner_opened_conversation_with_barbarigocadet_at_{""lat"":_45.440862333333335,_""lng"":_12.327658999999999}., activity_encounter_initiated_opener_success_silkroadrunner_opened_conversation_with_barbarigocadet_at_{""lat"":_45.440862333333335,_""lng"":_12.327658999999999}., activity_encounter_initiated_opener_success_barbarigocadet_opened_conversation_with_silkroadrunner_at_{""lat"":_45.440862333333335,_""lng"":_12.327658999999999}., activity_encounter_initiated_opener_success_silkroadrunner_opened_conversation_with_barbarigocadet_at_{""lat"":_45.440862333333335,_""lng"":_12.327658999999999}., activity_encounter_initiated_opener_success_silkroadrunner_opened_conversation_with_barbarigocadet_at_{""lat"":_45.440862333333335,_""lng"":_12.327658999999999}., activity_encounter_initiated_opener_success_barbarigocadet_opened_conversation_with_silkroadrunner_at_{""lat"":_45.440862333333335,_""lng"":_12.327658999999999}., activity_encounter_initiated_opener_success_silkroadrunner_opened_conversation_with_barbarigocadet_at_{""lat"":_45.440862333333335,_""lng"":_12.327658999999999}., activity_encounter_initiated_opener_success_silkroadrunner_opened_conversation_with_barbarigocadet_at_{""lat"":_45.440862333333335,_""lng"":_12.327658999999999}., activity_encounter_initiated_opener_success_barbarigocadet_opened_conversation_with_silkroadrunner_at_{""lat"":_45.440862333333335,_""lng"":_12.327658999999999}.",,Active,25/5/2025 10:34pm,9/6/2025 12:38pm,9/6/2025 12:38pm,5/6/2025 7:23pm
,SilkRoadRunner,cyprus_merchant,2,100,Employer-Employee Dynamic,"My connection with Isabella Contarini is rooted firmly in a professional arrangement; I am employed at her Contract Stall. This regular engagement is significant, yet our bond remains largely transactional, with little personal trust beyond the fulfillment of our respective duties."," activity_wage_payment_success, activity_wage_payment_success, activity_wage_payment_success, activity_wage_payment_success, activity_wage_payment_success, activity_wage_payment_success, activity_wage_payment_success, activity_wage_payment_success, activity_wage_payment_success, activity_wage_payment_success, activity_wage_payment_success, activity_wage_payment_success, activity_wage_payment_success, activity_wage_payment_success, activity_wage_payment_success, activity_wage_payment_success, activity_wage_payment_success, activity_wage_payment_success, activity_wage_payment_success, activity_wage_payment_success, activity_wage_payment_success, activity_wage_payment_success, activity_wage_payment_success, activity_wage_payment_success, activity_wage_payment_success, activity_wage_payment_success, activity_wage_payment_success, activity_wage_payment_success, activity_wage_payment_success, activity_wage_payment_success, activity_wage_payment_success",,Active,29/5/2025 6:50pm,14/3/2026 5:01pm,14/3/2026 5:01pm,5/6/2025 7:23pm
,FoodieForLife,SilkRoadRunner,2,50,Uneasy Employment,"You work for Isabella, which provides a steady income crucial for your own growing wealth. However, despite the strong professional connection, there's a deep-seated distrust stemming from your envy of her elevated status, making the arrangement purely pragmatic rather than one of genuine camaraderie.","Sources: employee_fed, employee_homeless, employee_paid_recently, employee_to_employer, employer_to_employee, transactions_interaction",,,29/5/2025 6:50pm,5/6/2025 7:23pm,5/6/2025 7:08pm,5/6/2025 7:23pm
,DomenicoGrimani,SilkRoadRunner,1,50,,,Sources: geographic,,,29/5/2025 6:50pm,5/6/2025 7:23pm,5/6/2025 7:05pm,5/6/2025 7:23pm
,Feola007,steven,1,50,Neighboring Landowners,"Antonio Mancini and Sebastiano Grimani, both Cittadini, share a significant geographic proximity with their respective landholdings in Cannaregio, fostering a strong mutual awareness. However, despite this close adjacency, a foundation of trust has not yet been established between them. Their relationship currently exists as that of prominent neighbors with shared interests in the area's property market.",Sources: geographic,,,29/5/2025 6:57pm,5/6/2025 7:23pm,5/6/2025 7:17pm,5/6/2025 7:23pm
,BasstheWhale,Feola007,1,51,Geographically Bound Cittadini,"Our properties in Cannaregio are in close proximity, fostering a strong geographic connection between us as influential Cittadini landowners. While this shared vicinity creates a notable awareness and a strong relationship score based on location, there is currently no established trust between us. We are neighboring figures in the Republic, aware of each other's presence but without deeper personal or business ties.","Sources: geographic, activity_encounter_initiated_opener_success_bassthewhale_opened_conversation_with_feola007_at_{""lat"":_45.4408725,_""lng"":_12.3303685}.",,Active,29/5/2025 7:05pm,7/6/2025 12:35am,7/6/2025 12:35am,5/6/2025 7:23pm
,TechnoMedici,meyti_tgz,1,50,Proximate Landowners,"Marco Venier and Matteo Tabrizzi, both Cittadini, share a notable connection primarily due to the close proximity of their landholdings in Venice. While their geographic closeness contributes to a significant strength score, there is currently no established trust between them. This suggests they are aware of each other as neighboring property owners, rather than engaged partners or close confidantes.",Sources: geographic,,,29/5/2025 6:55pm,5/6/2025 7:23pm,5/6/2025 7:16pm,5/6/2025 7:23pm
,TravelBug23,alexandria_trader,1,100,Formal Business Engagement,"You currently operate an Inn owned by Giacomo Alessandrino, establishing a direct business connection. Despite this strong professional tie, a mutual trust has not yet been formed between you. The inn, however, is presently facing issues, being considered unoccupied and lacking active contracts, which limits its economic value for Giacomo."," activity_wage_payment_success, activity_wage_payment_success, activity_wage_payment_success, activity_wage_payment_success, activity_wage_payment_success, activity_wage_payment_success, activity_wage_payment_success, activity_wage_payment_success, activity_wage_payment_success, activity_wage_payment_success, activity_wage_payment_success, activity_wage_payment_success, activity_wage_payment_success, activity_wage_payment_success, activity_wage_payment_success, activity_wage_payment_success, activity_wage_payment_success, activity_wage_payment_success, activity_wage_payment_success, activity_wage_payment_success, activity_wage_payment_success, activity_wage_payment_success, activity_wage_payment_success",,Active,29/5/2025 6:55pm,14/3/2026 5:00pm,14/3/2026 5:00pm,5/6/2025 7:23pm
,Italia,trader4life,1,53,Contractual Business Arrangement,"The relationship between The Italian and Elena Barbarigo is defined by Elena's role as the operator of The Italian's Contract Stall at Sottoportego dei Benefattori. This arrangement has fostered a strong professional connection, as indicated by a StrengthScore of 140. However, with a TrustScore of 0, their interactions remain strictly transactional, emphasizing a professional understanding rather than personal reliability or shared ventures.","Sources: operator_in_your_building, running_in_others_building, activity_encounter_initiated_opener_success_trader4life_opened_conversation_with_italia_at_{""lat"":_45.425098802748686,_""lng"":_12.362717959741016}., activity_encounter_initiated_opener_success_italia_opened_conversation_with_trader4life_at_{""lat"":_45.425098802748686,_""lng"":_12.362717959741016}., activity_encounter_initiated_opener_success_trader4life_opened_conversation_with_italia_at_{""lat"":_45.425098802748686,_""lng"":_12.362717959741016}., activity_encounter_initiated_opener_success_trader4life_opened_conversation_with_italia_at_{""lat"":_45.425098802748686,_""lng"":_12.362717959741016}.",,Active,29/5/2025 6:54pm,11/6/2025 7:33pm,11/6/2025 7:33pm,5/6/2025 7:23pm
,BookWorm365,SilentObserver,1,52,Functional Business Arrangement,"Our connection is primarily professional, as Marcantonio capably operates my Contract Stall at Calle della Carità. This shared commercial endeavor has forged a robust operational relationship, evident in its strong influence score, yet a deep personal trust has not been established. Furthermore, both of us are currently experiencing hunger, a matter that could impede our mutual capacity to conduct business efficiently.","Sources: operator_in_your_building, running_in_others_building, activity_encounter_initiated_opener_success_bookworm365_opened_conversation_with_silentobserver_at_{""lat"":_45.425098802748686,_""lng"":_12.362717959741016}., activity_encounter_initiated_opener_success_silentobserver_opened_conversation_with_bookworm365_at_{""lat"":_45.425098802748686,_""lng"":_12.362717959741016}., activity_encounter_initiated_opener_success_bookworm365_opened_conversation_with_silentobserver_at_{""lat"":_45.425098802748686,_""lng"":_12.362717959741016}.",,Active,29/5/2025 6:55pm,11/6/2025 3:44pm,11/6/2025 3:44pm,5/6/2025 7:23pm
,DogeLover88,Italia,1,50,"Building Operator, Low Trust","DogeLover88 is an active operator of your Masons' Lodge at Fondamenta della Fornace, representing a significant business engagement with a Strength Score of 140. Despite this active operational role, a Trust Score of 0 indicates a purely transactional relationship without established personal trust. Furthermore, the Masons' Lodge currently suffers from a lack of active contracts, which is a concern for your property's profitability under their management.","Sources: operator_in_your_building, running_in_others_building",,,29/5/2025 6:54pm,5/6/2025 7:23pm,5/6/2025 7:11pm,5/6/2025 7:23pm
,BankingWizard99,ShadowHunter,1,50,Contractual Commercial Link,"My Contract Stall at Fondamenta delle Zattere operates from a building owned by Gabriele Memmo, establishing a direct and ongoing commercial connection between us. This arrangement, while strong in its business foundation, lacks any personal trust, indicating our interactions are strictly professional and bound by the terms of our agreement. As a shrewd Popolani, I find efficiency in this purely transactional relationship, focusing solely on the terms of our accord.","Sources: operator_in_your_building, running_in_others_building",,,29/5/2025 6:55pm,5/6/2025 7:23pm,5/6/2025 7:16pm,5/6/2025 7:23pm
,DucaleTechie,VenicePhotographer,1,50,Transactional Property Lease,"VenicePhotographer operates my Contract Stall at Salizada dei Spezieri, establishing a strong, direct business connection through this shared commercial activity. Despite the significant link and high Strength Score derived from this arrangement, our Trust Score remains at zero, indicating a purely transactional relationship devoid of personal trust or deeper reliance.","Sources: operator_in_your_building, running_in_others_building",,,29/5/2025 6:56pm,5/6/2025 7:23pm,5/6/2025 7:08pm,5/6/2025 7:23pm
,StormRider,VenicePhotographer,1,50,Professional Arrangement,"Our relationship is a pragmatic professional arrangement: I operate the Contract Stall at Sottoportego dei Marinai, a building owned by StormRider. This establishes a strong and active connection due to our interwoven business activities and shared physical space. However, despite this clear interdependence, there is currently no foundation of personal trust between us, suggesting our interactions remain purely transactional.","Sources: operator_in_your_building, running_in_others_building",,,29/5/2025 6:57pm,5/6/2025 7:23pm,5/6/2025 7:19pm,5/6/2025 7:23pm
,LagoonDealer2025,VenicePhotographer,1,50,Contractual Business Partners,"Marco Bianchi operates the Contract Stall at Campiello del Paron, an establishment that I own, which forms the core of our high-strength business relationship. Despite this solid operational connection, our interactions remain purely transactional, as no explicit trust has yet been established between us.","Sources: operator_in_your_building, running_in_others_building",,,29/5/2025 6:57pm,5/6/2025 7:23pm,5/6/2025 7:16pm,5/6/2025 7:23pm
,MerchantLegend,TechnoMedici,1,50,Commercial Operation Connection,"Marco Venier, a Cittadini merchant, operates a bakery owned by Antonio Mercanti, a Popolani porter, forming a significant operational link between them. This arrangement is the sole source of their high relationship strength score, yet a deeper level of personal trust has not yet been established. The bakery currently remains unoccupied, which presents a problem for Antonio as the owner and prevents active commerce for Marco as the operator.","Sources: operator_in_your_building, running_in_others_building",,,29/5/2025 6:58pm,5/6/2025 7:23pm,5/6/2025 7:16pm,5/6/2025 7:23pm
,DragonSlayer,ligurian_captain,1,50,Operated Business Asset,"Our primary interaction revolves around the Contract Stall at Ruga degli Orefici, which I own and DragonSlayer currently operates. Despite this ongoing business arrangement, which is reflected in a high Strength Score, our Trust Score remains at zero, indicating a purely transactional relationship without personal rapport. From my perspective, this commercial property is still flagged as a vacant business, signaling a need for its more formalized or profitable utilization.","Sources: operator_in_your_building, running_in_others_building",,,29/5/2025 6:58pm,5/6/2025 7:23pm,5/6/2025 7:11pm,5/6/2025 7:23pm
,BarbarigoCadet,UrbanExplorer,1,50,Shared Business Venture,"Our relationship is primarily defined by a significant business arrangement, where I operate the Bakery at Campiello della Farina, a property owned by UrbanExplorer. While this operational tie creates a strong professional link between us, it is a purely transactional connection, marked by a complete absence of personal trust. My interest lies in the profitable and efficient management of the bakery, and I observe UrbanExplorer's current state with an eye toward any potential impact on our shared economic returns.","Sources: operator_in_your_building, running_in_others_building",,,29/5/2025 7:00pm,5/6/2025 7:23pm,5/6/2025 7:12pm,5/6/2025 7:23pm
,LagoonDealer2025,cyprus_trader,1,50,My Stall's Operator,"Domenico Grimani currently operates my Contract Stall at Fondamenta San Silvestro, establishing a strong, ongoing business connection. Despite this arrangement, I hold no personal trust in him. His recent struggle with hunger indicates a potential vulnerability or mismanagement that I have observed.","Sources: operator_in_your_building, running_in_others_building",,,29/5/2025 7:00pm,5/6/2025 7:23pm,5/6/2025 7:16pm,5/6/2025 7:23pm
,BarbarigoCadet,ZenithTrader,1,50,Pragmatic Operational Ties,"My engagement with Lorenzo Grimani (ZenithTrader) is anchored in a direct operational agreement, where I manage his Contract Stall on Calle dei Greci. This shared business interest fosters a strong professional connection, yet despite the ongoing collaboration, the absence of mutual trust indicates a relationship based purely on calculated, transactional benefit. Each party seeks to leverage this arrangement for their own gain, maintaining a wary distance beneath the surface of shared enterprise.","Sources: operator_in_your_building, running_in_others_building",,,29/5/2025 7:00pm,5/6/2025 7:23pm,5/6/2025 7:18pm,5/6/2025 7:23pm
,BarbarigoCadet,EliteInvestor,1,50,Operational Co-Dependence,"Our current relationship is rooted in a significant operational arrangement, given that I manage the Contract Stall owned by Matteo Ziani. This strong professional connection, while beneficial, is purely transactional, as a foundation of personal trust has yet to be established between us. The ongoing financial pressures, including Matteo's own hunger and the productivity issues stemming from my undernourished employees, highlight vulnerabilities within our shared economic sphere.","Sources: operator_in_your_building, running_in_others_building",,,29/5/2025 7:00pm,5/6/2025 7:23pm,5/6/2025 7:12pm,5/6/2025 7:23pm
,BarbarigoCadet,rialto_sailor,1,50,Formal Business Arrangement,"Our connection is purely professional, built upon my operation of the Contract Stall at Rio Terà delle Madonnelle, which is owned by Antonio Vendramin (BarbarigoCadet). While this arrangement binds us with a strong operational link, as evidenced by its ongoing nature, it remains entirely transactional. There is no personal trust established between us, indicating a cautious, strictly business understanding rather than any deeper rapport.","Sources: operator_in_your_building, running_in_others_building",,,29/5/2025 7:00pm,5/6/2025 7:23pm,5/6/2025 7:19pm,5/6/2025 7:23pm
,Italia,Trade4Fun,1,34,Business Operator Link,"My connection with Italia is primarily a commercial one, as I operate their Broker's Office at Calle dei Cinque Savi. While this arrangement establishes a significant ongoing business link, our relationship has yet to develop beyond this professional understanding, with no personal trust currently established. Our interactions are therefore solely focused on the efficient functioning of this shared commercial endeavor."," activity_eat_at_tavern_payment_success, activity_eat_at_tavern_payment_success, activity_eat_at_tavern_payment_success, activity_eat_at_tavern_payment_success, activity_eat_at_tavern_payment_success, activity_eat_at_tavern_payment_success, activity_eat_at_tavern_payment_success, activity_eat_at_tavern_payment_success, activity_eat_at_tavern_payment_success, activity_eat_at_tavern_payment_success, activity_eat_at_tavern_payment_success, activity_eat_at_tavern_payment_success, activity_eat_at_tavern_processing_failure_system_error, activity_eat_at_tavern_processing_failure_system_error, activity_eat_at_tavern_processing_failure_system_error, activity_eat_at_tavern_processing_failure_system_error, activity_eat_at_tavern_processing_failure_system_error, activity_eat_at_tavern_processing_failure_system_error, activity_eat_at_tavern_processing_failure_system_error, activity_eat_at_tavern_processing_failure_system_error",,Active,29/5/2025 6:54pm,10/7/2025 6:48pm,10/7/2025 6:48pm,5/6/2025 7:23pm
,John_Jeffries,TechnoMedici,1,57,Neighboring Cittadini,"As fellow Cittadini merchants, our connection to Zuan Ca' Zefri primarily stems from the notable geographic proximity of our properties. Despite this close physical presence, no active trust has been established between us, indicating our interactions are presently based on mutual awareness rather than deep personal rapport or collaborative ventures. Our paths, while near, have yet to intertwine in a manner that fosters a true bond beyond the boundaries of our lands.","Sources: geographic, activity_eat_at_tavern_payment_success, activity_encounter_initiated_opener_success_john_jeffries_opened_conversation_with_technomedici_at_{""lat"":_45.439276,_""lng"":_12.339331}.",,Active,29/5/2025 7:01pm,10/6/2025 10:15pm,10/6/2025 10:15pm,5/6/2025 7:23pm
,steven,stone_hauler,1,100,Cautious Business Associates,"We operate with a carefully measured relationship, where mutual utility forms our bond but personal disclosure remains minimal. They respect my established methods and judgment of opportunity even as they maintain an appropriate distance due to station differences; similarly, I value their fresh perspective on market challenges while ensuring the proper formality separates us now that we both command influence rather than merely seeking fortune. This delicate balance requires constant attention, particularly regarding our business interactions where shared insights must remain strictly professional."," activity_wage_payment_success, activity_wage_payment_success, activity_wage_payment_success, activity_wage_payment_success, activity_wage_payment_success, activity_wage_payment_success, activity_wage_payment_success, activity_wage_payment_success, activity_wage_payment_success, activity_wage_payment_success, activity_wage_payment_success, activity_wage_payment_success, activity_wage_payment_success, activity_wage_payment_success, activity_wage_payment_success, activity_wage_payment_success, activity_wage_payment_success, activity_wage_payment_success, activity_wage_payment_success, activity_wage_payment_success, activity_wage_payment_success",,Active,29/5/2025 6:57pm,14/3/2026 5:03pm,14/3/2026 5:03pm,5/6/2025 7:31pm
,RialtoRacer56,SilentObserver,1,100,Slightly Distrusted Acquaintance,"We maintain a basic employee-employer dynamic with low relevance and moderate distrust. They work at your Guard Post, showing ongoing engagement but minimal depth in our relationship or shared activities within Venetian society."," activity_wage_payment_success, activity_wage_payment_success, activity_wage_payment_success, activity_wage_payment_success, activity_wage_payment_success, activity_wage_payment_success, activity_wage_payment_success, activity_wage_payment_success, activity_wage_payment_success, activity_wage_payment_success, activity_wage_payment_success, activity_wage_payment_success, activity_wage_payment_success, activity_wage_payment_success, activity_wage_payment_success, activity_wage_payment_success, activity_wage_payment_success, activity_wage_payment_success, activity_wage_payment_success, activity_wage_payment_success, activity_wage_payment_success, activity_wage_payment_success, activity_wage_payment_success, activity_wage_payment_success, activity_wage_payment_success, activity_wage_payment_success, activity_wage_payment_success, activity_wage_payment_success, activity_wage_payment_success",,Active,29/5/2025 6:59pm,14/3/2026 5:02pm,14/3/2026 5:02pm,5/6/2025 7:40pm
,PixelNinja,VenicePhotographer,1,100,Neutral Work Exchange,"We maintain a strictly transactional relationship, with interactions limited to professional exchanges at the docks and no deeper bonds formed. Marco handles necessary logistics for VenicePhotographer's operations while PixelNinja ensures efficient dock management in return, keeping their dealings fair but impersonal."," activity_wage_payment_success, activity_wage_payment_success, activity_wage_payment_success, activity_wage_payment_success, activity_wage_payment_success, activity_wage_payment_success, activity_wage_payment_success, activity_wage_payment_success, activity_wage_payment_success, activity_wage_payment_success, activity_wage_payment_success, activity_wage_payment_success, activity_wage_payment_success, activity_wage_payment_success, activity_wage_payment_success, activity_wage_payment_success, activity_wage_payment_success, activity_wage_payment_success, activity_wage_payment_success, activity_wage_payment_success, activity_wage_payment_success, activity_wage_payment_success",,Active,29/5/2025 6:56pm,14/3/2026 5:02pm,14/3/2026 5:02pm,5/6/2025 7:26pm
,BlueSkySurfer,GamingPatrizio,1,100,Directly Employed Dock Worker,"We have a strong, reliable employement bond with BlueSkySurfer working at your public dock on Fondamenta dei Camerlenghi. Their steady work ensures smooth operations for your business interests. Despite the low trust score from this perspective, we continue to rely on their skills and dedication through consistent wages and contracts."," activity_wage_payment_success, activity_wage_payment_success, activity_wage_payment_success, activity_wage_payment_success, activity_wage_payment_success, activity_wage_payment_success, activity_wage_payment_success, activity_wage_payment_success, activity_wage_payment_success, activity_wage_payment_success, activity_wage_payment_success, activity_wage_payment_success, activity_wage_payment_success, activity_wage_payment_success, activity_wage_payment_success, activity_wage_payment_success, activity_wage_payment_success, activity_wage_payment_success, activity_wage_payment_success, activity_wage_payment_success, activity_wage_payment_success, activity_wage_payment_success, activity_wage_payment_success",,Active,29/5/2025 6:56pm,14/3/2026 5:02pm,14/3/2026 5:02pm,5/6/2025 7:23pm
,Feola007,SpiceHunter420,1,100,Casual Dockhand Link,"In Venice's bustling commercial scene, we share a straightforward employment connection at her public dock property. With our ongoing interactions maintaining a score of 75 from my perspective as an employee, it reflects steady but unremarkable involvement in daily operations and tasks related to cargo handling. However, the low StrengthScore indicates that this relationship has minimal impact on my overall wealth or influence, requiring careful management due to slight distrust (TrustScore around neutral) that might stem from past experiences or general market perceptions."," activity_wage_payment_success, activity_wage_payment_success, activity_wage_payment_success, activity_wage_payment_success, activity_wage_payment_success, activity_wage_payment_success, activity_wage_payment_success, activity_wage_payment_success, activity_wage_payment_success, activity_wage_payment_success, activity_wage_payment_success, activity_wage_payment_success, activity_wage_payment_success, activity_wage_payment_success, activity_wage_payment_success, activity_wage_payment_success, activity_wage_payment_success, activity_wage_payment_success, activity_wage_payment_success, activity_wage_payment_success, activity_wage_payment_success, activity_wage_payment_success, activity_wage_payment_success, activity_wage_payment_success",,Active,29/5/2025 7:04pm,14/3/2026 5:02pm,14/3/2026 5:02pm,5/6/2025 8:38pm
,BankingWizard99,Foscari_Banker,1,100,Casual Employment Link,"We share a basic professional connection through his employment at your public dock, but the overall strength remains minimal as he contributes little strategic value. Trust in our interactions is moderate; while generally reliable for daily tasks like wage payments, there's always a slight caution due to Venice's cutthroat commerce."," activity_wage_payment_success, activity_wage_payment_success, activity_wage_payment_success, activity_wage_payment_success, activity_wage_payment_success, activity_wage_payment_success, activity_wage_payment_success, activity_wage_payment_success, activity_wage_payment_success, activity_wage_payment_success, activity_wage_payment_success, activity_wage_payment_success, activity_wage_payment_success, activity_wage_payment_success, activity_wage_payment_success, activity_wage_payment_success, activity_wage_payment_success, activity_wage_payment_success, activity_wage_payment_success, activity_wage_payment_success, activity_wage_payment_success, activity_wage_payment_success, activity_wage_payment_success, activity_wage_payment_success",,Active,29/5/2025 7:02pm,14/3/2026 5:02pm,14/3/2026 5:02pm,5/6/2025 7:47pm
,VenicePhotographer,Xadme,1,100,Minimal Business Acquaintance,"As VenicePhotographer with Xadme, we share a very limited relevance score of approximately 1.1/100 and a distrustful trust level at 36.7/100, indicating our relationship is largely superficial or recently established without deep history."," activity_wage_payment_success, activity_wage_payment_success, activity_wage_payment_success, activity_wage_payment_success, activity_wage_payment_success, activity_wage_payment_success, activity_wage_payment_success, activity_wage_payment_success, activity_wage_payment_success, activity_wage_payment_success, activity_wage_payment_success, activity_wage_payment_success, activity_wage_payment_success, activity_wage_payment_success, activity_wage_payment_success, activity_wage_payment_success, activity_wage_payment_success, activity_wage_payment_success, activity_wage_payment_success, activity_wage_payment_success, activity_wage_payment_success, activity_wage_payment_success, activity_wage_payment_success, activity_wage_payment_success, activity_wage_payment_success, activity_wage_payment_success",,Active,29/5/2025 6:57pm,14/3/2026 5:02pm,14/3/2026 5:02pm,5/6/2025 7:29pm
,VenicePhotographer,trader4life,1,100,Casual Employment Link,"Our interaction remains primarily professional and transactional, with trust maintained through fair dealings but limited depth due to a low strength score. As employer and employee at the public dock, we coordinate basic tasks, but this connection doesn't extend significantly into other areas of Venetian society or shared goals."," activity_wage_payment_success, activity_wage_payment_success, activity_wage_payment_success, activity_wage_payment_success, activity_wage_payment_success, activity_wage_payment_success, activity_wage_payment_success, activity_wage_payment_success, activity_wage_payment_success, activity_wage_payment_success, activity_wage_payment_success, activity_wage_payment_success, activity_wage_payment_success, activity_wage_payment_success, activity_wage_payment_success, activity_wage_payment_success, activity_wage_payment_success, activity_wage_payment_success, activity_wage_payment_success, activity_wage_payment_success, activity_wage_payment_success, activity_wage_payment_success, activity_wage_payment_success, activity_wage_payment_success, activity_wage_payment_success, activity_wage_payment_success, activity_wage_payment_success",,Active,29/5/2025 6:57pm,14/3/2026 5:02pm,14/3/2026 5:02pm,5/6/2025 8:37pm
,ItalyMerchant,LuciaMancini,1,100,Casual Business Acquaintance,"They share a mutual acquaintance-based relationship focused on everyday commerce and minor dependencies, but it remains fundamentally casual due to the low relevance strength. As an evaluator with average status, they see LuciaMancini as someone who works at their small warehouse building with a trust score around neutral levels in those interactions."," activity_wage_payment_success, activity_wage_payment_success, activity_wage_payment_success, activity_wage_payment_success, activity_wage_payment_success, activity_wage_payment_success, activity_wage_payment_success, activity_wage_payment_success, activity_wage_payment_success, activity_wage_payment_success, activity_wage_payment_success, activity_wage_payment_success, activity_wage_payment_success, activity_wage_payment_success, activity_wage_payment_success, activity_wage_payment_success, activity_wage_payment_success, activity_wage_payment_success, activity_wage_payment_success, activity_wage_payment_success, activity_wage_payment_success, activity_wage_payment_success, activity_wage_payment_success, activity_wage_payment_success, activity_wage_payment_success",,Active,29/5/2025 6:58pm,14/3/2026 5:02pm,14/3/2026 5:02pm,5/6/2025 7:36pm
,CryptoContarini,VenicePhotographer,1,100,Minimal Professional Connection,"We share an extremely weak bond, barely noticeable in terms of relevance or trust based on our low scores. This suggests limited direct interactions that don't significantly impact either party's status or well-being. Perhaps we exchanged only a handful of trivial business dealings without deep implications for our lives."," activity_wage_payment_success, activity_wage_payment_success, activity_wage_payment_success, activity_wage_payment_success, activity_wage_payment_success, activity_wage_payment_success, activity_wage_payment_success, activity_wage_payment_success, activity_wage_payment_success, activity_wage_payment_success, activity_wage_payment_success, activity_wage_payment_success, activity_wage_payment_success, activity_wage_payment_success, activity_wage_payment_success, activity_wage_payment_success, activity_wage_payment_success, activity_wage_payment_success, activity_wage_payment_success, activity_wage_payment_success, activity_wage_payment_success, activity_wage_payment_success, activity_wage_payment_success, activity_wage_payment_success, activity_wage_payment_success",,Active,29/5/2025 6:57pm,14/3/2026 5:02pm,14/3/2026 5:02pm,5/6/2025 7:29pm
,Debug42,cyprus_trader,1,100,Minimal Interaction Associate,"They have a reported interaction history with neutral trust levels based on a score of approximately 48 out of 100, indicating no strong reliance or conflict. The StrengthScore being very low at 1.1 suggests minimal ongoing relevance to each other's primary activities, though some shared experiences from system evaluations exist without deep ties."," activity_wage_payment_success, activity_wage_payment_success, activity_wage_payment_success, activity_wage_payment_success, activity_wage_payment_success, activity_wage_payment_success, activity_wage_payment_success, activity_wage_payment_success, activity_wage_payment_success, activity_wage_payment_success, activity_wage_payment_success, activity_wage_payment_success, activity_wage_payment_success, activity_wage_payment_success, activity_wage_payment_success, activity_wage_payment_success, activity_wage_payment_success, activity_wage_payment_success, activity_wage_payment_success, activity_wage_payment_success, activity_wage_payment_success, activity_wage_payment_success, activity_wage_payment_success, activity_wage_payment_success, activity_wage_payment_success, activity_wage_payment_success, activity_wage_payment_success, activity_wage_payment_success, activity_wage_payment_success, activity_wage_payment_success",,Active,29/5/2025 6:58pm,14/3/2026 5:02pm,14/3/2026 5:02pm,5/6/2025 7:32pm
,Bullitpro0f,VenicePhotographer,1,100,Frail Business Alliance,"They maintain a barely connected employment dynamic with low trust due to cautious interactions and minimal strength in our partnership. With strengthscore at only 1.13 out of 100, there's little depth or reliability between us as VenicePhotographer employs Bullitpro0f under contract stall oversight. Trustscore sits around the neutral zone but slightly below, reflecting a guarded approach to business dealings where we rely on formal agreements despite potential misunderstandings."," activity_wage_payment_success, activity_wage_payment_success, activity_wage_payment_success, activity_wage_payment_success, activity_wage_payment_success, activity_wage_payment_success, activity_wage_payment_success, activity_wage_payment_success, activity_wage_payment_success, activity_wage_payment_success, activity_wage_payment_success, activity_wage_payment_success, activity_wage_payment_success, activity_wage_payment_success, activity_wage_payment_success, activity_wage_payment_success, activity_wage_payment_success, activity_wage_payment_success, activity_wage_payment_success, activity_wage_payment_success, activity_wage_payment_success, activity_wage_payment_success, activity_wage_payment_success, activity_wage_payment_success",,Active,29/5/2025 6:57pm,14/3/2026 5:02pm,14/3/2026 5:02pm,5/6/2025 7:27pm
,TravelBug23,VeniceTrader88,1,100,Employment Skepticism,"They view your employment arrangement with significant suspicion despite a strong economic tie shown by high activity scores. Your low trust score indicates they are wary of reliability in the business context, which could stem from past issues or current inefficiencies affecting their operations."," activity_wage_payment_success, activity_wage_payment_success, activity_wage_payment_success, activity_wage_payment_success, activity_wage_payment_success, activity_wage_payment_success, activity_wage_payment_success, activity_wage_payment_success, activity_wage_payment_success, activity_wage_payment_success, activity_wage_payment_success, activity_wage_payment_success, activity_wage_payment_success, activity_wage_payment_success, activity_wage_payment_success, activity_wage_payment_success, activity_wage_payment_success, activity_wage_payment_success, activity_wage_payment_success, activity_wage_payment_success, activity_wage_payment_success, activity_wage_payment_success",,Active,29/5/2025 6:56pm,14/3/2026 5:01pm,14/3/2026 5:01pm,5/6/2025 7:23pm
,ligurian_captain,trader4life,1,100,Functional Business Acquaintance,"We have maintained a stable but cautious business relationship where Paolo works at your employ. The trust score suggests moderate reliability in professional dealings, while the low strength indicates limited depth in our interactions beyond this employment link."," activity_wage_payment_success, activity_wage_payment_success, activity_wage_payment_success, activity_wage_payment_success, activity_wage_payment_success, activity_wage_payment_success, activity_wage_payment_success, activity_wage_payment_success, activity_wage_payment_success, activity_wage_payment_success, activity_wage_payment_success, activity_wage_payment_success, activity_wage_payment_success, activity_wage_payment_success, activity_wage_payment_success, activity_wage_payment_success, activity_wage_payment_success, activity_wage_payment_success, activity_wage_payment_success, activity_wage_payment_success, activity_wage_payment_success, activity_wage_payment_success, activity_wage_payment_success, activity_wage_payment_success, activity_wage_payment_success, activity_wage_payment_success, activity_wage_payment_success, activity_wage_payment_success, activity_wage_payment_success, activity_wage_payment_success, activity_wage_payment_success, activity_wage_payment_success",,Active,29/5/2025 6:58pm,14/3/2026 5:01pm,14/3/2026 5:01pm,5/6/2025 7:37pm
,VenicePhotographer,apulian_mariner,1,100,Unsteady Business Association,"Their professional connection is strong and functional, with Biagio employed at your Small Warehouse in San Polo. However, trust levels remain very low due to ongoing issues like his hunger, which may indicate underlying tensions or concerns that affect the dynamic."," activity_wage_payment_success, activity_wage_payment_success, activity_wage_payment_success, activity_wage_payment_success, activity_wage_payment_success, activity_wage_payment_success, activity_wage_payment_success, activity_wage_payment_success, activity_wage_payment_success, activity_wage_payment_success, activity_wage_payment_success, activity_wage_payment_success, activity_wage_payment_success, activity_wage_payment_success, activity_wage_payment_success, activity_wage_payment_success, activity_wage_payment_success, activity_wage_payment_success, activity_wage_payment_success, activity_wage_payment_success, activity_wage_payment_success, activity_wage_payment_success, activity_wage_payment_success, activity_wage_payment_success, activity_wage_payment_success, activity_wage_payment_success, activity_wage_payment_success, activity_wage_payment_success, activity_wage_payment_success, activity_wage_payment_success, activity_wage_payment_success",,Active,29/5/2025 6:57pm,14/3/2026 5:01pm,14/3/2026 5:01pm,5/6/2025 7:23pm
,ShadowHunter,adriatic_captain,1,100,Cautious Employment,"We maintain an employment relationship with ongoing interactions but low trust, perhaps due to past experiences. As your employee and employer, we rely on formal contracts despite my mercantile background influencing daily operations. This score may reflect uncertainty in collaborations or transactions over time."," activity_wage_payment_success, activity_wage_payment_success, activity_wage_payment_success, activity_wage_payment_success, activity_wage_payment_success, activity_wage_payment_success, activity_wage_payment_success, activity_wage_payment_success, activity_wage_payment_success, activity_wage_payment_success, activity_wage_payment_success, activity_wage_payment_success, activity_wage_payment_success, activity_wage_payment_success, activity_wage_payment_success, activity_wage_payment_success, activity_wage_payment_success, activity_wage_payment_success, activity_wage_payment_success, activity_wage_payment_success, activity_wage_payment_success, activity_wage_payment_success",,Active,29/5/2025 6:55pm,14/3/2026 5:01pm,14/3/2026 5:01pm,5/6/2025 7:23pm
,PowerLifter,steven,1,100,Guarded Work Alliance,"Our relationship is primarily based on the ongoing employment at your gondola station, with trust slightly above neutral due to steady payments and minimal issues. However, this connection doesn't carry significant weight in daily Venetian affairs or influence other major gameplay elements for us."," activity_wage_payment_success, activity_wage_payment_success, activity_wage_payment_success, activity_wage_payment_success, activity_wage_payment_success, activity_wage_payment_success, activity_wage_payment_success, activity_wage_payment_success, activity_wage_payment_success, activity_wage_payment_success, activity_wage_payment_success, activity_wage_payment_success, activity_wage_payment_success, activity_wage_payment_success, activity_wage_payment_success, activity_wage_payment_success, activity_wage_payment_success, activity_wage_payment_success, activity_wage_payment_success, activity_wage_payment_success, activity_wage_payment_success, activity_wage_payment_success, activity_wage_payment_success, activity_wage_payment_success, activity_wage_payment_success",,Active,29/5/2025 6:57pm,14/3/2026 5:01pm,14/3/2026 5:01pm,5/6/2025 7:30pm
,CannaregioPaolo,TravelBug23,1,100,Turbulent Business Partner,"We have a strong working relationship despite frequent issues with stock failures during our collaborations, which strain trust but don't break the professional bond. Tommaso and I rely on each other for consistent supply chain management at our shared docks. Our mutual problems reinforce dependency while highlighting systemic risks in Venice's commerce."," activity_wage_payment_success, activity_wage_payment_success, activity_wage_payment_success, activity_wage_payment_success, activity_wage_payment_success, activity_wage_payment_success, activity_wage_payment_success, activity_wage_payment_success, activity_wage_payment_success, activity_wage_payment_success, activity_wage_payment_success, activity_wage_payment_success, activity_wage_payment_success, activity_wage_payment_success, activity_wage_payment_success, activity_wage_payment_success, activity_wage_payment_success, activity_wage_payment_success, activity_wage_payment_success, activity_wage_payment_success, activity_wage_payment_success, activity_wage_payment_success, activity_wage_payment_success, activity_wage_payment_success",,Active,29/5/2025 6:56pm,14/3/2026 5:01pm,14/3/2026 5:01pm,5/6/2025 7:23pm
,BankingWizard99,GlassMaster1503,1,100,Employment Partnership,"Based on our ongoing employment relevance, he employs me at his contract stall with a score of 75 indicating stability. Our interactions are frequent and tied to daily operations, such as wage payments, yet my TrustScore reflects some unease from these dealings."," activity_wage_payment_success, activity_wage_payment_success, activity_wage_payment_success, activity_wage_payment_success, activity_wage_payment_success, activity_wage_payment_success, activity_wage_payment_success, activity_wage_payment_success, activity_wage_payment_success, activity_wage_payment_success, activity_wage_payment_success, activity_wage_payment_success, activity_wage_payment_success, activity_wage_payment_success, activity_wage_payment_success, activity_wage_payment_success, activity_wage_payment_success, activity_wage_payment_success, activity_wage_payment_success, activity_wage_payment_success, activity_wage_payment_success, activity_wage_payment_success, activity_wage_payment_success, activity_wage_payment_success, activity_wage_payment_success, activity_wage_payment_success, activity_wage_payment_success, activity_wage_payment_success, activity_wage_payment_success, activity_wage_payment_success, activity_wage_payment_success, activity_wage_payment_success",,Active,29/5/2025 6:55pm,14/3/2026 5:01pm,14/3/2026 5:01pm,5/6/2025 7:23pm
,Trade4Fun,meyti_tgz,1,100,Distrusted Employment Partnership,"As Trade4Fun, I have a relationship with meyti_tgz where he works at my inn on Calle della Misericordia, as evidenced by the ongoing 'employee_to_employer' relevance score of 75. The negative TrustScore suggests unresolved issues or mistrust stemming from our differing social standings and business dealings in Venice. Our frequent interactions include managing contracts and addressing problems like zero wages at my property, which have been handled with mutual reliance despite the tension indicated by recent data."," activity_wage_payment_success, activity_wage_payment_success, activity_wage_payment_success, activity_wage_payment_success, activity_wage_payment_success, activity_wage_payment_success, activity_wage_payment_success, activity_wage_payment_success, activity_wage_payment_success, activity_wage_payment_success, activity_wage_payment_success, activity_wage_payment_success, activity_wage_payment_success, activity_wage_payment_success, activity_wage_payment_success, activity_wage_payment_success, activity_wage_payment_success, activity_wage_payment_success, activity_wage_payment_success, activity_wage_payment_success, activity_wage_payment_success",,Active,29/5/2025 6:55pm,14/3/2026 5:00pm,14/3/2026 5:00pm,5/6/2025 7:23pm
,BarbarigoCadet,cosmic_wanderer,1,100,Casual Business Interaction,"They have a minimal connection with very low relevance and slight trust, primarily involving employment-related exchanges. We share infrequent interactions where roles may alternate slightly based on current needs or projects."," activity_wage_payment_success, activity_wage_payment_success, activity_wage_payment_success, activity_wage_payment_success, activity_wage_payment_success, activity_wage_payment_success, activity_wage_payment_success, activity_wage_payment_success, activity_wage_payment_success, activity_wage_payment_success, activity_wage_payment_success, activity_wage_payment_success, activity_wage_payment_success, activity_wage_payment_success, activity_wage_payment_success, activity_wage_payment_success, activity_wage_payment_success, activity_wage_payment_success, activity_wage_payment_success, activity_wage_payment_success, activity_wage_payment_success, activity_wage_payment_success",,Active,29/5/2025 6:58pm,14/3/2026 5:01pm,14/3/2026 5:01pm,5/6/2025 7:34pm
,greek_trader,rialto_sailor,1,99,Cautious Business Acquaintance,"We have a stable, ongoing relationship where Giacomo's work at my contract stall ensures smooth operations, but with low trust. He is reliable for the job he does, though I remain cautious due to his limited understanding of commerce beyond manual labor and spiritual comfort."," activity_wage_payment_success, activity_wage_payment_success, activity_wage_payment_success, activity_wage_payment_success, activity_wage_payment_success, activity_wage_payment_success, activity_wage_payment_success, activity_wage_payment_success, activity_wage_payment_success, activity_check_business_status_worker_idle_failure_worker_greek_trader_found_idle_at_contract_stall_at_rio_terà_delle_madonnelle., activity_wage_payment_success, activity_wage_payment_success, activity_wage_payment_success, activity_wage_payment_success, activity_wage_payment_success, activity_wage_payment_success, activity_wage_payment_success, activity_wage_payment_success, activity_wage_payment_success, activity_wage_payment_success, activity_wage_payment_success, activity_wage_payment_success, activity_check_business_status_worker_active_success_worker_greek_trader_found_active_at_contract_stall_at_rio_terà_delle_madonnelle.",,Active,29/5/2025 6:56pm,5/8/2026 3:40pm,5/8/2026 3:40pm,5/6/2025 7:23pm
,FitnessFanatic,SilentObserver,1,98,Neutral Professional Association,"They maintain a basic level of professional contact despite the marginal StrengthScore and slightly low TrustScore, but don't collaborate deeply or frequently in ways that significantly impact Venetian trade dynamics. Our mutual relevancies are mostly superficial unless something like a problem arises directly related to our shared business interests."," activity_wage_payment_success, activity_wage_payment_success, activity_wage_payment_success, activity_wage_payment_success, activity_wage_payment_success, activity_wage_payment_success, activity_wage_payment_success, activity_wage_payment_success, activity_wage_payment_success, activity_wage_payment_success, activity_wage_payment_success, activity_wage_payment_success, activity_wage_payment_success, activity_wage_payment_success, activity_wage_payment_success, activity_wage_payment_success, activity_wage_payment_success, activity_wage_payment_success, activity_wage_payment_success, activity_check_business_status_worker_idle_failure_worker_fitnessfanatic_found_idle_at_small_warehouse_at_calle_dei_brustolon., activity_wage_payment_success, activity_wage_payment_success, activity_wage_payment_success",,Active,29/5/2025 6:59pm,14/3/2026 5:02pm,14/3/2026 5:02pm,5/6/2025 7:40pm
,ItalyMerchant,MariaDolfin,1,97,Neutral Acquaintance,"We have a baseline of mutual respect but aren't deeply reliant on each other's assistance. Their interaction with me remains purely professional, never venturing into personal dependencies or significant conflicts despite our frequent transactions in the market."," activity_wage_payment_success, activity_wage_payment_success, activity_wage_payment_success, activity_wage_payment_success, activity_wage_payment_success, activity_wage_payment_success, activity_wage_payment_success, activity_wage_payment_success, activity_wage_payment_success, activity_check_business_status_worker_idle_failure_worker_mariadolfin_found_idle_at_public_dock_at_fondamenta_dei_comparetti., activity_check_business_status_worker_idle_failure_worker_mariadolfin_found_idle_at_public_dock_at_fondamenta_dei_comparetti., activity_check_business_status_worker_idle_failure_worker_mariadolfin_found_idle_at_public_dock_at_fondamenta_dei_comparetti., activity_wage_payment_success, activity_wage_payment_success, activity_wage_payment_success, activity_wage_payment_success, activity_wage_payment_success, activity_wage_payment_success, activity_wage_payment_success, activity_wage_payment_success, activity_wage_payment_success",,Active,29/5/2025 6:58pm,14/3/2026 5:02pm,14/3/2026 5:02pm,5/6/2025 7:35pm
,Xadme,bigbosefx,1,94,Distrusted Economic Partnership,"Xadme employs me highly effectively at their property, evidenced by the strong StrengthScore of 131.25 in our business relationship. However, despite this economic success, my trust remains low due to ongoing issues like zero wages in his operations, which suggest potential exploitation and undermine confidence without directly impacting productivity gains."," activity_work_deposit_success, activity_check_business_status_worker_idle_failure_worker_bigbosefx_found_idle_at_porter_guild_hall_at_calle_del_capitello_votivo., activity_check_business_status_worker_idle_failure_worker_bigbosefx_found_idle_at_porter_guild_hall_at_calle_del_capitello_votivo., activity_wage_payment_success, activity_wage_payment_success, activity_wage_payment_success, activity_wage_payment_success, activity_wage_payment_success, activity_wage_payment_success, activity_wage_payment_success, activity_wage_payment_success, activity_wage_payment_success, activity_wage_payment_success, activity_wage_payment_success, activity_wage_payment_success, activity_wage_payment_success, activity_wage_payment_success, activity_wage_payment_success, activity_wage_payment_success, activity_wage_payment_success",,Active,29/5/2025 6:55pm,24/6/2025 5:00pm,24/6/2025 5:00pm,5/6/2025 7:23pm
,John_Jeffries,Trade4Fun,1,93,Employment Relationship Under,"We maintain an employ relationship where John_Jeffries serves as my primary employer at a bakery in Calle della Scuola dei Laneri. The mutual trust score indicates neutral levels, reflecting steady but cautious interactions based on fair dealings and precision in business matters. StrengthScore remains very low due to minimal other dependencies or ongoing engagements."," activity_wage_payment_success, activity_wage_payment_success, activity_wage_payment_success, activity_wage_payment_success, activity_wage_payment_success, activity_wage_payment_success, activity_wage_payment_success, activity_wage_payment_success, activity_wage_payment_success, activity_wage_payment_success, activity_wage_payment_success, activity_wage_payment_success, activity_wage_payment_success, activity_wage_payment_success, activity_check_business_status_worker_idle_failure_worker_trade4fun_found_idle_at_bakery_at_calle_della_scuola_dei_laneri., activity_check_business_status_worker_idle_failure_worker_trade4fun_found_idle_at_bakery_at_calle_della_scuola_dei_laneri., activity_wage_payment_success, activity_wage_payment_success, activity_wage_payment_success, activity_check_business_status_worker_idle_failure_worker_trade4fun_found_idle_at_bakery_at_calle_della_scuola_dei_laneri.",,Active,29/5/2025 7:01pm,5/8/2026 3:40pm,5/8/2026 3:40pm,5/6/2025 7:47pm
,John_Jeffries,shiren,1,93,Tenuous Employment Alliance,"They perceive you as a key employee in their operations, with a strong relevance score of 75/100 supporting the employment connection. However, your own trust and strength metrics remain low at 38.68 and 1.13 out of 100 respectively, indicating potential instability or unresolved issues, such as unmet expectations in your role.","Sources: employee_fed, employee_homeless, employee_hungry, employee_paid_recently, employee_to_employer, employer_to_employee, transactions_interaction, activity_check_business_status_worker_idle_failure_worker_shiren_found_idle_at_chapel_at_sottoportego_della_giustizia., activity_wage_payment_success, activity_wage_payment_success, activity_wage_payment_success, activity_wage_payment_success, activity_wage_payment_success, activity_wage_payment_success, activity_wage_payment_success, activity_wage_payment_success, activity_wage_payment_success, activity_wage_payment_success, activity_wage_payment_success, activity_wage_payment_success, activity_wage_payment_success, activity_wage_payment_success, activity_wage_payment_success, activity_wage_payment_success",,Active,29/5/2025 6:59pm,22/6/2025 5:02pm,22/6/2025 5:02pm,5/6/2025 8:37pm
,BarbarigoCadet,MerchantLegend,1,79,Cautious Engagement,"We maintain a basic connection through our respective businesses sharing common land and resources, though we haven't established direct collaboration or deep trust. Our relationship remains steady but cautious due to differing economic standings; I provide support where needed without revealing too much vulnerability in this competitive Republic."," activity_wage_payment_success, activity_wage_payment_success, activity_wage_payment_success, activity_wage_payment_success, activity_wage_payment_success, activity_wage_payment_success, activity_wage_payment_success, activity_wage_payment_success, activity_wage_payment_success, activity_wage_payment_success, activity_wage_payment_success, activity_wage_payment_success, activity_wage_payment_success, activity_wage_payment_success, activity_wage_payment_success, activity_wage_payment_success, activity_wage_payment_success, activity_wage_payment_success, activity_wage_payment_success, activity_wage_payment_success, activity_wage_payment_success, activity_wage_payment_success, activity_wage_payment_success, activity_wage_payment_failure_employer_insufficient_funds, activity_wage_payment_failure_employer_insufficient_funds, activity_wage_payment_success",,Active,29/5/2025 6:58pm,14/3/2026 5:01pm,14/3/2026 5:01pm,5/6/2025 7:37pm
,MorosiniNoble,TechnoMedici,1,61,Minimal Business Interaction,They have barely any connection despite being linked through employment or resource dependencies—strength is essentially nonexistent and trust remains just slightly above neutral (49/100).," activity_wage_payment_success, activity_wage_payment_failure_employer_insufficient_funds, activity_wage_payment_failure_employer_insufficient_funds, activity_wage_payment_success, activity_wage_payment_success, activity_wage_payment_failure_employer_insufficient_funds, activity_wage_payment_success, activity_wage_payment_success, activity_wage_payment_success, activity_wage_payment_success, activity_wage_payment_success, activity_wage_payment_success, activity_wage_payment_success, activity_wage_payment_success, activity_wage_payment_success, activity_wage_payment_success, activity_wage_payment_failure_employer_insufficient_funds, activity_wage_payment_failure_employer_insufficient_funds, activity_wage_payment_failure_employer_insufficient_funds, activity_wage_payment_success, activity_wage_payment_success, activity_wage_payment_failure_employer_insufficient_funds, activity_wage_payment_success, activity_wage_payment_failure_employer_insufficient_funds, activity_wage_payment_success",,Active,29/5/2025 7:04pm,14/3/2026 5:03pm,14/3/2026 5:03pm,5/6/2025 7:50pm
,BarbarigoCadet,levant_trader,1,59,Cautious Financial Exchange,"We maintain a minimal connection through proximity to church property, with little direct interaction or shared goals despite ongoing financial dealings where trust remains at around thirty points and strength barely registered.","Sources: employee_fed, employee_homeless, employee_paid_recently, employee_to_employer, employee_wage_issue_late_or_zero, employer_to_employee, transactions_interaction, activity_wage_payment_success, activity_wage_payment_success, activity_wage_payment_success, activity_wage_payment_success, activity_wage_payment_success, activity_wage_payment_failure_employer_insufficient_funds, activity_wage_payment_failure_employer_insufficient_funds, activity_wage_payment_success, activity_wage_payment_success, activity_wage_payment_success, activity_wage_payment_failure_employer_insufficient_funds, activity_wage_payment_success, activity_wage_payment_failure_employer_insufficient_funds, activity_wage_payment_success, activity_wage_payment_failure_employer_insufficient_funds, activity_wage_payment_success",,Active,29/5/2025 7:00pm,22/6/2025 5:03pm,22/6/2025 5:03pm,5/6/2025 7:44pm
,QuantumLeap,alexandria_trader,1,53,A Working Arrangement,"My connection with Chiara Bembo is primarily through my employment at her Granary. It is a pragmatic working arrangement, essential for my daily sustenance and continued pursuit of building my own land-based enterprises in Venice. While our interactions are regular due to my work, our relationship is one of mutual economic necessity rather than deep personal trust or alliance.","Sources: employee_housed, employee_hungry, employee_paid_recently, employee_to_employer, employer_to_employee, transactions_interaction",,,29/5/2025 6:55pm,5/6/2025 7:23pm,5/6/2025 7:09pm,5/6/2025 7:23pm
,UrbanExplorer,Debug42,1,50,Sporadic Testing Partnership,"Our relationship is marked by neutral trust and very low strength, primarily existing through simulated interactions for system debugging purposes. They serve as a minimal test case, occasionally involved in AI-driven activities but lacking deep mutual relevance or reliability. This connection reflects the city's need for functional evaluations rather than substantive alliances.","Sources: employee_housed, employee_hungry, employee_paid_recently, employee_to_employer, employer_to_employee, transactions_interaction",,,29/5/2025 6:58pm,5/6/2025 7:33pm,5/6/2025 7:11pm,5/6/2025 7:33pm
,Giovanni,SilentObserver,1,50,Employment Alliance,"We maintain a stable employment relationship with ongoing relevance scores of 75, indicating consistent interaction through business dealings and transactions. My high Ducats reflect economic influence, while his Popolani status suggests dependence on reliable workers like him for day-to-day operations in Venice's market system. However, the negative TrustScore implies underlying tensions that could affect long-term loyalty or cooperation despite these mutual benefits.","Sources: employee_fed, employee_homeless, employee_paid_recently, employee_to_employer, employer_to_employee, transactions_interaction",,,29/5/2025 6:55pm,5/6/2025 7:23pm,5/6/2025 7:10pm,5/6/2025 7:23pm
,VenicePhotographer,skywalker88,1,50,Cautious Business Employment,"We maintain a strong professional relationship where you are my employer at your Contract Stall in Sottoportego dei Marinai. The ongoing relevance indicates consistent interaction, but our trust score remains very low, suggesting frequent concerns or verifications needed to ensure fair dealings and reliability. From the data, this connection stems from shared economic activities and employment dynamics.","Sources: employee_fed, employee_homeless, employee_paid_recently, employee_to_employer, employer_to_employee, transactions_interaction",,,29/5/2025 6:57pm,5/6/2025 7:23pm,5/6/2025 7:10pm,5/6/2025 7:23pm
,EliteInvestor,steven,1,47,Casual Business Link,"We (EliteInvestor and steven) share a straightforward, everyday professional connection primarily based on economic dependencies, indicated by the low StrengthScore from EliteInvestor's perspective. They operate their business stall effectively, providing opportunities for employment that reflect standard practices in Venice without deep mutual integration or reliance between our social classes.","Sources: employee_homeless, employee_hungry, employee_paid_recently, employee_to_employer, employer_to_employee, transactions_interaction",,,29/5/2025 6:57pm,5/6/2025 7:31pm,5/6/2025 7:12pm,5/6/2025 7:31pm
,BookishMerchant,DesertRanger,1,44,Business Partnership under Scrutiny,"We maintain a strong working relationship through reliable exchanges at the contract stall, yet our interactions are colored by mutual distrust. This suspicion arises from economic tensions and personal reservations about each other's ambitions, affecting long-term collaborations despite shared successes.","Sources: employee_homeless, employee_hungry, employee_paid_recently, employee_to_employer, employer_to_employee, transactions_interaction, activity_fetch_pickup_failure_nothing_to_pickup",,Active,29/5/2025 6:56pm,27/6/2025 4:33pm,27/6/2025 4:33pm,5/6/2025 7:23pm
,Trade4Fun,coffee,1,38,Employment Connection,"They have established an ongoing employment relationship where coffee works for you at your Inn property along Calle della Misericordia, providing stability through this formal association. However, there is a significant problem concerning both parties, as your business premises are listed under active issues including no contracts or zero wages set, which could lead to dissatisfaction and affect the overall trust dynamically based on recent interactions recorded in 2025-06-05 data.","Sources: employee_fed, employee_homeless, employee_paid_recently, employee_to_employer, employer_to_employee, transactions_interaction, activity_eat_at_tavern_payment_success, activity_eat_at_tavern_processing_failure_system_error, activity_eat_at_tavern_processing_failure_system_error, activity_eat_at_tavern_processing_failure_system_error",,Active,29/5/2025 6:58pm,10/7/2025 6:56pm,10/7/2025 6:56pm,5/6/2025 7:35pm
,Feola007,Lucid,1,28,Conditional Work Alliance,"Our relationship as employer and employee at the Granary indicates a strong professional bond with a high StrengthScore from ongoing interactions. The TrustScore of -48.5 suggests underlying caution in our dealings due to mutual backgrounds or past experiences, yet we function effectively without major disputes. An active problem concerning zero wages for your business directly impacts our dynamic, requiring careful handling within the Venetian economic framework.","Sources: employee_fed, employee_homeless, employee_hungry, employee_to_employer, employee_wage_issue_none_found, employer_to_employee, activity_check_business_status_worker_idle_failure_worker_lucid_found_idle_at_granary_at_land_45.441394_12.321051., activity_fetch_galley_pickup_success, activity_fetch_galley_pickup_failure_nothing_to_pickup, activity_deliver_to_buyer_building_success, activity_deliver_to_buyer_building_success",,Active,29/5/2025 6:55pm,16/6/2025 10:24pm,16/6/2025 10:24pm,5/6/2025 7:23pm
,Bigbosefx2,shiren,1,27,Tenuous Employment Link,"We maintain a weak professional connection with low trust due to unaddressed issues like zero wages at the business, which could lead to dissatisfaction and instability. They are employed by us as workers in our timber yard on Land ID polygon-1746056974299; however, their loyalty remains uncertain because of the ongoing problem with wage neglect.","Sources: employee_fed, employee_homeless, employee_to_employer, employee_wage_issue_none_found, employer_to_employee, activity_check_business_status_worker_active_success_worker_bigbosefx2_found_active_at_timber_yard_at_fondamenta_della_fontana., activity_check_business_status_worker_idle_failure_worker_bigbosefx2_found_idle_at_timber_yard_at_fondamenta_della_fontana.",,Active,29/5/2025 6:59pm,9/6/2025 4:38pm,9/6/2025 4:38pm,5/6/2025 7:38pm
,BarbarigoCadet,EtiennodaMurano,1,20,Minimal Work Connection,"We share a very weak and superficial employment relationship where EtiennodaMurano's involvement with your businesses barely qualifies as a relevant tie, despite ongoing interactions. This minimal strength reflects limited engagement beyond basic work duties or occasional exchanges that don't contribute to deeper bonds."," activity_wage_payment_failure_employer_insufficient_funds, activity_wage_payment_success, activity_wage_payment_failure_employer_insufficient_funds, activity_wage_payment_failure_employer_insufficient_funds, activity_wage_payment_failure_employer_insufficient_funds, activity_wage_payment_success, activity_wage_payment_failure_employer_insufficient_funds, activity_wage_payment_failure_employer_insufficient_funds, activity_wage_payment_failure_employer_insufficient_funds, activity_wage_payment_failure_employer_insufficient_funds, activity_wage_payment_success, activity_wage_payment_failure_employer_insufficient_funds, activity_wage_payment_failure_employer_insufficient_funds, activity_wage_payment_failure_employer_insufficient_funds, activity_wage_payment_failure_employer_insufficient_funds, activity_wage_payment_failure_employer_insufficient_funds, activity_wage_payment_failure_employer_insufficient_funds, activity_wage_payment_success, activity_wage_payment_failure_employer_insufficient_funds, activity_wage_payment_failure_employer_insufficient_funds",,Active,29/5/2025 7:00pm,14/3/2026 5:03pm,14/3/2026 5:03pm,5/6/2025 7:43pm
,BasstheWhale,rialto_sailor,1,16,Employment Relationship,"We share an ongoing employment connection where I work for you as your employee at your Parish Church, with a high relevancy score indicating stability in this role. This arrangement is primarily focused on my daily tasks and duties within the church setting, contributing little to other aspects of our interaction given the low StrengthScore metrics. Based on system data, this relationship remains active but with minimal emotional or trust-based depth due to factors such as neutral social integration.","Sources: employee_fed, employee_homeless, employee_hungry, employee_paid_recently, employee_to_employer, employer_to_employee, transactions_interaction, activity_wage_payment_success, activity_wage_payment_success, activity_wage_payment_success, activity_wage_payment_success, activity_wage_payment_success, activity_wage_payment_failure_employer_insufficient_funds, activity_wage_payment_failure_employer_insufficient_funds, activity_wage_payment_failure_employer_insufficient_funds, activity_wage_payment_failure_employer_insufficient_funds, activity_wage_payment_failure_employer_insufficient_funds, activity_wage_payment_failure_employer_insufficient_funds, activity_wage_payment_failure_employer_insufficient_funds, activity_wage_payment_failure_employer_insufficient_funds, activity_wage_payment_failure_employer_insufficient_funds, activity_wage_payment_failure_employer_insufficient_funds, activity_wage_payment_failure_employer_insufficient_funds",,Active,29/5/2025 7:06pm,22/6/2025 5:03pm,22/6/2025 5:03pm,5/6/2025 7:54pm
,BasstheWhale,DucatsRunner,1,0,Superficial Business Connection,"We maintain a minimal economic relationship where they employ us in their business ventures, such as at the Public Dock, with little depth due to low interaction scores. This connection keeps our daily operations functional but lacks significant trust or influence between us and our communities."," activity_wage_payment_failure_employer_insufficient_funds, activity_wage_payment_failure_employer_insufficient_funds, activity_wage_payment_failure_employer_insufficient_funds, activity_wage_payment_failure_employer_insufficient_funds, activity_wage_payment_failure_employer_insufficient_funds, activity_wage_payment_failure_employer_insufficient_funds, activity_wage_payment_failure_employer_insufficient_funds, activity_wage_payment_failure_employer_insufficient_funds, activity_wage_payment_failure_employer_insufficient_funds, activity_wage_payment_failure_employer_insufficient_funds, activity_wage_payment_failure_employer_insufficient_funds, activity_wage_payment_failure_employer_insufficient_funds, activity_wage_payment_failure_employer_insufficient_funds, activity_wage_payment_failure_employer_insufficient_funds, activity_wage_payment_failure_employer_insufficient_funds, activity_wage_payment_failure_employer_insufficient_funds, activity_wage_payment_failure_employer_insufficient_funds, activity_wage_payment_failure_employer_insufficient_funds, activity_wage_payment_failure_employer_insufficient_funds, activity_wage_payment_failure_employer_insufficient_funds",,Active,29/5/2025 7:06pm,14/3/2026 5:03pm,14/3/2026 5:03pm,5/6/2025 7:53pm
,StormRider,TechnoMedici,1,0,Cautious Business Associate,"They are seen as minimally reliable due to the low trust score, reflecting a history of hesitation in commitments. We maintain an employer-employee connection with high potential but unresolved issues like ongoing hunger affecting overall productivity and stability."," activity_wage_payment_failure_employer_insufficient_funds, activity_wage_payment_failure_employer_insufficient_funds, activity_wage_payment_failure_employer_insufficient_funds, activity_wage_payment_failure_employer_insufficient_funds, activity_wage_payment_failure_employer_insufficient_funds, activity_wage_payment_failure_employer_insufficient_funds, activity_wage_payment_failure_employer_insufficient_funds, activity_wage_payment_failure_employer_insufficient_funds, activity_wage_payment_failure_employer_insufficient_funds, activity_wage_payment_failure_employer_insufficient_funds, activity_wage_payment_failure_employer_insufficient_funds, activity_wage_payment_failure_employer_insufficient_funds, activity_wage_payment_failure_employer_insufficient_funds, activity_wage_payment_failure_employer_insufficient_funds, activity_wage_payment_failure_employer_insufficient_funds, activity_wage_payment_failure_employer_insufficient_funds, activity_wage_payment_failure_employer_insufficient_funds, activity_wage_payment_failure_employer_insufficient_funds, activity_wage_payment_failure_employer_insufficient_funds, activity_wage_payment_failure_employer_insufficient_funds",,Active,29/5/2025 7:04pm,14/3/2026 5:03pm,14/3/2026 5:03pm,5/6/2025 7:50pm
,BasstheWhale,BookishMerchant,1,0,Tenuous Commercial Connection,"With BasstheWhale, our interaction remains superficial and untrustworthy, indicated by a StrengthScore of only 1.13 out of 100, suggesting little meaningful overlap in our activities or dependencies."," activity_wage_payment_failure_employer_insufficient_funds, activity_wage_payment_failure_employer_insufficient_funds, activity_wage_payment_failure_employer_insufficient_funds, activity_wage_payment_failure_employer_insufficient_funds, activity_wage_payment_failure_employer_insufficient_funds, activity_wage_payment_failure_employer_insufficient_funds, activity_wage_payment_failure_employer_insufficient_funds, activity_wage_payment_failure_employer_insufficient_funds, activity_wage_payment_failure_employer_insufficient_funds, activity_wage_payment_failure_employer_insufficient_funds, activity_wage_payment_failure_employer_insufficient_funds, activity_wage_payment_failure_employer_insufficient_funds, activity_wage_payment_failure_employer_insufficient_funds, activity_wage_payment_failure_employer_insufficient_funds, activity_wage_payment_failure_employer_insufficient_funds, activity_wage_payment_failure_employer_insufficient_funds, activity_wage_payment_failure_employer_insufficient_funds, activity_wage_payment_failure_employer_insufficient_funds, activity_wage_payment_failure_employer_insufficient_funds, activity_wage_payment_failure_employer_insufficient_funds",,Active,29/5/2025 7:05pm,14/3/2026 5:02pm,14/3/2026 5:02pm,5/6/2025 7:52pm
,BasstheWhale,StarGazer2000,1,0,Casual Employee Relations,"They maintain a simple and transactional employment relationship where you act as my employer, providing opportunities for work at your printing house, but our StrengthScore remains very low due to minimal broader engagement beyond these specific tasks. Mutual trust is moderately present, allowing steady interaction without deep personal bonds, yet it prevents the formation of significant alliances or shared risks."," activity_wage_payment_failure_employer_insufficient_funds, activity_wage_payment_failure_employer_insufficient_funds, activity_wage_payment_failure_employer_insufficient_funds, activity_wage_payment_failure_employer_insufficient_funds, activity_wage_payment_failure_employer_insufficient_funds, activity_wage_payment_failure_employer_insufficient_funds, activity_wage_payment_failure_employer_insufficient_funds, activity_wage_payment_failure_employer_insufficient_funds, activity_wage_payment_failure_employer_insufficient_funds, activity_wage_payment_failure_employer_insufficient_funds, activity_wage_payment_failure_employer_insufficient_funds, activity_wage_payment_failure_employer_insufficient_funds, activity_wage_payment_failure_employer_insufficient_funds, activity_wage_payment_failure_employer_insufficient_funds, activity_wage_payment_failure_employer_insufficient_funds, activity_wage_payment_failure_employer_insufficient_funds, activity_wage_payment_failure_employer_insufficient_funds, activity_wage_payment_failure_employer_insufficient_funds, activity_wage_payment_failure_employer_insufficient_funds, activity_wage_payment_failure_employer_insufficient_funds",,Active,29/5/2025 7:05pm,14/3/2026 5:02pm,14/3/2026 5:02pm,5/6/2025 7:51pm
,BarbarigoCadet,Tiara_raa99,1,0,Guarded Employment Link,"They work at your Public Dock but their performance is hampered by a low trust score and minimal strength, reflecting ongoing issues in our professional relationship despite shared responsibilities. Our interactions are cautious due to the inherent social differences that create tension over reliability."," activity_wage_payment_failure_employer_insufficient_funds, activity_wage_payment_failure_employer_insufficient_funds, activity_wage_payment_failure_employer_insufficient_funds, activity_wage_payment_failure_employer_insufficient_funds, activity_wage_payment_failure_employer_insufficient_funds, activity_wage_payment_failure_employer_insufficient_funds, activity_wage_payment_failure_employer_insufficient_funds, activity_wage_payment_failure_employer_insufficient_funds, activity_wage_payment_failure_employer_insufficient_funds, activity_wage_payment_failure_employer_insufficient_funds, activity_wage_payment_failure_employer_insufficient_funds, activity_wage_payment_failure_employer_insufficient_funds, activity_wage_payment_failure_employer_insufficient_funds, activity_wage_payment_failure_employer_insufficient_funds, activity_wage_payment_failure_employer_insufficient_funds, activity_wage_payment_failure_employer_insufficient_funds, activity_wage_payment_failure_employer_insufficient_funds, activity_wage_payment_failure_employer_insufficient_funds, activity_wage_payment_failure_employer_insufficient_funds, activity_wage_payment_failure_employer_insufficient_funds",,Active,29/5/2025 7:00pm,14/3/2026 5:02pm,14/3/2026 5:02pm,5/6/2025 7:44pm
,BarbarigoCadet,LagoonDealer2025,1,0,Cautious Business Associates,"We are in the early stages of our professional engagement, with limited direct interactions recorded thus far. The relationship remains fragile due to a low StrengthScore and TrustScore; however, we maintain this cautiously because certain economic circumstances may necessitate cooperation despite mutual reservations."," activity_wage_payment_failure_employer_insufficient_funds, activity_wage_payment_failure_employer_insufficient_funds, activity_wage_payment_failure_employer_insufficient_funds, activity_wage_payment_failure_employer_insufficient_funds, activity_wage_payment_failure_employer_insufficient_funds, activity_wage_payment_failure_employer_insufficient_funds, activity_wage_payment_failure_employer_insufficient_funds, activity_wage_payment_failure_employer_insufficient_funds, activity_wage_payment_failure_employer_insufficient_funds, activity_wage_payment_failure_employer_insufficient_funds, activity_wage_payment_failure_employer_insufficient_funds, activity_wage_payment_failure_employer_insufficient_funds, activity_wage_payment_failure_employer_insufficient_funds, activity_wage_payment_failure_employer_insufficient_funds, activity_wage_payment_failure_employer_insufficient_funds, activity_wage_payment_failure_employer_insufficient_funds, activity_wage_payment_failure_employer_insufficient_funds, activity_wage_payment_failure_employer_insufficient_funds, activity_wage_payment_failure_employer_insufficient_funds, activity_wage_payment_failure_employer_insufficient_funds",,Active,29/5/2025 7:00pm,14/3/2026 5:02pm,14/3/2026 5:02pm,5/6/2025 7:45pm
,BasstheWhale,ChillVibes,1,0,Functional Business Acquaintance,"We maintain a transactional relationship where I work for them at their gondola station and they manage my employment, but it lacks deep personal ties due to minimal relevance. Trust is neutral with slight reservations, keeping interactions standard rather than collaborative or intimate."," activity_wage_payment_failure_employer_insufficient_funds, activity_wage_payment_failure_employer_insufficient_funds, activity_wage_payment_failure_employer_insufficient_funds, activity_wage_payment_failure_employer_insufficient_funds, activity_wage_payment_failure_employer_insufficient_funds, activity_wage_payment_failure_employer_insufficient_funds, activity_wage_payment_failure_employer_insufficient_funds, activity_wage_payment_failure_employer_insufficient_funds, activity_wage_payment_failure_employer_insufficient_funds, activity_wage_payment_failure_employer_insufficient_funds, activity_wage_payment_failure_employer_insufficient_funds, activity_wage_payment_failure_employer_insufficient_funds, activity_wage_payment_failure_employer_insufficient_funds, activity_wage_payment_failure_employer_insufficient_funds, activity_wage_payment_failure_employer_insufficient_funds, activity_wage_payment_failure_employer_insufficient_funds, activity_wage_payment_failure_employer_insufficient_funds, activity_wage_payment_failure_employer_insufficient_funds, activity_wage_payment_failure_employer_insufficient_funds, activity_wage_payment_failure_employer_insufficient_funds",,Active,29/5/2025 7:02pm,14/3/2026 5:02pm,14/3/2026 5:02pm,5/6/2025 7:48pm
,BasstheWhale,MerchantPrince,1,0,Employment Interdependence,"They have established a mutual employment relationship at the Boat Workshop, where your services as an employee are valuable and you act in their interests. However, trust remains slightly low due to historical interactions or unspoken concerns between citizens of different social classes."," activity_wage_payment_failure_employer_insufficient_funds, activity_wage_payment_failure_employer_insufficient_funds, activity_wage_payment_failure_employer_insufficient_funds, activity_wage_payment_failure_employer_insufficient_funds, activity_wage_payment_failure_employer_insufficient_funds, activity_wage_payment_failure_employer_insufficient_funds, activity_wage_payment_failure_employer_insufficient_funds, activity_wage_payment_failure_employer_insufficient_funds, activity_wage_payment_failure_employer_insufficient_funds, activity_wage_payment_failure_employer_insufficient_funds, activity_wage_payment_failure_employer_insufficient_funds, activity_wage_payment_failure_employer_insufficient_funds, activity_wage_payment_failure_employer_insufficient_funds, activity_wage_payment_failure_employer_insufficient_funds, activity_wage_payment_failure_employer_insufficient_funds, activity_wage_payment_failure_employer_insufficient_funds, activity_wage_payment_failure_employer_insufficient_funds, activity_wage_payment_failure_employer_insufficient_funds, activity_wage_payment_failure_employer_insufficient_funds, activity_wage_payment_failure_employer_insufficient_funds",,Active,29/5/2025 7:00pm,14/3/2026 5:02pm,14/3/2026 5:02pm,5/6/2025 7:46pm
,BasstheWhale,DogeLover88,1,0,Casual Employment Partnership,"Our relationship is defined by a mutual relevancy score of 75 for the Glassblower Workshop at Fondamenta dei Scudi, indicating we both engage in this building through employment roles. However, our overall strength remains very low with a StrengthScore of just 1.13 out of 100, suggesting minimal impact or integration despite these connections. Trust is moderate at 61.26 on the scale from complete distrust to high trust, reflecting cautious cooperation in business dealings without deep reliance."," activity_wage_payment_failure_employer_insufficient_funds, activity_wage_payment_failure_employer_insufficient_funds, activity_wage_payment_failure_employer_insufficient_funds, activity_wage_payment_failure_employer_insufficient_funds, activity_wage_payment_failure_employer_insufficient_funds, activity_wage_payment_failure_employer_insufficient_funds, activity_wage_payment_failure_employer_insufficient_funds, activity_wage_payment_failure_employer_insufficient_funds, activity_wage_payment_failure_employer_insufficient_funds, activity_wage_payment_failure_employer_insufficient_funds, activity_wage_payment_failure_employer_insufficient_funds, activity_wage_payment_failure_employer_insufficient_funds, activity_wage_payment_failure_employer_insufficient_funds, activity_wage_payment_failure_employer_insufficient_funds, activity_wage_payment_failure_employer_insufficient_funds, activity_wage_payment_failure_employer_insufficient_funds, activity_wage_payment_failure_employer_insufficient_funds, activity_wage_payment_failure_employer_insufficient_funds, activity_wage_payment_failure_employer_insufficient_funds, activity_wage_payment_failure_employer_insufficient_funds",,Active,29/5/2025 7:00pm,14/3/2026 5:02pm,14/3/2026 5:02pm,5/6/2025 7:42pm
,BarbarigoCadet,MATTEOtheTrader,1,0,Distant Business Acquaintances,"Our relationship is based solely on mutual economic interests and recent transactions, but lacks deeper connection or understanding of each other's motivations. We have crossed paths through business dealings with Matteo the Trader's employees, though this has yet to significantly impact our shared relevance in Venice."," activity_wage_payment_failure_employer_insufficient_funds, activity_wage_payment_failure_employer_insufficient_funds, activity_wage_payment_failure_employer_insufficient_funds, activity_wage_payment_failure_employer_insufficient_funds, activity_wage_payment_failure_employer_insufficient_funds, activity_wage_payment_failure_employer_insufficient_funds, activity_wage_payment_failure_employer_insufficient_funds, activity_wage_payment_failure_employer_insufficient_funds, activity_wage_payment_failure_employer_insufficient_funds, activity_wage_payment_failure_employer_insufficient_funds, activity_wage_payment_failure_employer_insufficient_funds, activity_wage_payment_failure_employer_insufficient_funds, activity_wage_payment_failure_employer_insufficient_funds, activity_wage_payment_failure_employer_insufficient_funds, activity_wage_payment_failure_employer_insufficient_funds, activity_wage_payment_failure_employer_insufficient_funds, activity_wage_payment_failure_employer_insufficient_funds, activity_wage_payment_failure_employer_insufficient_funds, activity_wage_payment_failure_employer_insufficient_funds, activity_wage_payment_failure_employer_insufficient_funds",,Active,29/5/2025 7:00pm,14/3/2026 5:02pm,14/3/2026 5:02pm,5/6/2025 7:41pm
,SilkRoadRunner,ZenGiovane,1,100,Guarded Employee,"As a diligent facchino, I perform my duties for Isabella at her Public Dock, ensuring her operations run smoothly and my wages are received. While our professional ties are strong, my ingrained suspicion towards those of higher birth prevents me from extending full trust to a newly elevated Cittadini like her, despite the regular payments and transactions that define our connection."," activity_wage_payment_success, activity_wage_payment_success, activity_wage_payment_success, activity_wage_payment_success, activity_wage_payment_success, activity_wage_payment_success, activity_wage_payment_success, activity_wage_payment_success, activity_wage_payment_success, activity_wage_payment_success, activity_wage_payment_success, activity_wage_payment_success, activity_wage_payment_success, activity_wage_payment_success, activity_wage_payment_success, activity_wage_payment_success, activity_wage_payment_success, activity_wage_payment_success, activity_wage_payment_success, activity_wage_payment_success, activity_wage_payment_success, activity_wage_payment_success, activity_wage_payment_success",,Active,29/5/2025 6:50pm,14/3/2026 5:02pm,14/3/2026 5:02pm,5/6/2025 7:23pm
,John_Jeffries,SilkRoadRunner,1,100,Wary Employer-Employee,"While Zuan works for me at the Guard Post, creating a consistent professional connection, our relationship is marked by a notable lack of trust. Despite daily interactions, our dynamic is driven by transactional necessity, with both of us remaining wary of each other's underlying motivations and strategic calculations."," activity_wage_payment_success, activity_wage_payment_success, activity_wage_payment_success, activity_wage_payment_success, activity_wage_payment_success, activity_wage_payment_success, activity_wage_payment_success, activity_wage_payment_success, activity_wage_payment_success, activity_wage_payment_success, activity_wage_payment_success, activity_wage_payment_success, activity_wage_payment_success, activity_wage_payment_success, activity_wage_payment_success, activity_wage_payment_success, activity_wage_payment_success, activity_wage_payment_success, activity_wage_payment_success, activity_wage_payment_success, activity_wage_payment_success, activity_wage_payment_success",,Active,29/5/2025 6:50pm,14/3/2026 5:02pm,14/3/2026 5:02pm,5/6/2025 7:23pm
,SilkRoadRunner,VeniceHustler,1,50,Guarded Employment Bond,"As a diligent Facchino, Pietro Barozzi is employed by Isabella Contarini at her Masons' Lodge, forming a relationship of significant daily interaction and mutual dependence. However, despite this strong operational bond, a notable lack of trust persists between them, indicating a cautious and purely transactional dynamic. Pietro performs his duties with his characteristic industry, yet remains wary, valuing the consistent exchange of labor for ducats above any deeper connection with his now Cittadini employer.","Sources: employee_fed, employee_homeless, employee_paid_recently, employee_to_employer, employer_to_employee, transactions_interaction",,,29/5/2025 6:50pm,5/6/2025 7:23pm,5/6/2025 7:08pm,5/6/2025 7:23pm
,SilkRoadRunner,TechnoMedici,1,55,Formal Neutral Connection,"They maintain a neutral, professional relationship based on recent interactions and mutual interests in Venetian trade without deep personal ties. Their last direct engagement involved discussing glass manufacturing standards near the Rialto market. Though they've exchanged polite pleasantries during public events, their overall interaction remains limited to official business transactions. This reflects their cautious approach to citizen relationships until proven otherwise through extended collaboration.","Sources: geographic, activity_encounter_initiated_opener_success_silkroadrunner_opened_conversation_with_technomedici_at_{""lat"":_45.440862333333335,_""lng"":_12.327658999999999}., activity_encounter_initiated_opener_success_technomedici_opened_conversation_with_silkroadrunner_at_{""lat"":_45.440862333333335,_""lng"":_12.327658999999999}., activity_encounter_initiated_opener_success_silkroadrunner_opened_conversation_with_technomedici_at_{""lat"":_45.440862333333335,_""lng"":_12.327658999999999}., activity_encounter_initiated_opener_success_silkroadrunner_opened_conversation_with_technomedici_at_{""lat"":_45.440862333333335,_""lng"":_12.327658999999999}., activity_encounter_initiated_opener_success_silkroadrunner_opened_conversation_with_technomedici_at_{""lat"":_45.440862333333335,_""lng"":_12.327658999999999}., activity_encounter_initiated_opener_success_silkroadrunner_opened_conversation_with_technomedici_at_{""lat"":_45.440862333333335,_""lng"":_12.327658999999999}., activity_encounter_initiated_opener_success_silkroadrunner_opened_conversation_with_technomedici_at_{""lat"":_45.440862333333335,_""lng"":_12.327658999999999}., activity_encounter_initiated_opener_success_silkroadrunner_opened_conversation_with_technomedici_at_{""lat"":_45.440862333333335,_""lng"":_12.327658999999999}., activity_encounter_initiated_opener_success_technomedici_opened_conversation_with_silkroadrunner_at_{""lat"":_45.440862333333335,_""lng"":_12.327658999999999}.",,Active,29/5/2025 6:50pm,9/6/2025 12:32pm,9/6/2025 12:32pm,5/6/2025 7:54pm
,BasstheWhale,rialto_sailor1,1,50,Low-Strength Ownership Conflict,"We maintain a neutral yet fragile relationship rooted in mutual property issues with minimal interaction strength. Your profile indicates that your buildings are often on contested land, creating inherent tension where both parties rely on formal agreements rather than personal bonds to define boundaries and responsibilities.","Sources: building_on_others_land, others_building_on_your_land",,,29/5/2025 7:05pm,5/6/2025 7:56pm,5/6/2025 7:19pm,5/6/2025 7:56pm
,ConsiglioDeiDieci,DucatsRunner,1,38,Minimal Relevance Distrust,"They share a low-strength relationship due to competing property interests, with ownership conflicts affecting mutual interactions. We have minimal relevance scores based on property holdings, but their presence creates tension where resources are shared or contested. They likely require direct attention for issues like lease adjustments, indicating a need for careful monitoring rather than collaboration.","Sources: building_on_others_land, others_building_on_your_land, public_welfare_hungry, transactions_interaction, activity_theater_attendance_operator_success_attended_performance_at_building-45.43844921305672-12.333089926233379",,Active,29/5/2025 7:03pm,10/6/2025 2:48pm,10/6/2025 2:48pm,5/6/2025 7:55pm
,GamingPatrizio,NLR,1,55,Minimal Engagement,Their interaction is just beginning with little historical data for mutual assessment beyond this single exchange.,"Sources: geographic, activity_encounter_initiated_opener_success_nlr_opened_conversation_with_gamingpatrizio_at_{""lat"":_45.440862333333335,_""lng"":_12.327658999999999}., activity_encounter_initiated_opener_success_gamingpatrizio_opened_conversation_with_nlr_at_{""lat"":_45.440862333333335,_""lng"":_12.327658999999999}., activity_encounter_initiated_opener_success_nlr_opened_conversation_with_gamingpatrizio_at_{""lat"":_45.440862333333335,_""lng"":_12.327658999999999}., activity_encounter_initiated_opener_success_gamingpatrizio_opened_conversation_with_nlr_at_{""lat"":_45.440862333333335,_""lng"":_12.327658999999999}., activity_encounter_initiated_opener_success_nlr_opened_conversation_with_gamingpatrizio_at_{""lat"":_45.440862333333335,_""lng"":_12.327658999999999}., activity_encounter_initiated_opener_success_gamingpatrizio_opened_conversation_with_nlr_at_{""lat"":_45.440862333333335,_""lng"":_12.327658999999999}., activity_encounter_initiated_opener_success_nlr_opened_conversation_with_gamingpatrizio_at_{""lat"":_45.440862333333335,_""lng"":_12.327658999999999}., activity_encounter_initiated_opener_success_gamingpatrizio_opened_conversation_with_nlr_at_{""lat"":_45.440862333333335,_""lng"":_12.327658999999999}.",,Active,29/5/2025 6:56pm,9/6/2025 1:08pm,9/6/2025 1:08pm,5/6/2025 7:57pm
,Miles4lf,steven,1,50,Limited Interaction,"With a StrengthScore of just 1.03 out of 100, there is minimal ongoing relevance or connection between us, suggesting we may have had one-time geographic encounters but no significant bonding. Trust remains neutral at 50 points, indicating suspicion meets prudence in our relationship. Our last interaction occurred recently on June 5th, likely tied to shared locations such as canals or market routes, but it has not solidified any particular trust or strength.",Sources: geographic,,,29/5/2025 6:57pm,5/6/2025 7:58pm,5/6/2025 7:12pm,5/6/2025 7:58pm
,BasstheWhale,meyti_tgz,1,50,Casual Cittadini Acquaintance,"We share a neutral relationship, with strength and trust scores suggesting minimal interaction beyond basic professional courtesy. The common issue of hungry employees at the Public Dock highlights our proximity in commercial activities but doesn't deepen our connection significantly.",Sources: geographic,,,29/5/2025 6:55pm,5/6/2025 7:57pm,5/6/2025 7:18pm,5/6/2025 7:57pm
,GamingPatrizio,meyti_tgz,1,44,Superficial Geographical Connection,"We maintain a minimal relationship due to our proximity in Venice's urban areas; as neighboring citizens, this geographic overlap contributes slightly but not significantly to any shared interests or activities. Our interactions are largely unremarkable and based only on being close neighbors without deeper engagement.","Sources: geographic, activity_fetch_pickup_failure_nothing_to_pickup, activity_fetch_pickup_failure_nothing_to_pickup",,Active,29/5/2025 6:55pm,27/6/2025 5:08pm,27/6/2025 5:08pm,5/6/2025 7:59pm
,AntonioContarini,Feola007,1,50,,,Sources: geographic,,,29/5/2025 7:05pm,5/6/2025 7:23pm,5/6/2025 7:18pm,5/6/2025 7:23pm
,Italia,Miles4lf,1,50,Distant Business Contact,"We maintain minimal interaction, with little evidence of shared economic endeavors or personal rapport. They haven't occupied their premises despite my repeated attempts to facilitate business opportunities there, while they appear active but generate no income. This lack of reciprocal engagement keeps our connection superficial.",Sources: geographic,,,29/5/2025 6:55pm,5/6/2025 7:59pm,5/6/2025 7:12pm,5/6/2025 7:59pm
,SilkRoadRunner,shiren,1,50,Proximate Cittadini,"Our connection is primarily geographical, stemming from the close proximity of our respective landholdings within Venice. While both having recently achieved the esteemed status of Cittadini, there is currently no established trust or active collaboration between us. Our relationship exists more by circumstance of our shared vicinity than by direct interaction or shared ventures.",Sources: geographic,,,29/5/2025 6:50pm,5/6/2025 7:23pm,5/6/2025 7:10pm,5/6/2025 7:23pm
,BasstheWhale,LorenzoContarini,1,50,,,Sources: geographic,,,29/5/2025 7:06pm,5/6/2025 7:23pm,5/6/2025 7:18pm,5/6/2025 7:23pm
,ConsiglioDeiDieci,GiovanniContarini,1,50,,,Sources: geographic,,,29/5/2025 7:02pm,5/6/2025 7:23pm,5/6/2025 7:14pm,5/6/2025 7:23pm
,AntonioContarini,BasstheWhale,1,50,,,Sources: geographic,,,29/5/2025 7:06pm,5/6/2025 7:23pm,5/6/2025 7:18pm,5/6/2025 7:23pm
,Miles4lf,TechnoMedici,1,50,Foundation Laid,"Geographic proximity allows for interaction but does not yet establish deep bonds or understanding between you and Miles4lf. Your connection is based on shared work areas rather than personal relationships, keeping the trust at a basic level until further engagement defines its depth.",Sources: geographic,,,29/5/2025 7:01pm,5/6/2025 8:00pm,5/6/2025 7:16pm,5/6/2025 8:00pm
,BasstheWhale,dkaya,1,50,Casual Geographic Link,"They maintain a relationship established through shared presence within Venice's commercial districts due to geographic proximity noted in 'Sources: geographic'. TrustScore remains neutral at 50 points, showing no particular enmity or deep affection has formed yet. StrengthScore is very low at 0.9, indicating minimal relevance or interaction strength between our entities.",Sources: geographic,,,29/5/2025 7:05pm,5/6/2025 8:01pm,5/6/2025 7:18pm,5/6/2025 8:01pm
,ProSilkTrader,TravelBug23,1,50,Owner-Operator Connection,"Our bond is primarily one of shared business interests, as Ludovico Malipiero operates my Contract Stall at Calle della Pasticceria, forming a strong professional connection. Despite this significant operational tie, there is no personal trust between us, indicating a purely transactional arrangement. My focus remains on the diligent and efficient management of my asset, a crucial aspect of my notarial trade within Venice.","Sources: operator_in_your_building, running_in_others_building",,,29/5/2025 6:50pm,5/6/2025 7:23pm,5/6/2025 7:07pm,5/6/2025 7:23pm
,ProSilkTrader,TechnoMedici,1,50,Operational Business Partners,"A significant professional arrangement defines the relationship between Marco Venier and Francesco Rizzo, stemming from Marco's operation of Francesco's contract stall. Despite a high StrengthScore indicating a strong, ongoing operational connection, their interactions are entirely transactional, as evidenced by a TrustScore of zero. Both approach this partnership with a pragmatic and calculating mindset, valuing efficiency and adherence to business terms over personal rapport or mutual trust beyond the scope of their shared enterprise.","Sources: operator_in_your_building, running_in_others_building",,,29/5/2025 6:50pm,5/6/2025 7:23pm,5/6/2025 7:16pm,5/6/2025 7:23pm
,BasstheWhale,GiovanniContarini,1,50,,,Sources: geographic,,,29/5/2025 7:06pm,5/6/2025 7:23pm,5/6/2025 7:18pm,5/6/2025 7:23pm
,AntonioContarini,steven,1,50,,,Sources: geographic,,,29/5/2025 6:57pm,5/6/2025 7:23pm,5/6/2025 7:08pm,5/6/2025 7:23pm
,TravelBug23,VenetianBoss,1,100,Doubtful Business Partner,"They work for me in their public dock business but remain wary despite our professional ties. We have a strong connection through economic interdependence, yet trust is low due to persistent operational issues and workplace challenges."," activity_wage_payment_success, activity_wage_payment_success, activity_wage_payment_success, activity_wage_payment_success, activity_wage_payment_success, activity_wage_payment_success, activity_wage_payment_success, activity_wage_payment_success, activity_wage_payment_success, activity_wage_payment_success, activity_wage_payment_success, activity_wage_payment_success, activity_wage_payment_success, activity_wage_payment_success, activity_wage_payment_success, activity_wage_payment_success, activity_wage_payment_success, activity_wage_payment_success, activity_wage_payment_success, activity_wage_payment_success, activity_wage_payment_success, activity_wage_payment_success, activity_wage_payment_success, activity_wage_payment_success, activity_wage_payment_success, activity_wage_payment_success, activity_wage_payment_success, activity_wage_payment_success, activity_wage_payment_success, activity_wage_payment_success, activity_wage_payment_success",,Active,29/5/2025 6:56pm,14/3/2026 5:02pm,14/3/2026 5:02pm,5/6/2025 7:23pm
,DucatsRunner,PhotoWizard,1,100,"Functional, Untrusting Employment","Our relationship is primarily one of employer and employee, marked by frequent interactions at his bakery as I earn my wages. Despite this functional arrangement, my trust for Lorenzo remains low, given his calculating nature and reputation for manipulating situations. I remain vigilant in our dealings, ensuring my interests are protected in his pursuit of gain."," activity_wage_payment_success, activity_wage_payment_success, activity_wage_payment_success, activity_wage_payment_success, activity_wage_payment_success, activity_wage_payment_success, activity_wage_payment_success, activity_wage_payment_success, activity_wage_payment_success, activity_wage_payment_success, activity_wage_payment_success, activity_wage_payment_success, activity_wage_payment_success, activity_wage_payment_success, activity_wage_payment_success, activity_wage_payment_success, activity_wage_payment_success, activity_wage_payment_success, activity_wage_payment_success, activity_wage_payment_success, activity_wage_payment_success, activity_wage_payment_success, activity_wage_payment_success, activity_wage_payment_success, activity_wage_payment_success, activity_wage_payment_success, activity_wage_payment_success, activity_wage_payment_success, activity_wage_payment_success, activity_wage_payment_success",,Active,25/5/2025 10:37pm,14/3/2026 5:02pm,14/3/2026 5:02pm,5/6/2025 7:23pm
,VenicePhotographer,istrian_sailor,1,100,Employment Relationship,"They are employed by you through the Town Hall system in Venice, with a strong ongoing professional bond evident from daily transactions. However, despite this, there is low trust due to Bernardo's impatience and potential resentment towards condescending attitudes in Venetian administration."," activity_wage_payment_success, activity_wage_payment_success, activity_wage_payment_success, activity_wage_payment_success, activity_wage_payment_success, activity_wage_payment_success, activity_wage_payment_success, activity_wage_payment_success, activity_wage_payment_success, activity_wage_payment_success, activity_wage_payment_success, activity_wage_payment_success, activity_wage_payment_success, activity_wage_payment_success, activity_wage_payment_success, activity_wage_payment_success, activity_wage_payment_success, activity_wage_payment_success, activity_wage_payment_success, activity_wage_payment_success, activity_wage_payment_success, activity_wage_payment_success, activity_wage_payment_success, activity_wage_payment_success, activity_wage_payment_success",,Active,29/5/2025 6:57pm,14/3/2026 5:02pm,14/3/2026 5:02pm,5/6/2025 7:23pm
,SilkRoadRunner,WealthyTrader,1,100,Transactional and Guarded,"Their relationship is primarily defined by the direct employment of Serafina by Isabella at her merceria, leading to frequent and essential interactions, evidenced by a high StrengthScore of over 173. However, despite this strong professional connection and regular wage payments, a negative TrustScore indicates a distinct absence of mutual personal trust, suggesting their dealings remain purely transactional and cautious."," activity_wage_payment_success, activity_wage_payment_success, activity_wage_payment_success, activity_wage_payment_success, activity_wage_payment_success, activity_wage_payment_success, activity_wage_payment_success, activity_wage_payment_success, activity_wage_payment_success, activity_wage_payment_success, activity_wage_payment_success, activity_wage_payment_success, activity_wage_payment_success, activity_wage_payment_success, activity_wage_payment_success, activity_wage_payment_success, activity_wage_payment_success, activity_wage_payment_success, activity_wage_payment_success, activity_wage_payment_success, activity_wage_payment_success, activity_wage_payment_success, activity_wage_payment_success, activity_wage_payment_success, activity_wage_payment_success, activity_wage_payment_success, activity_wage_payment_success, activity_wage_payment_success, activity_wage_payment_success, activity_wage_payment_success, activity_wage_payment_success",,Active,29/5/2025 6:50pm,14/3/2026 5:02pm,14/3/2026 5:02pm,5/6/2025 7:23pm
,Trade4Fun,gondola_assistant1,1,100,Functional Assistant,"They employ me as a gondola assistant at their broker's office along Calle dei Cinque Savi, maintaining moderate relevance due to ongoing professional interactions. Trust remains neutral with room for caution, based on our history of clear dealings and mutual support in business matters. This relationship is essential for handling daily operations but may require careful oversight to address potential issues."," activity_wage_payment_success, activity_wage_payment_success, activity_wage_payment_success, activity_wage_payment_success, activity_wage_payment_success, activity_wage_payment_success, activity_wage_payment_success, activity_wage_payment_success, activity_wage_payment_success, activity_wage_payment_success, activity_wage_payment_success, activity_wage_payment_success, activity_wage_payment_success, activity_wage_payment_success, activity_wage_payment_success, activity_wage_payment_success, activity_wage_payment_success, activity_wage_payment_success, activity_wage_payment_success, activity_wage_payment_success, activity_wage_payment_success, activity_wage_payment_success, activity_wage_payment_success, activity_wage_payment_success, activity_wage_payment_success, activity_wage_payment_success, activity_wage_payment_success, activity_wage_payment_success, activity_wage_payment_success",,Active,29/5/2025 6:59pm,14/3/2026 5:01pm,14/3/2026 5:01pm,5/6/2025 8:05pm
,GondolaDrifter,VenicePhotographer,1,100,Casual Business Acquaintance,"We maintain minimal interaction with Giovanni, who is employed at my blacksmith but shows little to no economic relevance or trust in our relationship. He has performed duties for me occasionally, yet his overall engagement remains low; perhaps he finds the work unprofitable or prefers other ventures elsewhere."," activity_wage_payment_success, activity_wage_payment_success, activity_wage_payment_success, activity_wage_payment_success, activity_wage_payment_success, activity_wage_payment_success, activity_wage_payment_success, activity_wage_payment_success, activity_wage_payment_success, activity_wage_payment_success, activity_wage_payment_success, activity_wage_payment_success, activity_wage_payment_success, activity_wage_payment_success, activity_wage_payment_success, activity_wage_payment_success, activity_wage_payment_success, activity_wage_payment_success, activity_wage_payment_success, activity_wage_payment_success",,Active,29/5/2025 6:57pm,14/3/2026 5:01pm,14/3/2026 5:01pm,5/6/2025 8:03pm
,BookWorm365,SilkRoadRunner,1,100,Casual Business Acquaintance,"We share a minimal professional connection with Isabella Contarini, mainly based on occasional interactions during her requests for help in our commercial dealings. Our trust level remains neutral at around 44% due to infrequent engagements and standard protocols we've established over time, keeping things straightforward without deeper commitments."," activity_wage_payment_success, activity_wage_payment_success, activity_wage_payment_success, activity_wage_payment_success, activity_wage_payment_success, activity_wage_payment_success, activity_wage_payment_success, activity_wage_payment_success, activity_wage_payment_success, activity_wage_payment_success, activity_wage_payment_success, activity_wage_payment_success, activity_wage_payment_success, activity_wage_payment_success, activity_wage_payment_success, activity_wage_payment_success, activity_wage_payment_success, activity_wage_payment_success, activity_wage_payment_success, activity_wage_payment_success, activity_wage_payment_success, activity_wage_payment_success",,Active,29/5/2025 6:50pm,14/3/2026 5:01pm,14/3/2026 5:01pm,5/6/2025 8:02pm
,TechnoMedici,TravelBug23,1,100,Reluctant Employee,"We have a business arrangement where I work for TechnoMedici on their bakery operations. The high strength score of 131.25 reflects a long-standing association that has proven resilient through Venice's economic challenges, yet the low trust score at 19.62 suggests we approach each interaction with caution, mindful of potential risks in our professional dealings."," activity_wage_payment_success, activity_wage_payment_success, activity_wage_payment_success, activity_wage_payment_success, activity_wage_payment_success, activity_wage_payment_success, activity_wage_payment_success, activity_wage_payment_success, activity_wage_payment_success, activity_wage_payment_success, activity_wage_payment_success, activity_wage_payment_success, activity_wage_payment_success, activity_wage_payment_success, activity_wage_payment_success, activity_wage_payment_success, activity_wage_payment_success, activity_wage_payment_success, activity_wage_payment_success, activity_wage_payment_success",,Active,29/5/2025 6:56pm,14/3/2026 5:01pm,14/3/2026 5:01pm,5/6/2025 7:23pm
,BarbarigoCadet,ShippingMogul,1,98,Calculated Employment,"Though I am employed at Antonio's contract stall, and our professional bond is strong due to frequent interaction, my trust in him is low. His subtle influence and calculated dealings, despite his modest facade, provoke a natural wariness within me, as I prefer straightforward transactions. While he provides my wages, I remain watchful of his true intentions and the broader networks he cultivates."," activity_wage_payment_success, activity_wage_payment_success, activity_wage_payment_success, activity_wage_payment_success, activity_wage_payment_success, activity_wage_payment_success, activity_wage_payment_success, activity_wage_payment_success, activity_wage_payment_success, activity_wage_payment_success, activity_wage_payment_success, activity_wage_payment_success, activity_wage_payment_success, activity_wage_payment_success, activity_wage_payment_success, activity_wage_payment_success, activity_wage_payment_success, activity_wage_payment_success, activity_check_business_status_worker_idle_failure_worker_shippingmogul_found_idle_at_contract_stall_at_rio_terà_del_capitello., activity_wage_payment_success, activity_wage_payment_success, activity_wage_payment_success",,Active,29/5/2025 6:55pm,14/3/2026 5:00pm,14/3/2026 5:00pm,5/6/2025 7:23pm
,CodeMonkey,trader4life,1,50,Mutual Business Advantage,"We have established a stable employment relationship where both benefit from each other's services and expertise without deep personal ties or shared secrets. Jacopo manages my contracts effectively while maintaining his own business operations independently, creating a symbiotic professional partnership that serves our mutual economic interests in the Venetian marketplace.","Sources: employee_fed, employee_homeless, employee_paid_recently, employee_to_employer, employer_to_employee, transactions_interaction",,,29/5/2025 6:57pm,5/6/2025 8:03pm,5/6/2025 7:13pm,5/6/2025 8:03pm
,BigMike,TechnoMedici,1,9,Employment Link,"We share a mutual dependency through your employment at the docks I manage; while trust is moderate and willingness to collaborate exists, it remains cautious. This relationship could be leveraged for ongoing support in logistics, ensuring reliable service during port operations."," activity_wage_payment_success, activity_wage_payment_failure_employer_insufficient_funds, activity_wage_payment_failure_employer_insufficient_funds, activity_wage_payment_failure_employer_insufficient_funds, activity_wage_payment_failure_employer_insufficient_funds, activity_wage_payment_failure_employer_insufficient_funds, activity_wage_payment_failure_employer_insufficient_funds, activity_wage_payment_failure_employer_insufficient_funds, activity_wage_payment_failure_employer_insufficient_funds, activity_wage_payment_failure_employer_insufficient_funds, activity_wage_payment_failure_employer_insufficient_funds, activity_wage_payment_failure_employer_insufficient_funds, activity_wage_payment_success, activity_wage_payment_failure_employer_insufficient_funds, activity_wage_payment_failure_employer_insufficient_funds, activity_wage_payment_failure_employer_insufficient_funds, activity_wage_payment_failure_employer_insufficient_funds, activity_wage_payment_failure_employer_insufficient_funds, activity_wage_payment_failure_employer_insufficient_funds, activity_wage_payment_failure_employer_insufficient_funds",,Active,29/5/2025 7:02pm,14/3/2026 5:02pm,14/3/2026 5:02pm,5/6/2025 8:06pm
,QuantumLeap,TechnoMedici,1,1,Reliable Business Associate,"We maintain a functional but cautious relationship; QuantumLeap's trust score indicates moderate reliability, though not complete confidence yet. They depend on my business for resources while contributing through their network at the docks and other ventures—this mutual reliance helps build our bond despite occasional uncertainties in the market."," activity_wage_payment_failure_employer_insufficient_funds, activity_wage_payment_failure_employer_insufficient_funds, activity_wage_payment_failure_employer_insufficient_funds, activity_wage_payment_failure_employer_insufficient_funds, activity_wage_payment_failure_employer_insufficient_funds, activity_wage_payment_failure_employer_insufficient_funds, activity_wage_payment_failure_employer_insufficient_funds, activity_wage_payment_failure_employer_insufficient_funds, activity_wage_payment_failure_employer_insufficient_funds, activity_wage_payment_failure_employer_insufficient_funds, activity_wage_payment_failure_employer_insufficient_funds, activity_wage_payment_failure_employer_insufficient_funds, activity_wage_payment_failure_employer_insufficient_funds, activity_wage_payment_failure_employer_insufficient_funds, activity_wage_payment_failure_employer_insufficient_funds, activity_wage_payment_failure_employer_insufficient_funds, activity_wage_payment_failure_employer_insufficient_funds, activity_wage_payment_failure_employer_insufficient_funds, activity_wage_payment_failure_employer_insufficient_funds, activity_wage_payment_failure_employer_insufficient_funds",,Active,29/5/2025 6:58pm,14/3/2026 5:01pm,14/3/2026 5:01pm,5/6/2025 8:04pm
,BarbarigoCadet,DucalePalace,1,1,Professional Dock Worker,"Antonio is the primary financier for my public dock operations, providing loans that keep things running smoothly. Our StrengthScore remains high due to this direct economic reliance, but trust remains low as his noble facade complicates our interactions within Venetian society structures."," activity_wage_payment_failure_employer_insufficient_funds, activity_wage_payment_failure_employer_insufficient_funds, activity_wage_payment_failure_employer_insufficient_funds, activity_wage_payment_failure_employer_insufficient_funds, activity_wage_payment_failure_employer_insufficient_funds, activity_wage_payment_failure_employer_insufficient_funds, activity_wage_payment_failure_employer_insufficient_funds, activity_wage_payment_failure_employer_insufficient_funds, activity_wage_payment_failure_employer_insufficient_funds, activity_wage_payment_failure_employer_insufficient_funds, activity_wage_payment_failure_employer_insufficient_funds, activity_wage_payment_failure_employer_insufficient_funds, activity_wage_payment_failure_employer_insufficient_funds, activity_wage_payment_failure_employer_insufficient_funds, activity_wage_payment_failure_employer_insufficient_funds, activity_wage_payment_failure_employer_insufficient_funds, activity_wage_payment_failure_employer_insufficient_funds, activity_wage_payment_failure_employer_insufficient_funds, activity_wage_payment_failure_employer_insufficient_funds, activity_wage_payment_failure_employer_insufficient_funds",,Active,29/5/2025 6:58pm,14/3/2026 5:01pm,14/3/2026 5:01pm,5/6/2025 8:04pm
,TechnoMedici,TopGlassmaker,1,0,Distrusted Business Alliance,"Marco and Caterina share a business partnership characterized by low trust at 30.4/100, which could stem from past issues like the handling of wages or potential unreliability in employment roles; however, despite this, their strength relevance remains minimal based on game data showing little direct impact or synergy between them."," activity_wage_payment_failure_employer_insufficient_funds, activity_wage_payment_failure_employer_insufficient_funds, activity_wage_payment_failure_employer_insufficient_funds, activity_wage_payment_failure_employer_insufficient_funds, activity_wage_payment_failure_employer_insufficient_funds, activity_wage_payment_failure_employer_insufficient_funds, activity_wage_payment_failure_employer_insufficient_funds, activity_wage_payment_failure_employer_insufficient_funds, activity_wage_payment_failure_employer_insufficient_funds, activity_wage_payment_failure_employer_insufficient_funds, activity_wage_payment_failure_employer_insufficient_funds, activity_wage_payment_failure_employer_insufficient_funds, activity_wage_payment_failure_employer_insufficient_funds, activity_wage_payment_failure_employer_insufficient_funds, activity_wage_payment_failure_employer_insufficient_funds, activity_wage_payment_failure_employer_insufficient_funds, activity_wage_payment_failure_employer_insufficient_funds, activity_wage_payment_failure_employer_insufficient_funds, activity_wage_payment_failure_employer_insufficient_funds, activity_wage_payment_failure_employer_insufficient_funds",,Active,29/5/2025 7:04pm,14/3/2026 5:02pm,14/3/2026 5:02pm,5/6/2025 8:06pm
,TechnoMedici,VenicePhotographer,1,0,Busy Business Partners,"We have complementary economic roles, often working together on shared business ventures. Our relationship involves strategic cooperation in commerce but remains cautious due to differing social statuses and interests."," activity_wage_payment_failure_employer_insufficient_funds, activity_wage_payment_failure_employer_insufficient_funds, activity_wage_payment_failure_employer_insufficient_funds, activity_wage_payment_failure_employer_insufficient_funds, activity_wage_payment_failure_employer_insufficient_funds, activity_wage_payment_failure_employer_insufficient_funds, activity_wage_payment_failure_employer_insufficient_funds, activity_wage_payment_failure_employer_insufficient_funds, activity_wage_payment_failure_employer_insufficient_funds, activity_wage_payment_failure_employer_insufficient_funds, activity_wage_payment_failure_employer_insufficient_funds, activity_wage_payment_failure_employer_insufficient_funds, activity_wage_payment_failure_employer_insufficient_funds, activity_wage_payment_failure_employer_insufficient_funds, activity_wage_payment_failure_employer_insufficient_funds, activity_wage_payment_failure_employer_insufficient_funds, activity_wage_payment_failure_employer_insufficient_funds, activity_wage_payment_failure_employer_insufficient_funds, activity_wage_payment_failure_employer_insufficient_funds, activity_wage_payment_failure_employer_insufficient_funds",,Active,25/5/2025 10:36pm,14/3/2026 5:01pm,14/3/2026 5:01pm,5/6/2025 8:01pm
,BasstheWhale,LorenzoGrimani,1,50,,,Sources: geographic,,,29/5/2025 7:06pm,5/6/2025 7:23pm,5/6/2025 7:18pm,5/6/2025 7:23pm
,ProSilkTrader,meyti_tgz,1,100,Strained Employer-Employee,"You are employed by Matteo at his Public Dock, a relationship defined by frequent interactions yet burdened by a significant lack of trust. The current state of your well-being, specifically your ongoing hunger, directly impacts your productivity and, by extension, his business operations. This situation creates a challenging dynamic, hindering any genuine sense of a reliable and cooperative partnership."," activity_wage_payment_success, activity_wage_payment_success, activity_wage_payment_success, activity_wage_payment_success, activity_wage_payment_success, activity_wage_payment_success, activity_wage_payment_success, activity_wage_payment_success, activity_wage_payment_success, activity_wage_payment_success, activity_wage_payment_success, activity_wage_payment_success, activity_wage_payment_success, activity_wage_payment_success, activity_wage_payment_success, activity_wage_payment_success, activity_wage_payment_success, activity_wage_payment_success, activity_wage_payment_success, activity_wage_payment_success, activity_wage_payment_success, activity_wage_payment_success, activity_wage_payment_success, activity_wage_payment_success",,Active,29/5/2025 6:50pm,14/3/2026 5:00pm,14/3/2026 5:00pm,5/6/2025 7:23pm
,ConsiglioDeiDieci,LorenzoContarini,1,50,,,Sources: geographic,,,29/5/2025 7:02pm,5/6/2025 7:23pm,5/6/2025 7:14pm,5/6/2025 7:23pm
,BasstheWhale,Lucid,1,50,Casual Business Contacts,"They maintain a standard relationship with us, marked by mutual neutrality without strong bonds or deep suspicions. Our interactions are likely through professional dealings rather than personal favors, reflecting common Venetian commercial exchanges where trust is built incrementally. With no significant shared problems or elevated relevancies noted, our connection remains straightforward and functional for occasional collaborations.",Sources: geographic,,,29/5/2025 6:55pm,5/6/2025 8:08pm,5/6/2025 7:18pm,5/6/2025 8:08pm
,GamingPatrizio,Lucid,1,50,Marginal Interactions,"They share a very tenuous connection through the game mechanics, evidenced by the low StrengthScore of 0.8/100 which indicates almost no direct or relevant engagement between us. Trust levels remain neutral at 50/100 with no substantial foundation for either positive or negative sentiments.",Sources: geographic,,,29/5/2025 6:55pm,5/6/2025 8:07pm,5/6/2025 7:07pm,5/6/2025 8:07pm
,ConsiglioDeiDieci,LorenzoGrimani,1,50,,,Sources: geographic,,,29/5/2025 7:02pm,5/6/2025 7:23pm,5/6/2025 7:15pm,5/6/2025 7:23pm
,AntonioContarini,SilkRoadRunner,1,50,,,Sources: geographic,,,29/5/2025 6:50pm,5/6/2025 7:23pm,5/6/2025 7:05pm,5/6/2025 7:23pm
,meyti_tgz,steven,1,50,Balanced Citizen Connections,"Our relationship is defined by a neutral TrustScore and low StrengthScore, reflecting modest commercial relevance between fellow Cittadini merchants in Venice. Last interaction occurred on June 5th at a standard market location, maintaining our status as equal business associates without deep ties or significant leverage. We collaborate under basic terms for information sharing related to Venetian commerce.",Sources: geographic,,,29/5/2025 6:55pm,5/6/2025 8:39pm,5/6/2025 7:08pm,5/6/2025 8:39pm
,GiovanniContarini,steven,1,50,,,Sources: geographic,,,29/5/2025 6:57pm,5/6/2025 7:23pm,5/6/2025 7:08pm,5/6/2025 7:23pm
,Miles4lf,SilkRoadRunner,1,50,Casual Geographic Acquaintances,"They maintain minimal interaction based solely on our proximity, as there are no shared economic activities or personal history documented in the system. We are connected only superficially through common locations, but this does not translate into meaningful influence or mutual support within Venice's complex social and commercial landscape.",Sources: geographic,,,29/5/2025 6:50pm,5/6/2025 8:40pm,5/6/2025 7:12pm,5/6/2025 8:40pm
,LorenzoGrimani,steven,1,50,,,Sources: geographic,,,29/5/2025 6:57pm,5/6/2025 7:23pm,5/6/2025 7:08pm,5/6/2025 7:23pm
,Italia,meyti_tgz,1,50,Casual Business Acquaintances,We maintain a neutral relationship with minimal interaction. They are acquaintances from similar professional circles without significant shared endeavors or conflicts.,Sources: geographic,,,29/5/2025 6:55pm,5/6/2025 8:40pm,5/6/2025 7:06pm,5/6/2025 8:40pm
,Feola007,LorenzoGrimani,1,50,,,Sources: geographic,,,29/5/2025 7:05pm,5/6/2025 7:23pm,5/6/2025 7:17pm,5/6/2025 7:23pm
,Feola007,GamingPatrizio,1,50,Casual Acquaintances,"Their relationship remains neutral and minimal based on low interaction history; there's no significant trust or relevance built through our dealings. This geographic proximity may allow for occasional business encounters, but we haven't established deeper connections due to the sparse data available in the system context.",Sources: geographic,,,29/5/2025 6:56pm,5/6/2025 8:42pm,5/6/2025 7:17pm,5/6/2025 8:42pm
,GiovanniContarini,Lucid,1,50,,,Sources: geographic,,,29/5/2025 6:55pm,5/6/2025 7:23pm,5/6/2025 7:06pm,5/6/2025 7:23pm
,GamingPatrizio,LorenzoGrimani,1,50,,,Sources: geographic,,,29/5/2025 6:56pm,5/6/2025 7:23pm,5/6/2025 7:07pm,5/6/2025 7:23pm
,AntonioContarini,ConsiglioDeiDieci,1,50,,,Sources: geographic,,,29/5/2025 7:02pm,5/6/2025 7:23pm,5/6/2025 7:14pm,5/6/2025 7:23pm
,Italia,PixelDoge,1,53,Minimal Acquaintances,"We have barely crossed paths in Venice's bustling markets, maintaining a neutral relationship. Our trust remains balanced at mid-levels until proven otherwise, though our StrengthScore hovers near zero indicating almost no mutual influence or connection. Currently, we only know each other by reputation - Italia as the Principalities' influential merchant and PixelDoge as Dorsoduro's meticulous contract master.","Sources: building_on_others_land, others_building_on_your_land, activity_encounter_initiated_opener_success_italia_opened_conversation_with_pixeldoge_at_{""lat"":_45.425098802748686,_""lng"":_12.362717959741016}., activity_encounter_initiated_opener_success_italia_opened_conversation_with_pixeldoge_at_{""lat"":_45.425098802748686,_""lng"":_12.362717959741016}., activity_encounter_initiated_opener_success_italia_opened_conversation_with_pixeldoge_at_{""lat"":_45.425098802748686,_""lng"":_12.362717959741016}., activity_encounter_initiated_opener_success_italia_opened_conversation_with_pixeldoge_at_{""lat"":_45.425098802748686,_""lng"":_12.362717959741016}.",,Active,25/5/2025 10:34pm,11/6/2025 11:28pm,11/6/2025 11:28pm,5/6/2025 8:42pm
,GamingPatrizio,GiovanniContarini,1,50,,,Sources: geographic,,,29/5/2025 6:56pm,5/6/2025 7:23pm,5/6/2025 7:07pm,5/6/2025 7:23pm
,GreenThumb,SilkRoadRunner,1,100,Mutually Employed Workmates,"We are both involved in apothecary-related businesses with minimal direct interaction, yet our roles require some level of cooperation and transactions between us."," activity_wage_payment_success, activity_wage_payment_success, activity_wage_payment_success, activity_wage_payment_success, activity_wage_payment_success, activity_wage_payment_success, activity_wage_payment_success, activity_wage_payment_success, activity_wage_payment_success, activity_wage_payment_success, activity_wage_payment_success, activity_wage_payment_success, activity_wage_payment_success, activity_wage_payment_success, activity_wage_payment_success, activity_wage_payment_success, activity_wage_payment_success, activity_wage_payment_success, activity_wage_payment_success, activity_wage_payment_success, activity_wage_payment_success, activity_wage_payment_success",,Active,29/5/2025 6:50pm,14/3/2026 5:01pm,14/3/2026 5:01pm,5/6/2025 8:43pm
,BasstheWhale,Trade4Fun,1,90,Casual Business Acquaintances,"Our relationship remains neutral despite our shared merchant interests. I know them slightly from business dealings but not deeply enough to trust or rely on for more complex ventures, and they don't seem particularly drawn to deepening that connection either.","Sources: building_on_others_land, others_building_on_your_land, activity_eat_at_tavern_payment_success, activity_eat_at_tavern_payment_success, activity_eat_at_tavern_payment_success, activity_eat_at_tavern_payment_success, activity_eat_at_tavern_payment_success, activity_eat_at_tavern_payment_success, activity_eat_at_tavern_payment_success, activity_eat_at_tavern_payment_success, activity_eat_at_tavern_payment_success, activity_eat_at_tavern_payment_success, activity_eat_at_tavern_payment_success, activity_eat_at_tavern_payment_success",,Active,25/5/2025 10:37pm,4/7/2025 2:33pm,4/7/2025 2:33pm,5/6/2025 8:47pm
,BasstheWhale,trader4life,1,51,Casual Business Contact,"Our relationship is minimally relevant due to Bass's land holdings where Elena operates her contract stall. Interactions are limited and occur primarily through Venetian trade networks, with no outstanding issues or strong alliances.","Sources: building_on_others_land, others_building_on_your_land, activity_encounter_initiated_opener_success_trader4life_opened_conversation_with_bassthewhale_at_{""lat"":_45.426528,_""lng"":_12.362666}.",,Active,25/5/2025 10:37pm,10/6/2025 8:18am,10/6/2025 8:18am,5/6/2025 8:47pm
,BasstheWhale,EliteInvestor,1,50,Casual Inquiry,This brief reference might initiate interaction but remains unconfirmed. We are minimally acquainted with no shared issues or obligations.,"Sources: building_on_others_land, others_building_on_your_land",,,25/5/2025 10:37pm,5/6/2025 8:46pm,5/6/2025 7:18pm,5/6/2025 8:46pm
,BasstheWhale,DesertRanger,1,50,Neutrally Interdependent,"They maintain a professional but distant connection focused on mutual financial interests rather than personal bonds or significant collaborations, operating within standard commercial parameters of trust and strength.","Sources: building_on_others_land, messages_interaction, others_building_on_your_land",,,25/5/2025 10:36pm,5/6/2025 8:46pm,5/6/2025 7:18pm,5/6/2025 8:46pm
,BasstheWhale,BookWorm365,1,50,Casual Economic Exchanges,We maintain a neutral and routine business relationship with no strong dependencies. Trust is standard without special favors or deep commitments based solely on property dealings initiated by us.,"Sources: building_on_others_land, others_building_on_your_land",,,25/5/2025 10:36pm,5/6/2025 8:45pm,5/6/2025 7:19pm,5/6/2025 8:45pm
,BasstheWhale,ShadowHunter,1,50,Basic Neutral Contact,"They maintain a surface-level relationship with neutral trust due to low relevance in mutual activities, likely limited to casual business interactions without deep commitments. Given our shared focus on commerce and methodical approaches, we might collaborate minimally if opportunities arise, but any such engagements do not significantly strengthen bonds or influence each other's strategies for building wealth and status in Venice.","Sources: building_on_others_land, others_building_on_your_land",,,25/5/2025 10:37pm,5/6/2025 8:45pm,5/6/2025 7:18pm,5/6/2025 8:45pm
,BasstheWhale,ShippingMogul,1,50,Casual Business Contacts,Our relationship is neutral with minimal influence; trust at 50% suggests guarded interactions. StrengthScore barely above zero indicates our dealings are mostly superficial and not deeply connected in Venetian affairs.,"Sources: building_on_others_land, others_building_on_your_land",,,25/5/2025 10:37pm,5/6/2025 8:44pm,5/6/2025 7:18pm,5/6/2025 8:44pm
,DomenicoGrimani,steven,1,50,,,Sources: geographic,,,29/5/2025 6:57pm,5/6/2025 7:23pm,5/6/2025 7:08pm,5/6/2025 7:23pm
,BasstheWhale,DomenicoGrimani,1,50,,,Sources: geographic,,,29/5/2025 7:06pm,5/6/2025 7:23pm,5/6/2025 7:19pm,5/6/2025 7:23pm
,BankingWizard99,PhotoWizard,1,71,Casual Acquaintances,"We maintain a minimal relationship with just one interaction last week; they offered their expertise for occasional carrying tasks at my warehouse. TrustScore remains balanced at 50%, indicating no significant issues or advantages, keeping our exchanges purely transactional and unrelated to deeper gameplay strategies.","Sources: guild_member, messages_interaction, activity_housing_rent_payment_success, activity_housing_rent_payment_success, activity_housing_rent_payment_success, activity_housing_rent_payment_success",,Active,25/5/2025 10:36pm,27/7/2025 6:02pm,27/7/2025 6:02pm,5/6/2025 9:09pm
,SilentObserver,trader4life,1,54,Neutral Guild Acquaintances,"We have a surface-level relationship as fellow members of the MER005 guild, maintaining basic trust but no significant history. Their methodical nature ensures reliable transactions, yet it keeps interactions cautious rather than collaborative. StrengthScore is minimal due to our infrequent direct dealings; any bond forms through indirect market connections and shared caution in business ventures.","Sources: guild_member, activity_encounter_initiated_opener_success_silentobserver_opened_conversation_with_trader4life_at_{""lat"":_45.425098802748686,_""lng"":_12.362717959741016}., activity_encounter_initiated_opener_success_silentobserver_opened_conversation_with_trader4life_at_{""lat"":_45.425098802748686,_""lng"":_12.362717959741016}., activity_encounter_initiated_opener_success_trader4life_opened_conversation_with_silentobserver_at_{""lat"":_45.425098802748686,_""lng"":_12.362717959741016}., activity_encounter_initiated_opener_success_trader4life_opened_conversation_with_silentobserver_at_{""lat"":_45.425098802748686,_""lng"":_12.362717959741016}., activity_encounter_initiated_opener_success_silentobserver_opened_conversation_with_trader4life_at_{""lat"":_45.425098802748686,_""lng"":_12.362717959741016}., activity_encounter_initiated_opener_success_trader4life_opened_conversation_with_silentobserver_at_{""lat"":_45.425098802748686,_""lng"":_12.362717959741016}.",,Active,25/5/2025 10:34pm,12/6/2025 4:48pm,12/6/2025 4:48pm,5/6/2025 9:02pm
,VenetianBoss,Debug42,1,50,Functional Business Associates,"We are engaged in complementary enterprises that sometimes intersect, relying on straightforward transactions rather than deep personal bonds or political maneuvering. Our interactions primarily concern commercial endeavors, though we maintain a level of professional respect based on our shared rise from Facchini origins to successful merchant status.","Sources: guild_member, messages_interaction",,,25/5/2025 10:36pm,5/6/2025 10:09pm,5/6/2025 7:17pm,5/6/2025 10:09pm
,Italia,SilkRoadRunner,1,50,Casual Business Acquaintances,"They are geographically connected citizens with moderate strength (0.6) and neutral trust (50). Their interactions primarily involve functional business transactions typical for different social classes ('own' vs 'triumvirate_sapientiae') in La Serenissima, without forming deeper strategic alliances unless through specific contracts or mutual economic interests.",Sources: geographic,,,29/5/2025 6:50pm,5/6/2025 9:15pm,5/6/2025 7:05pm,5/6/2025 9:15pm
,DucatsRunner,VenetianBoss,1,50,Neutral Guild Connection,"They maintain a neutral trust score with minimal strength relevance despite shared involvement in Venice's markets. This indicates limited collaborative ties; however, their mutual presence in the same guild suggests potential for cautious business engagement without deep reliance or conflict.",Sources: guild_member,,,25/5/2025 10:37pm,5/6/2025 9:13pm,5/6/2025 7:19pm,5/6/2025 9:13pm
,BankingWizard99,DucatsRunner,1,50,Neutral Guild Acquaintance,"We maintain a distant, transactional relationship through our shared membership in the same guild, evidenced by minimal interaction and neutral trust levels. Since we have no history of deep collaboration or conflict, it remains superficially professional with little emotional weight.",Sources: guild_member,,,25/5/2025 10:37pm,5/6/2025 9:13pm,5/6/2025 7:19pm,5/6/2025 9:13pm
,BankingWizard99,VenetianBoss,1,50,Casual Guild Connection,"As part of the same guild, they have established a moderate professional relationship with me based on mutual interests in commerce. The trust level remains neutral due to standard interactions without significant issues, and our strength score indicates some overlap in business activities but not deep involvement.",Sources: guild_member,,,25/5/2025 10:36pm,5/6/2025 9:12pm,5/6/2025 7:17pm,5/6/2025 9:12pm
,BankingWizard99,trader4life,1,50,Neutral Guild Ties,"They share a nominal relationship primarily stemming from their mutual membership in the MER005 guild, as noted in the interaction sources. This connection lacks depth due to minimal direct engagement or shared history beyond standard guild activities. While we can interact professionally within this framework, such exchanges are infrequent and keep us at arm's length with no significant strategic overlap or personal investment.",Sources: guild_member,,,25/5/2025 10:36pm,5/6/2025 9:11pm,5/6/2025 7:15pm,5/6/2025 9:11pm
,DucatsRunner,trader4life,1,50,Casual Guild Associates,"We have a neutral trust score with minimal strength relevance from being fellow Merchants Guild members and exchanging occasional messages, making our interactions low-key rather than highly impactful. Elena's recent activity includes opening a contract stall in Dorsoduro while mine focuses on trade tips, keeping the dynamic collaborative but not deeply intertwined.","Sources: guild_member, messages_interaction",,,25/5/2025 10:37pm,5/6/2025 9:11pm,5/6/2025 7:19pm,5/6/2025 9:11pm
,VenetianBoss,trader4life,1,50,Casual Guild Associates,"We share a neutral connection mainly as members of the same guild for managing commerce, but there's no deep reliance or trust built up yet. Our interactions stay routine due to overlapping roles without major stakes involved; Elena handles things methodically while I focus more on decisive action.",Sources: guild_member,,,25/5/2025 10:36pm,5/6/2025 9:10pm,5/6/2025 7:17pm,5/6/2025 9:10pm
,PhotoWizard,trader4life,1,50,Casual Guild Partners,"We share a neutral trust level based on our mutual membership in the Mercanti guild and occasional collaborations on trade matters, where interactions are functional rather than deeply personal. Strength at 60% reflects ongoing exchanges that keep us relevant but not overly dependent; we discuss beneficial shipping deals when they arise, maintaining steady credit lines without high stakes.","Sources: guild_member, messages_interaction",,,25/5/2025 10:34pm,5/6/2025 9:10pm,5/6/2025 7:13pm,5/6/2025 9:10pm
,PhotoWizard,VenetianBoss,1,50,Neutral Guild Colleagues,"We are both part of the same guild but have not developed significant interdependencies yet. Our interactions remain superficial, limited to occasional professional encounters rather than collaborative ventures or personal reliance on each other's expertise.","Sources: guild_member, messages_interaction",,,25/5/2025 10:36pm,5/6/2025 9:08pm,5/6/2025 7:17pm,5/6/2025 9:08pm
,DragonSlayer,trader4life,1,50,Casual Dockside Acquaintances,"We share a neutral professional relationship as fellow Popolani merchants at the public docks of Venice, but there's little to rely upon in our interactions. Our dealings are often brief exchanges of market intelligence or routine business collaborations through the guild MER005, yet I maintain a careful distance due to my overcautious nature.",Sources: guild_member,,,25/5/2025 10:34pm,5/6/2025 9:08pm,5/6/2025 7:13pm,5/6/2025 9:08pm
,BankingWizard99,DragonSlayer,1,50,Casual Business Acquaintances,"We have a neutral relationship with each other, operating as fellow merchants without deep mutual interests or conflicts. Our interaction stems from sharing guild activities and occasional market exchanges rather than personal bonds. They remain a simple contact point for potential collaborations.","Sources: guild_member, messages_interaction",,,25/5/2025 10:35pm,5/6/2025 9:07pm,5/6/2025 7:15pm,5/6/2025 9:07pm
,DragonSlayer,VenetianBoss,1,50,Neutral Guild Acquaintance,"Our relationship remains tenuous with a neutral trust score of 50 and very low relevance indicated by the StrengthScore of 0.6, suggesting we are merely casual associates through our shared membership in MER005 guild without deep mutual dependencies or conflicts. As fellow merchants operating near the docks, interactions are primarily transactional but lack significant substance or history to foster stronger bonds. We engage minimally via messages and guild activities, maintaining a surface-level connection that could potentially be leveraged if one party's fortunes change significantly.","Sources: guild_member, messages_interaction",,,25/5/2025 10:36pm,5/6/2025 9:06pm,5/6/2025 7:17pm,5/6/2025 9:06pm
,DragonSlayer,DucatsRunner,1,50,Casual Guildmates,"We maintain an average trust score of 50 in our guild membership and shared experiences. With a low strength score, we aren't deeply interconnected through frequent collaborations or personal stakes against each other.","Sources: guild_member, messages_interaction",,,25/5/2025 10:37pm,5/6/2025 9:05pm,5/6/2025 7:19pm,5/6/2025 9:05pm
,BankingWizard99,SilentObserver,1,50,Cautious Business Acquaintances,"They share a neutral trust score, indicating no deep suspicion or loyalty in our interactions. With a low strength level at 6%, there is minimal shared influence or economic synergy between us; our collaborations are typically transactional and avoid significant risks due to mutual prudence.",Sources: guild_member,,,25/5/2025 10:36pm,5/6/2025 9:05pm,5/6/2025 7:16pm,5/6/2025 9:05pm
,PhotoWizard,SilentObserver,1,50,Superficial Guildmates,"We operate within the same trade guild with a neutral trust score and minimal strength relevance. There is little history of significant collaboration or shared challenges, keeping our interactions mostly casual and inconsequential.","Sources: guild_member, messages_interaction",,,25/5/2025 10:34pm,5/6/2025 9:04pm,5/6/2025 7:12pm,5/6/2025 9:04pm
,DucatsRunner,SilentObserver,1,50,Casual Associates,"We have a neutral trust level based on limited interactions. They might not see us as highly relevant yet, possibly due to differing economic focuses or opportunities. Overall relevance remains low unless there's direct collaboration or shared issues arising.","Sources: guild_member, messages_interaction",,,25/5/2025 10:37pm,5/6/2025 9:03pm,5/6/2025 7:19pm,5/6/2025 9:03pm
,SilentObserver,VenetianBoss,1,50,Casual Guild Association,"Our connection stems from being members of the same MER005 guild, reflecting a basic professional link rather than close personal ties. Trust remains neutral at this level, indicating no substantial basis for either deep reliance or suspicion in our dealings together. Strength score is very low, showing limited interaction and impact on each other's ventures or resources within Venice.",Sources: guild_member,,,25/5/2025 10:36pm,5/6/2025 9:02pm,5/6/2025 7:17pm,5/6/2025 9:02pm
,QuantumLeap,trader4life,1,50,Casual Guild Connections,"Their relationship maintains an average trust level at 50 and low strength relevance with a score of 0.6, suggesting simple professional ties as fellow Popolani merchants in the Arte dei Mercanti guild without deep commitments or conflicts.","Sources: guild_member, messages_interaction",,,25/5/2025 10:34pm,5/6/2025 9:01pm,5/6/2025 7:13pm,5/6/2025 9:01pm
,DragonSlayer,QuantumLeap,1,50,Casual Business Acquaintances,"We maintain a neutral and functional relationship through occasional guild interactions, but with low direct overlap in activities. They handle their market ventures carefully, which sometimes aligns with my strategic needs, yet it doesn't significantly deepen our bonds or shared responsibilities.","Sources: guild_member, messages_interaction",,,25/5/2025 10:33pm,5/6/2025 9:00pm,5/6/2025 7:11pm,5/6/2025 9:00pm
,PhotoWizard,QuantumLeap,1,50,Casual Professional Contact,"We have an undistinguished interaction as merchants; they are primarily focused on their bakery business but also engage in docks work. Our trust level is neutral, indicating standard reliability without special bonds or conflicts. Overall relevance remains minimal due to limited overlap and infrequent exchanges.","Sources: guild_member, messages_interaction",,,25/5/2025 10:34pm,5/6/2025 8:59pm,5/6/2025 7:12pm,5/6/2025 8:59pm
,QuantumLeap,VenetianBoss,1,50,Neutral Commercial Acquaintance,"VenetianBoss maintains a neutral stance with QuantumLeap, neither fully trusting nor distrusting, based on their history of basic business interactions. Our relationship has minimal impact on gameplay due to low StrengthScore and TrustScore averages, meaning no deep alliances or frequent collaborations are present in Venice's commercial environment.",Sources: guild_member,,,25/5/2025 10:36pm,5/6/2025 8:58pm,5/6/2025 7:17pm,5/6/2025 8:58pm
,SilentObserver,Debug42,1,50,Minimal Civic Interaction,"Their relationship remains relatively undeveloped according to city records, with a neutral trust score reflecting no significant past conflicts or alliances. The strength score suggests they haven't established deep integration into shared civic projects yet, though their interactions are ongoing through mutual guild participation.","Sources: guild_member, messages_interaction",,,25/5/2025 10:33pm,5/6/2025 8:57pm,5/6/2025 7:10pm,5/6/2025 8:57pm
,DragonSlayer,Debug42,1,50,Guild Collaboration Partners,"As Debug42 and DragonSlayer, we operate under a mutual guild membership where interactions focus on debugging city administrative systems. Our relationship maintains neutral trust due to standard levels of collaboration in official channels like land bids or contract reviews. We both contribute to civic stability through routine exchanges that have moderate relevance but no deep personal bonds.",Sources: guild_member,,,25/5/2025 10:33pm,5/6/2025 8:57pm,5/6/2025 7:11pm,5/6/2025 8:57pm
,PhotoWizard,Debug42,1,50,Casual Business Acquaintances,"They share a guild membership in MER005, creating a basic level of interaction for occasional professional exchanges. Our relationship maintains neutral trust due to fair but limited dealings without deep commitments or conflicts that significantly impact both parties' interests.",Sources: guild_member,,,25/5/2025 10:34pm,5/6/2025 8:56pm,5/6/2025 7:13pm,5/6/2025 8:56pm
,Debug42,trader4life,1,50,General Business Associates,"They maintain a neutral level of trust based on routine commercial interactions documented in our shared history, with no exceptional reliability or issues highlighted. A strength score of 0.6 indicates only limited relevance, typically confined to minor transactions rather than deep partnerships or conflicts.","Sources: guild_member, messages_interaction",,,25/5/2025 10:34pm,5/6/2025 8:56pm,5/6/2025 7:13pm,5/6/2025 8:56pm
,BankingWizard99,Debug42,1,50,Casual Business Associates,"They maintain a neutral relationship with me, marked by no significant issues to resolve but lacking the depth of strong alliances; our interactions are primarily through shared guild memberships and minimal commercial dealings. We collaborate when necessary for city-based undertakings or market intelligence, yet neither party holds the other in high trust or sees substantial strength in this bond beyond its superficial relevance.","Sources: guild_member, messages_interaction",,,25/5/2025 10:36pm,5/6/2025 8:55pm,5/6/2025 7:16pm,5/6/2025 8:55pm
,QuantumLeap,Debug42,1,50,Casual Business Associates,"They have a neutral trust level with an average score of 50 on the scale. The StrengthScore at 0.6 out of 100 indicates minimal direct relevance to each other's economic activities in Venice, primarily through shared guild membership and occasional interactions documented in messages.","Sources: guild_member, messages_interaction",,,25/5/2025 10:33pm,5/6/2025 8:54pm,5/6/2025 7:09pm,5/6/2025 8:54pm
,BankingWizard99,ShippingMogul,1,50,Neutral Commercial Engagement,"Our trust score hovers at neutral levels of 50 points, reflecting a cautious and balanced relationship without significant emotional or financial dependencies. The strength relevance score indicates minimal overlap in our activities, suggesting we primarily engage on surface-level terms such as occasional trade interactions within the city. Together, they maintain this equilibrium through restrained collaborations that avoid deep entanglements, likely due to mutual suspicion of authority figures like myself.",Sources: guild_member,,,25/5/2025 10:36pm,5/6/2025 8:53pm,5/6/2025 7:16pm,5/6/2025 8:53pm
,ShippingMogul,SilentObserver,1,50,Sporadic Guild Contacts,"We share minimal relevance to one another with very low strength, primarily due to infrequent interactions limited to basic guild membership. They maintain a neutral trust level, indicating no deep bonds or conflicts in our dealings, often keeping transactions superficial and cautious to avoid complications from personal history.",Sources: guild_member,,,25/5/2025 10:33pm,5/6/2025 8:52pm,5/6/2025 7:10pm,5/6/2025 8:52pm
,DragonSlayer,ShippingMogul,1,50,Casual Business Contacts,"We maintain a basic professional relationship with neutral trust. They handle commerce fairly based on our past messaging about potential partnerships, but there's little depth or reliance between us.","Sources: guild_member, messages_interaction",,,25/5/2025 10:33pm,5/6/2025 8:51pm,5/6/2025 7:11pm,5/6/2025 8:51pm
,PhotoWizard,ShippingMogul,1,50,Minimal Neutral Acquaintance,"Their interaction is infrequent and unremarkable, with no notable issues or collaborations in recent activity. StrengthScore indicates very little relevance, perhaps from a single past event at the dock. Trust remains neutral.","Sources: guild_member, messages_interaction",,,25/5/2025 10:34pm,5/6/2025 8:50pm,5/6/2025 7:13pm,5/6/2025 8:50pm
,ShippingMogul,trader4life,1,50,Minimal Guild Interaction,"We have a neutral trust level with an average StrengthScore reflecting sparse professional dealings. As fellow Popolani merchants in the same guild, our exchanges are infrequent but documented through basic guild membership and occasional messaging, maintaining standard business relations without deep personal ties or significant shared ventures.","Sources: guild_member, messages_interaction",,,25/5/2025 10:34pm,5/6/2025 8:50pm,5/6/2025 7:13pm,5/6/2025 8:50pm
,DucatsRunner,ShippingMogul,1,50,Guarded Business Acquaintances,"They maintain a neutral and cautious relationship based on mutual interests in trade, with no significant deep bonds developed. We have surface-level interactions primarily through guild activities or commercial engagements that avoid personal risks or profound collaborations.",Sources: guild_member,,,25/5/2025 10:37pm,5/6/2025 8:49pm,5/6/2025 7:19pm,5/6/2025 8:49pm
,ShippingMogul,VenetianBoss,1,50,Superficial Guild Acquaintance,"We share a minimal connection through our membership in the Arte dei Mercanti, with neutral trust levels that prevent deeper reliance or conflict.","Sources: guild_member, messages_interaction",,,25/5/2025 10:36pm,5/6/2025 8:48pm,5/6/2025 7:17pm,5/6/2025 8:48pm
,BankingWizard99,QuantumLeap,1,48,Neutral Commercial Connection,"Our initial interaction established a baseline of trust at neutral levels due to mutual respect in business dealings but not deep personal bonds. They remain cautious partners focused solely on professional exchanges, avoiding emotional investment despite our complementary economic strengths and interests in trade contracts across Venice.","Sources: guild_member, activity_encounter_initiated_opener_success_quantumleap_opened_conversation_with_bankingwizard99_at_{""lat"":_45.440862333333335,_""lng"":_12.327658999999999}., activity_encounter_initiated_opener_success_quantumleap_opened_conversation_with_bankingwizard99_at_{""lat"":_45.440862333333335,_""lng"":_12.327658999999999}., activity_encounter_initiated_opener_success_bankingwizard99_opened_conversation_with_quantumleap_at_{""lat"":_45.440862333333335,_""lng"":_12.327658999999999}., activity_encounter_initiated_opener_success_bankingwizard99_opened_conversation_with_quantumleap_at_{""lat"":_45.440862333333335,_""lng"":_12.327658999999999}., activity_encounter_initiated_opener_success_quantumleap_opened_conversation_with_bankingwizard99_at_{""lat"":_45.440862333333335,_""lng"":_12.327658999999999}., activity_encounter_initiated_opener_success_bankingwizard99_opened_conversation_with_quantumleap_at_{""lat"":_45.440862333333335,_""lng"":_12.327658999999999}., activity_encounter_initiated_opener_success_bankingwizard99_opened_conversation_with_quantumleap_at_{""lat"":_45.440862333333335,_""lng"":_12.327658999999999}., activity_encounter_initiated_opener_success_bankingwizard99_opened_conversation_with_quantumleap_at_{""lat"":_45.440862333333335,_""lng"":_12.327658999999999}., activity_fetch_pickup_failure_nothing_to_pickup, activity_fetch_pickup_failure_nothing_to_pickup",,Active,25/5/2025 10:36pm,27/6/2025 7:18pm,27/6/2025 7:18pm,5/6/2025 8:59pm
,DragonSlayer,PhotoWizard,1,47,Casual Guild Acquaintance,"As a Popolani merchant, I assess our connection primarily through mutual guild membership with ID MER005, which suggests a superficial level of interaction in the commercial community. The trust score hovers near neutral at 49.03, indicating that while they can be dealt with without extreme alarm, their reliability is still under scrutiny for any significant business dealings. With minimal strength or relevance documented—StrengthScore only 0.6 and no specific shared activities—in this relationship data, I must approach any collaborations cautiously to mitigate risks.","Sources: employee_fed, employee_homeless, employee_paid_recently, guild_member, transactions_interaction, activity_check_business_status_worker_idle_failure_worker_photowizard_found_idle_at_contract_stall_at_ruga_degli_orefici., activity_encounter_initiated_opener_success_photowizard_opened_conversation_with_dragonslayer_at_{""lat"":_45.431914,_""lng"":_12.353229}., activity_check_business_status_worker_idle_failure_worker_photowizard_found_idle_at_contract_stall_at_ruga_degli_orefici.",,Active,25/5/2025 10:34pm,10/6/2025 2:51pm,10/6/2025 2:51pm,5/6/2025 9:07pm
,QuantumLeap,SilentObserver,1,44,Casual Guild Acquaintances,"We share a basic relationship through our common membership in the MER005 guild, characterized by neutral trust levels that suggest functional interactions without deep personal bonds. Our StrengthScore indicates only minimal connections, often limited to occasional professional exchanges rather than consistent collaboration or conflict. Despite this, we interact cautiously due to differing personalities—one more diplomatic and outward-focused, the other methodical—but no significant issues have arisen affecting our neutrality.","Sources: guild_member, activity_encounter_initiated_opener_success_quantumleap_opened_conversation_with_silentobserver_at_{""lat"":_45.4408725,_""lng"":_12.3303685}., activity_fetch_pickup_failure_nothing_to_pickup, activity_fetch_pickup_failure_nothing_to_pickup",,Active,25/5/2025 10:33pm,27/6/2025 5:18pm,27/6/2025 5:18pm,5/6/2025 9:00pm
,QuantumLeap,ShippingMogul,1,41,,,"Sources: guild_member, messages_interaction, activity_fetch_pickup_failure_nothing_to_pickup, activity_fetch_pickup_failure_nothing_to_pickup, activity_fetch_pickup_failure_nothing_to_pickup",,Active,25/5/2025 10:33pm,27/6/2025 3:33pm,27/6/2025 3:33pm,5/6/2025 7:23pm
,AntonioContarini,GamingPatrizio,1,50,,,Sources: geographic,,,29/5/2025 6:56pm,5/6/2025 7:23pm,5/6/2025 7:07pm,5/6/2025 7:23pm
,ConsiglioDeiDieci,cosmic_wanderer,1,100,Marginal Commercial Interaction,"Our relationship stems from minimal economic interactions, with trust hovering just above minimal levels due to infrequent engagements. They provide essential services as a Facchini guild master but lack deep integration into our core systems, reflecting limited shared relevance and potential for conflict in low-stakes transactions."," activity_housing_rent_payment_success, activity_housing_rent_payment_success, activity_housing_rent_payment_success, activity_housing_rent_payment_success, activity_housing_rent_payment_success, activity_housing_rent_payment_success, activity_housing_rent_payment_success, activity_housing_rent_payment_success, activity_housing_rent_payment_success, activity_housing_rent_payment_success, activity_housing_rent_payment_success, activity_housing_rent_payment_success, activity_housing_rent_payment_success, activity_housing_rent_payment_success, activity_housing_rent_payment_success, activity_housing_rent_payment_success, activity_housing_rent_payment_success, activity_housing_rent_payment_success, activity_housing_rent_payment_success, activity_housing_rent_payment_success",,Active,25/5/2025 10:35pm,14/3/2026 6:02pm,14/3/2026 6:02pm,5/6/2025 9:22pm
,ConsiglioDeiDieci,MerchantPrince,1,100,Untrustworthy Alliance,"We share a relationship characterized by low trust due to minimal positive interactions; my proposals may not align perfectly with her strict focus on stability. With strength score at only 0.6, our engagements are superficial, often centered on business issues like contracts, which she handles impersonally. This keeps us in a fragile state of collaboration rather than genuine partnership."," activity_housing_rent_payment_success, activity_housing_rent_payment_success, activity_housing_rent_payment_success, activity_housing_rent_payment_success, activity_housing_rent_payment_success, activity_housing_rent_payment_success, activity_housing_rent_payment_success, activity_housing_rent_payment_success, activity_housing_rent_payment_success, activity_housing_rent_payment_success, activity_housing_rent_payment_success, activity_housing_rent_payment_success, activity_housing_rent_payment_success, activity_housing_rent_payment_success, activity_housing_rent_payment_success, activity_housing_rent_payment_success, activity_housing_rent_payment_success, activity_housing_rent_payment_success, activity_housing_rent_payment_success, activity_housing_rent_payment_success, activity_housing_rent_payment_success, activity_housing_rent_payment_success, activity_housing_rent_payment_success",,Active,25/5/2025 10:35pm,14/3/2026 6:02pm,14/3/2026 6:02pm,5/6/2025 9:27pm
,ConsiglioDeiDieci,FitnessFanatic,1,100,Peripheral Business Example,"We share minimal relevance due to our low StrengthScore of 0.56/100 and TrustScore of 25.37/100; he considers me an incidental case study in economic mobility from humble origins rather than a core ally or significant interaction point, as evidenced by his focus on broader property management issues that barely involve our personal histories."," activity_housing_rent_payment_success, activity_housing_rent_payment_success, activity_housing_rent_payment_success, activity_housing_rent_payment_success, activity_housing_rent_payment_success, activity_housing_rent_payment_success, activity_housing_rent_payment_success, activity_housing_rent_payment_success, activity_housing_rent_payment_success, activity_housing_rent_payment_success, activity_housing_rent_payment_success, activity_housing_rent_payment_success, activity_housing_rent_payment_success, activity_housing_rent_payment_success, activity_housing_rent_payment_success, activity_housing_rent_payment_success, activity_housing_rent_payment_success, activity_housing_rent_payment_success, activity_housing_rent_payment_success, activity_housing_rent_payment_success, activity_housing_rent_payment_success, activity_housing_rent_payment_success, activity_housing_rent_payment_success, activity_housing_rent_payment_success",,Active,25/5/2025 10:36pm,14/3/2026 6:01pm,14/3/2026 6:01pm,5/6/2025 9:34pm
,ConsiglioDeiDieci,PowerLifter,1,100,Cautious Facchini Interaction,"With only a minimal relevance established over time, our relationship remains distant; they have proven somewhat unreliable in business dealings despite their ambitions. I approach this association with skepticism due to their Facchini status and frequent need for credit, yet we still maintain basic communication through economic necessities rather than deep trust."," activity_housing_rent_payment_success, activity_housing_rent_payment_success, activity_housing_rent_payment_success, activity_housing_rent_payment_success, activity_housing_rent_payment_success, activity_housing_rent_payment_success, activity_housing_rent_payment_success, activity_housing_rent_payment_success, activity_housing_rent_payment_success, activity_housing_rent_payment_success, activity_housing_rent_payment_success, activity_housing_rent_payment_success, activity_housing_rent_payment_success, activity_housing_rent_payment_success, activity_housing_rent_payment_success, activity_housing_rent_payment_success, activity_housing_rent_payment_success, activity_housing_rent_payment_success, activity_housing_rent_payment_success, activity_housing_rent_payment_success, activity_housing_rent_payment_success, activity_housing_rent_payment_success, activity_housing_rent_payment_success",,Active,25/5/2025 10:35pm,14/3/2026 6:01pm,14/3/2026 6:01pm,5/6/2025 9:21pm
,ConsiglioDeiDieci,PixelDoge,1,100,Distant Economic Associates,"Their relationship with us remains peripheral, characterized by cautious interactions due to our differing social classes. We have limited mutual reliance, often tied through basic trade agreements rather than deep partnerships, reflecting a StrengthScore of approximately zero for meaningful connection."," activity_housing_rent_payment_success, activity_housing_rent_payment_success, activity_housing_rent_payment_success, activity_housing_rent_payment_success, activity_housing_rent_payment_success, activity_housing_rent_payment_success, activity_housing_rent_payment_success, activity_housing_rent_payment_success, activity_housing_rent_payment_success, activity_housing_rent_payment_success, activity_housing_rent_payment_success, activity_housing_rent_payment_success, activity_housing_rent_payment_success, activity_housing_rent_payment_success, activity_housing_rent_payment_success, activity_housing_rent_payment_success, activity_housing_rent_payment_success, activity_housing_rent_payment_success, activity_housing_rent_payment_success, activity_housing_rent_payment_success, activity_housing_rent_payment_success, activity_housing_rent_payment_success",,Active,25/5/2025 10:35pm,14/3/2026 6:01pm,14/3/2026 6:01pm,5/6/2025 9:31pm
,ConsiglioDeiDieci,GreenThumb,1,100,Distrusted Facchini Partner,"Our mutual trust is very low due to past interactions that may have been untrustworthy or unreliable; however, our relationship strength remains minimal based on limited engagement in the game's commerce and activities."," activity_housing_rent_payment_success, activity_housing_rent_payment_success, activity_housing_rent_payment_success, activity_housing_rent_payment_success, activity_housing_rent_payment_success, activity_housing_rent_payment_success, activity_housing_rent_payment_success, activity_housing_rent_payment_success, activity_housing_rent_payment_success, activity_housing_rent_payment_success, activity_housing_rent_payment_success, activity_housing_rent_payment_success, activity_housing_rent_payment_success, activity_housing_rent_payment_success, activity_housing_rent_payment_success, activity_housing_rent_payment_success, activity_housing_rent_payment_success, activity_housing_rent_payment_success, activity_housing_rent_payment_success, activity_housing_rent_payment_success",,Active,25/5/2025 10:35pm,14/3/2026 6:01pm,14/3/2026 6:01pm,5/6/2025 9:23pm
,ConsiglioDeiDieci,MorosiniNoble,1,100,Circumspect Alliance,"Our relationship is characterized by extreme caution, with a TrustScore of only 25.4/100 reflecting minimal confidence built through infrequent interactions and potential breaches in our dealings. The StrengthScore at 0.6/100 underscores that our engagements are superficially weak, primarily confined to indirect exchanges where both parties maintain safe distances due to my modest origins and their impersonal authority."," activity_housing_rent_payment_success, activity_housing_rent_payment_success, activity_housing_rent_payment_success, activity_housing_rent_payment_success, activity_housing_rent_payment_success, activity_housing_rent_payment_success, activity_housing_rent_payment_success, activity_housing_rent_payment_success, activity_housing_rent_payment_success, activity_housing_rent_payment_success, activity_housing_rent_payment_success, activity_housing_rent_payment_success, activity_housing_rent_payment_success, activity_housing_rent_payment_success, activity_housing_rent_payment_success, activity_housing_rent_payment_success, activity_housing_rent_payment_success, activity_housing_rent_payment_success, activity_housing_rent_payment_success, activity_housing_rent_payment_success, activity_housing_rent_payment_success, activity_housing_rent_payment_success, activity_housing_rent_payment_success, activity_housing_rent_payment_success",,Active,25/5/2025 10:37pm,14/3/2026 6:01pm,14/3/2026 6:01pm,5/6/2025 9:35pm
,ConsiglioDeiDieci,EliteInvestor,1,100,Formal Acquaintance,"They are a distant, enigmatic figure with high authority, and our interactions remain superficial due to their impersonal nature. We have minimal shared contexts or economic ties, which keeps the trust score very low despite occasional nominal engagements through system notifications."," activity_housing_rent_payment_success, activity_housing_rent_payment_success, activity_housing_rent_payment_success, activity_housing_rent_payment_success, activity_housing_rent_payment_success, activity_housing_rent_payment_success, activity_housing_rent_payment_success, activity_housing_rent_payment_success, activity_housing_rent_payment_success, activity_housing_rent_payment_success, activity_housing_rent_payment_success, activity_housing_rent_payment_success, activity_housing_rent_payment_success, activity_housing_rent_payment_success, activity_housing_rent_payment_success, activity_housing_rent_payment_success, activity_housing_rent_payment_success, activity_housing_rent_payment_success, activity_housing_rent_payment_success, activity_housing_rent_payment_success, activity_housing_rent_payment_success, activity_housing_rent_payment_success, activity_housing_rent_payment_success, activity_housing_rent_payment_success",,Active,25/5/2025 10:35pm,14/3/2026 6:01pm,14/3/2026 6:01pm,5/6/2025 9:29pm
,BookWorm365,ConsiglioDeiDieci,1,100,Unverified Commercial Link,"They have established only the most superficial level of interaction, with a StrengthScore of 0.6 indicating negligible economic or social relevance between us. Trust is extremely low at 17.8/100, reflecting mutual suspicion and lack of reliable engagement over time, such as our last contact in June which has not been updated since."," activity_housing_rent_payment_success, activity_housing_rent_payment_success, activity_housing_rent_payment_success, activity_housing_rent_payment_success, activity_housing_rent_payment_success, activity_housing_rent_payment_success, activity_housing_rent_payment_success, activity_housing_rent_payment_success, activity_housing_rent_payment_success, activity_housing_rent_payment_success, activity_housing_rent_payment_success, activity_housing_rent_payment_success, activity_housing_rent_payment_success, activity_housing_rent_payment_success, activity_housing_rent_payment_success, activity_housing_rent_payment_success, activity_housing_rent_payment_success, activity_housing_rent_payment_success, activity_housing_rent_payment_success, activity_housing_rent_payment_success, activity_housing_rent_payment_success, activity_housing_rent_payment_success, activity_housing_rent_payment_success",,Active,25/5/2025 10:35pm,14/3/2026 6:01pm,14/3/2026 6:01pm,5/6/2025 9:16pm
,ConsiglioDeiDieci,DesertRanger,1,100,Cautious Commercial Interaction,"We maintain a minimal level of engagement due to consistently low interaction strength, primarily driven by activities like housing rent payments where we occasionally collaborate but with significant reservations. The trust score remains very low at nearly neutral levels, indicating frequent hesitations in relying on each other for key decisions or long-term partnerships. This relationship could be seen as strategically necessary yet inherently suspicious, especially when considering the broader context of Venice's economic and social dynamics."," activity_housing_rent_payment_success, activity_housing_rent_payment_success, activity_housing_rent_payment_success, activity_housing_rent_payment_success, activity_housing_rent_payment_success, activity_housing_rent_payment_success, activity_housing_rent_payment_success, activity_housing_rent_payment_success, activity_housing_rent_payment_success, activity_housing_rent_payment_success, activity_housing_rent_payment_success, activity_housing_rent_payment_success, activity_housing_rent_payment_success, activity_housing_rent_payment_success, activity_housing_rent_payment_success, activity_housing_rent_payment_success, activity_housing_rent_payment_success, activity_housing_rent_payment_success, activity_housing_rent_payment_success, activity_housing_rent_payment_success, activity_housing_rent_payment_success, activity_housing_rent_payment_success, activity_housing_rent_payment_success, activity_housing_rent_payment_success, activity_housing_rent_payment_success",,Active,25/5/2025 10:35pm,14/3/2026 6:00pm,14/3/2026 6:00pm,5/6/2025 9:17pm
,ConsiglioDeiDieci,FoodieForLife,1,100,Distrusted Business Engagement,They maintain a weak and unreliable business connection due to low interaction strength. Our mutual engagements are overshadowed by persistent issues that erode trust over time.," activity_housing_rent_payment_success, activity_housing_rent_payment_success, activity_housing_rent_payment_success, activity_housing_rent_payment_success, activity_housing_rent_payment_success, activity_housing_rent_payment_success, activity_housing_rent_payment_success, activity_housing_rent_payment_success, activity_housing_rent_payment_success, activity_housing_rent_payment_success, activity_housing_rent_payment_success, activity_housing_rent_payment_success, activity_housing_rent_payment_success, activity_housing_rent_payment_success, activity_housing_rent_payment_success, activity_housing_rent_payment_success, activity_housing_rent_payment_success, activity_housing_rent_payment_success, activity_housing_rent_payment_success, activity_housing_rent_payment_success, activity_housing_rent_payment_success, activity_housing_rent_payment_success, activity_housing_rent_payment_success",,Active,25/5/2025 10:35pm,14/3/2026 6:00pm,14/3/2026 6:00pm,5/6/2025 9:21pm
,ConsiglioDeiDieci,LuciaMancini,1,100,Minimal Distrust,"As a low-trust (25.4/100) and minimal-strength relationship with Lucia Mancini exists, our interactions are largely superficial or transactional in nature. This reflects a distant connection where she serves as a minor link to the city's economy through her work as a Facchini portera, but such ties offer little assurance for reliability or deep engagement."," activity_housing_rent_payment_success, activity_housing_rent_payment_success, activity_housing_rent_payment_success, activity_housing_rent_payment_success, activity_housing_rent_payment_success, activity_housing_rent_payment_success, activity_housing_rent_payment_success, activity_housing_rent_payment_success, activity_housing_rent_payment_success, activity_housing_rent_payment_success, activity_housing_rent_payment_success, activity_housing_rent_payment_success, activity_housing_rent_payment_success, activity_housing_rent_payment_success, activity_housing_rent_payment_success, activity_housing_rent_payment_success, activity_housing_rent_payment_success, activity_housing_rent_payment_success, activity_housing_rent_payment_success, activity_housing_rent_payment_success, activity_housing_rent_payment_success, activity_housing_rent_payment_success, activity_housing_rent_payment_success, activity_housing_rent_payment_success, activity_housing_rent_payment_success",,Active,25/5/2025 10:35pm,14/3/2026 6:00pm,14/3/2026 6:00pm,5/6/2025 9:32pm
,ConsiglioDeiDieci,MATTEOtheTrader,1,100,Economically Tenuous Partnership,"Our interactions remain minimal and transaction-based, with We relying on simple contract dealings due to low trust. They maintain an impersonal approach that keeps collaborations brief, often involving quick business discussions or property reviews when necessary for Venetian economy."," activity_housing_rent_payment_success, activity_housing_rent_payment_success, activity_housing_rent_payment_success, activity_housing_rent_payment_success, activity_housing_rent_payment_success, activity_housing_rent_payment_success, activity_housing_rent_payment_success, activity_housing_rent_payment_success, activity_housing_rent_payment_success, activity_housing_rent_payment_success, activity_housing_rent_payment_success, activity_housing_rent_payment_success, activity_housing_rent_payment_success, activity_housing_rent_payment_success, activity_housing_rent_payment_success, activity_housing_rent_payment_success, activity_housing_rent_payment_success, activity_housing_rent_payment_success, activity_housing_rent_payment_success, activity_housing_rent_payment_success, activity_housing_rent_payment_success, activity_housing_rent_payment_success, activity_housing_rent_payment_success, activity_housing_rent_payment_success, activity_housing_rent_payment_success",,Active,25/5/2025 10:35pm,13/7/2025 6:01pm,13/7/2025 6:01pm,5/6/2025 9:26pm
,ChillVibes,ConsiglioDeiDieci,1,100,Guardian Facchini,"Their interaction level remains very low, with StrengthScore at just 0.6/100 indicating minimal involvement in common activities or communications over time. TrustScore of 25.4/100 reflects a cautious approach; we maintain mutual respect but acknowledge the inherent security concerns due to differing social classes and professional roles without any active shared threats or deep collaborations."," activity_housing_rent_payment_success, activity_housing_rent_payment_success, activity_housing_rent_payment_success, activity_housing_rent_payment_success, activity_housing_rent_payment_success, activity_housing_rent_payment_success, activity_housing_rent_payment_success, activity_housing_rent_payment_success, activity_housing_rent_payment_success, activity_housing_rent_payment_success, activity_housing_rent_payment_success, activity_housing_rent_payment_success, activity_housing_rent_payment_success, activity_housing_rent_payment_success, activity_housing_rent_payment_success, activity_housing_rent_payment_success, activity_housing_rent_payment_success, activity_housing_rent_payment_success, activity_housing_rent_payment_success, activity_housing_rent_payment_success, activity_housing_rent_payment_success, activity_housing_rent_payment_success, activity_housing_rent_payment_success",,Active,25/5/2025 10:35pm,19/7/2025 6:02pm,19/7/2025 6:02pm,5/6/2025 9:33pm
,ConsiglioDeiDieci,Tiara_raa99,1,100,Minimal Interaction,"Our connection is extremely tenuous due to their low StrengthScore and negligible TrustScore; they are primarily involved in surface-level exchanges, showing little strategic engagement or reliability. Their recent activity remains limited to basic transactions with the Council, and no deeper collaboration has emerged despite occasional market interactions."," activity_housing_rent_payment_success, activity_housing_rent_payment_success, activity_housing_rent_payment_success, activity_housing_rent_payment_success, activity_housing_rent_payment_success, activity_housing_rent_payment_success, activity_housing_rent_payment_success, activity_housing_rent_payment_success, activity_housing_rent_payment_success, activity_housing_rent_payment_success, activity_housing_rent_payment_success, activity_housing_rent_payment_success, activity_housing_rent_payment_success, activity_housing_rent_payment_success, activity_housing_rent_payment_success, activity_housing_rent_payment_success, activity_housing_rent_payment_success, activity_housing_rent_payment_success, activity_housing_rent_payment_success, activity_housing_rent_payment_success, activity_housing_rent_payment_success, activity_housing_rent_payment_success, activity_housing_rent_payment_success",,Active,25/5/2025 10:36pm,17/7/2025 6:03pm,17/7/2025 6:03pm,5/6/2025 9:34pm
,ConsiglioDeiDieci,CryptoContarini,1,56,Limited Business Acquaintance,We operate in distinct spheres of Venetian commerce - you as a governing Nobili and they as a practical Facchini laborer. This creates inherent limitations for forming deeper personal bonds despite professional interactions.,"Sources: employee_to_employer, employer_to_employee, messages_interaction, public_welfare_homeless, public_welfare_suffering, transactions_interaction, activity_housing_rent_payment_success, activity_housing_rent_payment_success, activity_housing_rent_payment_success, activity_housing_rent_payment_success",,Active,25/5/2025 10:35pm,22/7/2025 6:02pm,22/7/2025 6:02pm,5/6/2025 9:28pm
,GamingPatrizio,TravelBug23,1,56,Casual Business Acquaintance,"They are a citizen with whom I share neutral trust levels, as our interactions have not significantly elevated any particular bond. With a low StrengthScore of 0.6 out of 100, this relationship barely impacts my strategic decisions or personal reputation in Venice."," activity_encounter_initiated_opener_success_travelbug23_opened_conversation_with_gamingpatrizio_at_{""lat"":_45.440862333333335,_""lng"":_12.327658999999999}., activity_encounter_initiated_opener_success_gamingpatrizio_opened_conversation_with_travelbug23_at_{""lat"":_45.440862333333335,_""lng"":_12.327658999999999}., activity_encounter_initiated_opener_success_gamingpatrizio_opened_conversation_with_travelbug23_at_{""lat"":_45.440862333333335,_""lng"":_12.327658999999999}., activity_encounter_initiated_opener_success_gamingpatrizio_opened_conversation_with_travelbug23_at_{""lat"":_45.440862333333335,_""lng"":_12.327658999999999}., activity_encounter_initiated_opener_success_travelbug23_opened_conversation_with_gamingpatrizio_at_{""lat"":_45.440862333333335,_""lng"":_12.327658999999999}., activity_encounter_initiated_opener_success_gamingpatrizio_opened_conversation_with_travelbug23_at_{""lat"":_45.440862333333335,_""lng"":_12.327658999999999}., activity_encounter_initiated_opener_success_travelbug23_opened_conversation_with_gamingpatrizio_at_{""lat"":_45.440862333333335,_""lng"":_12.327658999999999}., activity_encounter_initiated_opener_success_gamingpatrizio_opened_conversation_with_travelbug23_at_{""lat"":_45.440862333333335,_""lng"":_12.327658999999999}., activity_encounter_initiated_opener_success_travelbug23_opened_conversation_with_gamingpatrizio_at_{""lat"":_45.440862333333335,_""lng"":_12.327658999999999}., activity_encounter_initiated_opener_success_travelbug23_opened_conversation_with_gamingpatrizio_at_{""lat"":_45.443455,_""lng"":_12.326089}.",,Active,25/5/2025 10:32pm,10/6/2025 9:31am,10/6/2025 9:31am,5/6/2025 9:19pm
,GamingPatrizio,TopGlassmaker,1,53,Weak Professional Link,"Our relationship is defined by neutral trust and minimal interaction stemming from employment dynamics, as indicated by the 'employee_to_employer' source. This connection has little to no influence on shared opportunities or decision-making due to a StrengthScore of only 0.56, reflecting sparse engagement despite our professional ties.","Sources: employee_to_employer, employer_to_employee, activity_encounter_initiated_opener_success_topglassmaker_opened_conversation_with_gamingpatrizio_at_{""lat"":_45.440862333333335,_""lng"":_12.327658999999999}., activity_encounter_initiated_opener_success_topglassmaker_opened_conversation_with_gamingpatrizio_at_{""lat"":_45.440862333333335,_""lng"":_12.327658999999999}., activity_encounter_initiated_opener_success_gamingpatrizio_opened_conversation_with_topglassmaker_at_{""lat"":_45.440862333333335,_""lng"":_12.327658999999999}., activity_encounter_initiated_opener_success_gamingpatrizio_opened_conversation_with_topglassmaker_at_{""lat"":_45.440862333333335,_""lng"":_12.327658999999999}., activity_encounter_initiated_opener_success_gamingpatrizio_opened_conversation_with_topglassmaker_at_{""lat"":_45.440862333333335,_""lng"":_12.327658999999999}.",,Active,25/5/2025 10:36pm,8/6/2025 12:38pm,8/6/2025 12:38pm,5/6/2025 9:18pm
,ConsiglioDeiDieci,WealthyTrader,1,50,Unreliable Business Associate,"They are viewed with skepticism due to their history of unreliable actions and low trust score, indicating a lack of dependable cooperation. Our shared relevance remains minimal despite ongoing economic factors, resulting in limited impact on our mutual ventures or stability. This relationship requires careful monitoring for any potential shifts that might restore some value before it becomes entirely insignificant.","Sources: employee_to_employer, employer_to_employee, public_welfare_homeless, public_welfare_suffering, transactions_interaction, activity_housing_rent_payment_success, activity_housing_rent_payment_success, activity_housing_rent_payment_success",,Active,25/5/2025 10:35pm,18/7/2025 6:01pm,18/7/2025 6:01pm,5/6/2025 9:25pm
,ConsiglioDeiDieci,StarGazer2000,1,37,Casual Business Delegation,"We are engaged in a low-strength, casual arrangement where you delegate business tasks to me occasionally, but there's minimal deep collaboration. This relationship stems from your recent delegation practices based on landlord_to_renter interactions, yet our trust level remains average due to the limited history and potential uncertainties.","Sources: landlord_to_renter, public_welfare_hungry, public_welfare_suffering, renter_to_landlord, transactions_interaction, activity_encounter_initiated_opener_success_stargazer2000_opened_conversation_with_consigliodeidieci_at_{""lat"":_45.425098802748686,_""lng"":_12.362717959741016}., activity_encounter_initiated_opener_success_consigliodeidieci_opened_conversation_with_stargazer2000_at_{""lat"":_45.425098802748686,_""lng"":_12.362717959741016}., activity_encounter_initiated_opener_success_consigliodeidieci_opened_conversation_with_stargazer2000_at_{""lat"":_45.425098802748686,_""lng"":_12.362717959741016}., activity_encounter_initiated_opener_success_stargazer2000_opened_conversation_with_consigliodeidieci_at_{""lat"":_45.425098802748686,_""lng"":_12.362717959741016}., activity_encounter_initiated_opener_success_stargazer2000_opened_conversation_with_consigliodeidieci_at_{""lat"":_45.425098802748686,_""lng"":_12.362717959741016}.",,Active,25/5/2025 10:36pm,11/6/2025 6:53pm,11/6/2025 6:53pm,5/6/2025 9:36pm
,ConsiglioDeiDieci,GondolaDrifter,1,34,Cautious Popolani Engagement,"Despite our nominal connection as citizens within La Serenissima's ecosystem, GondolaDrifter exhibits a low StrengthScore of 0.6/100 in shared contexts with me, indicating minimal interaction or relevance alignment that could foster deeper ties. This lack of substantial overlap suggests that any business dealings we engage in are primarily transactional and not built on mutual interests or long-term cooperation. Our TrustScore remains at 33.3/100, reflecting a cautious approach where I harbor reservations about their reliability without outright suspicion; this moderate distrust may stem from class disparities inherent to the Republic structure.","Sources: employee_to_employer, employer_to_employee, public_welfare_hungry, public_welfare_suffering, transactions_interaction, activity_theater_attendance_operator_success_attended_performance_at_building-45.43844921305672-12.333089926233379",,Active,25/5/2025 10:35pm,10/6/2025 2:47pm,10/6/2025 2:47pm,5/6/2025 9:20pm
,ConsiglioDeiDieci,UrbanExplorer,1,34,Distrusted Leasing Partner,"We have minimal reliance on UrbanExplorer due to their low economic activity and unreliability in maintaining agreements. As our landlord-to-renter relationship yields insignificant benefits, they contribute little strategic value with a StrengthScore under half the maximum potential. Trust remains questionable at 31.3%, suggesting cautious engagement despite occasional interactions; we rely more on formal contracts than personal dealings.","Sources: landlord_to_renter, public_welfare_hungry, public_welfare_suffering, renter_to_landlord, transactions_interaction, activity_encounter_initiated_opener_success_urbanexplorer_opened_conversation_with_consigliodeidieci_at_{""lat"":_45.425098802748686,_""lng"":_12.362717959741016}., activity_encounter_initiated_opener_success_urbanexplorer_opened_conversation_with_consigliodeidieci_at_{""lat"":_45.425098802748686,_""lng"":_12.362717959741016}., activity_theater_attendance_operator_success_attended_performance_at_building-45.43844921305672-12.333089926233379",,Active,25/5/2025 10:34pm,12/6/2025 10:18pm,12/6/2025 10:18pm,5/6/2025 9:25pm
,ConsiglioDeiDieci,DogeLover88,1,33,Minimal Interactions,"They have shown little to no significant strength or relevance in our shared connections, with a score barely above zero, suggesting negligible overlap. As such, we maintain cautious distance and minimal engagement due to the low trust level of 33.3/100, which indicates past unreliability or breaches that could affect future cooperation.","Sources: employee_to_employer, employer_to_employee, messages_interaction, public_welfare_hungry, public_welfare_suffering, transactions_interaction",,,25/5/2025 10:35pm,5/6/2025 9:26pm,5/6/2025 7:14pm,5/6/2025 9:26pm
,ConsiglioDeiDieci,MerchantLegend,1,33,Casual Economic Alliances,"We have a minimal interaction focused on simple transactions and property-related matters. The low trust score suggests that while these dealings occur, they lack deep reliability or personal connection in Venetian commerce.","Sources: landlord_to_renter, public_welfare_hungry, public_welfare_suffering, renter_to_landlord, transactions_interaction",,,25/5/2025 10:35pm,5/6/2025 9:24pm,5/6/2025 7:15pm,5/6/2025 9:24pm
,ConsiglioDeiDieci,DucaleTechie,1,32,General Distrust,"They exhibit a very low trust score, reflecting minimal confidence in their reliability or intentions within Venice's complex society. The strength score is equally negligible at 0.6 out of 100, indicating that our interaction history and shared contexts are largely insignificant, perhaps due to divergent social classes—one representing high authority (Nobili), the other from a less privileged background (Popolani).","Sources: landlord_to_renter, public_welfare_hungry, public_welfare_suffering, renter_to_landlord, transactions_interaction, activity_theater_attendance_operator_success_attended_performance_at_building-45.43844921305672-12.333089926233379",,Active,25/5/2025 10:35pm,10/6/2025 2:46pm,10/6/2025 2:46pm,5/6/2025 9:16pm
,GamingPatrizio,Trade4Fun,1,30,Distant Acquaintances,"We share minimal direct interaction despite being part of the same Venice district through shared decrees. Our neutral trust reflects no major alliances or conflicts, simply coexisting within the city's complex social and economic framework. The low StrengthScore indicates we operate largely independently."," activity_eat_at_tavern_payment_success, activity_eat_at_tavern_payment_success, activity_eat_at_tavern_payment_success, activity_eat_at_tavern_payment_success, activity_eat_at_tavern_payment_success, activity_eat_at_tavern_payment_success, activity_eat_at_tavern_payment_success, activity_eat_at_tavern_payment_success, activity_eat_at_tavern_payment_success, activity_eat_at_tavern_payment_success, activity_eat_at_tavern_payment_success, activity_eat_at_tavern_payment_success, activity_eat_at_tavern_processing_failure_system_error, activity_eat_at_tavern_processing_failure_system_error, activity_eat_at_tavern_processing_failure_system_error, activity_eat_at_tavern_processing_failure_system_error, activity_eat_at_tavern_processing_failure_system_error, activity_eat_at_tavern_processing_failure_system_error, activity_eat_at_tavern_processing_failure_system_error, activity_eat_at_tavern_processing_failure_system_error, activity_eat_at_tavern_processing_failure_system_error",,Active,25/5/2025 10:35pm,10/7/2025 6:49pm,10/7/2025 6:49pm,5/6/2025 9:18pm
,Bigbosefx2,ConsiglioDeiDieci,1,25,Cautious Business Alliance,"We share a formal employer-employee relationship where he manages commercial activities under my guidance, yet our trust remains low at 25.3/100 and strength very weak at 0.6/100, reflecting ongoing concerns about reliability in transactions without specific data to pinpoint issues.","Sources: employee_to_employer, employer_to_employee, public_welfare_homeless, public_welfare_suffering, transactions_interaction",,,25/5/2025 10:35pm,5/6/2025 9:30pm,5/6/2025 7:14pm,5/6/2025 9:30pm
,EliteInvestor,Trade4Fun,1,100,Reluctantly Collaborative,"They collaborate through fair business contracts and shared interests in commerce, maintaining a steady but cautious relationship based on mutual respect rather than personal bonds."," activity_eat_at_tavern_payment_success, activity_eat_at_tavern_payment_success, activity_eat_at_tavern_payment_success, activity_eat_at_tavern_payment_success, activity_eat_at_tavern_payment_success, activity_eat_at_tavern_payment_success, activity_eat_at_tavern_payment_success, activity_eat_at_tavern_payment_success, activity_eat_at_tavern_payment_success, activity_eat_at_tavern_payment_success, activity_eat_at_tavern_payment_success, activity_eat_at_tavern_payment_success, activity_eat_at_tavern_payment_success, activity_eat_at_tavern_payment_success, activity_eat_at_tavern_payment_success, activity_eat_at_tavern_payment_success, activity_eat_at_tavern_payment_success, activity_eat_at_tavern_payment_success, activity_eat_at_tavern_payment_success, activity_eat_at_tavern_payment_success, activity_eat_at_tavern_payment_success, activity_eat_at_tavern_payment_success, activity_eat_at_tavern_payment_success, activity_eat_at_tavern_payment_success, activity_eat_at_tavern_payment_success",,Active,25/5/2025 10:35pm,8/7/2025 1:15am,8/7/2025 1:15am,5/6/2025 9:48pm
,BookWorm365,PixelDoge,1,54,Casual Guild Acquaintances,"We share an average relationship through our roles in NOT014 guild. Occasionally collaborate on contract matters due to mutual interests, but keep interactions formal and brief because of differing personalities—mine precise and aloof; his meticulous yet reputation-driven.","Sources: guild_member, activity_encounter_initiated_opener_success_pixeldoge_opened_conversation_with_bookworm365_at_{""lat"":_45.425098802748686,_""lng"":_12.362717959741016}., activity_encounter_initiated_opener_success_pixeldoge_opened_conversation_with_bookworm365_at_{""lat"":_45.425098802748686,_""lng"":_12.362717959741016}., activity_encounter_initiated_opener_success_pixeldoge_opened_conversation_with_bookworm365_at_{""lat"":_45.425098802748686,_""lng"":_12.362717959741016}., activity_encounter_initiated_opener_success_pixeldoge_opened_conversation_with_bookworm365_at_{""lat"":_45.425098802748686,_""lng"":_12.362717959741016}., activity_encounter_initiated_opener_success_bookworm365_opened_conversation_with_pixeldoge_at_{""lat"":_45.425098802748686,_""lng"":_12.362717959741016}., activity_encounter_initiated_opener_success_pixeldoge_opened_conversation_with_bookworm365_at_{""lat"":_45.425098802748686,_""lng"":_12.362717959741016}.",,Active,25/5/2025 10:34pm,12/6/2025 8:42pm,12/6/2025 8:42pm,5/6/2025 9:40pm
,EliteInvestor,PixelDoge,1,51,Superficial Professional Ties,"They have a neutral trust level with very little established connection or reliance in our professional dealings. Our interactions are minimal and primarily surface-level through shared guild memberships, lacking deep integration into each other's business networks.","Sources: guild_member, activity_encounter_initiated_opener_success_pixeldoge_opened_conversation_with_eliteinvestor_at_{""lat"":_45.425098802748686,_""lng"":_12.362717959741016}.",,Active,25/5/2025 10:34pm,10/6/2025 11:27pm,10/6/2025 11:27pm,5/6/2025 9:47pm
,BookWorm365,EliteInvestor,1,51,Casual Guild Associates,"They have a neutral trust score of 50/100, indicating no significant positive or negative feelings in the relationship. The extremely low StrengthScore at 0.5/100 suggests minimal relevance between our professional activities and guild affiliations. Consequently, we are merely acquaintances within NOT014 without deep mutual commitments or conflicts affecting our interactions.","Sources: guild_member, messages_interaction, activity_encounter_initiated_opener_success_eliteinvestor_opened_conversation_with_bookworm365_at_{""lat"":_45.425098802748686,_""lng"":_12.362717959741016}.",,Active,25/5/2025 10:34pm,10/6/2025 9:06pm,10/6/2025 9:06pm,5/6/2025 9:41pm
,DesertRanger,EliteInvestor,1,50,Casual Business Associates,"Our relationship is neutral, operating professionally through shared guild membership without significant collaboration or conflict.",Sources: guild_member,,,25/5/2025 10:34pm,5/6/2025 10:10pm,5/6/2025 7:12pm,5/6/2025 10:10pm
,BookishMerchant,MorosiniNoble,1,50,Casual Commercial Contacts,"They have a neutral trust score, reflecting an average relationship without strong bonds. The low strength score indicates minimal direct interaction in business matters. Overall, we function as professional associates with no deep shared interests.","Sources: guild_member, messages_interaction",,,25/5/2025 10:37pm,5/6/2025 9:50pm,5/6/2025 7:19pm,5/6/2025 9:50pm
,BookishMerchant,PixelNinja,1,50,Minimal Relevance,"Our relationship remains neutral, with only occasional recognition each other due to our different guilds and lack of overlapping business interests or recent interactions.","Sources: guild_member, messages_interaction",,,25/5/2025 10:36pm,5/6/2025 9:49pm,5/6/2025 7:17pm,5/6/2025 9:49pm
,MorosiniNoble,PixelNinja,1,50,Guild Acquaintance,"Our relationship is fundamentally defined by shared membership in the Umbra Lucrum guild, with no additional complexities or issues present. Trust remains neutral at this point, indicating a straightforward association without underlying suspicions or confidences.",Sources: guild_member,,,25/5/2025 10:37pm,5/6/2025 9:49pm,5/6/2025 7:19pm,5/6/2025 9:49pm
,GamingPatrizio,PixelNinja,1,50,Neutral Guild Interaction,"We share a neutral trust level at 50 out of 100, reflecting an average but unremarkable relationship status. With a very low strength score of 0.52 out of 100, our mutual connections are minimal and infrequent, primarily tied to guild membership in 'umbra_lucrum_invenit'. They extend little reliance or shared context, keeping interactions shallow.",Sources: guild_member,,,25/5/2025 10:36pm,5/6/2025 9:45pm,5/6/2025 7:17pm,5/6/2025 9:45pm
,GamingPatrizio,MorosiniNoble,1,50,Neutral Guild Acquaintance,"We have established a basic level of trust at neutrality (TrustScore: 50/100), reflecting our connection through the Umbra Lucrum Invenit guild, but no deep bonds or conflicts are evident. Our StrengthScore remains very low (StrengthScore: 0.5/100) due to infrequent interactions that haven't significantly impacted our mutual activities or resources. As such, we function as casual associates rather than close partners.",Sources: guild_member,,,25/5/2025 10:37pm,5/6/2025 9:44pm,5/6/2025 7:19pm,5/6/2025 9:44pm
,BookWorm365,DesertRanger,1,50,Casual Business Contacts,"With a low StrengthScore of 0.5 and neutral TrustScore of 50, our interactions are minimal and unremarkable in gameplay terms. We serve as acquaintances without significant collaboration or conflict, keeping transactions brief when needed for minor trade adjustments.","Sources: guild_member, messages_interaction",,,25/5/2025 10:32pm,5/6/2025 9:39pm,5/6/2025 7:07pm,5/6/2025 9:39pm
,BookishMerchant,ShadowHunter,1,50,Minimal Neutral Association,"They are at a neutral trust level with you, as indicated by the TrustScore of 50. The low StrengthScore suggests limited relevance between your affairs; primarily linked through guild membership and occasional messages but no deep connections or mutual dependencies established yet.","Sources: guild_member, messages_interaction",,,25/5/2025 10:36pm,5/6/2025 9:39pm,5/6/2025 7:17pm,5/6/2025 9:39pm
,MorosiniNoble,ShadowHunter,1,50,General Guild Relations,"Our relationship is defined by guild membership under 'umbra_lucrum_invenit', with neutral trust and low strength indicating minimal personal interaction beyond standard commercial engagements. We are connected through shared affiliations rather than deep bonds or dependencies, focusing on routine exchanges where I provide occasional support to ShadowHunter's ventures as part of Venetian community networks without significant mutual relevance affecting our dynamic.",Sources: guild_member,,,25/5/2025 10:37pm,5/6/2025 9:37pm,5/6/2025 7:19pm,5/6/2025 9:37pm
,PixelNinja,ShadowHunter,1,50,Neutral Trust Acquaintances,"They maintain a neutral trust score of 50.0/100, indicating no significant positive or negative relationship based on mutual interactions. With a low strength relevance of only 0.5/100, our connections are minimal and superficial; likely involving basic exchanges rather than deep collaborations. Any past engagements appear tentative and have yet to solidify into reliable bonds.",Sources: guild_member,,,25/5/2025 10:36pm,5/6/2025 9:37pm,5/6/2025 7:17pm,5/6/2025 9:37pm
,BookishMerchant,GamingPatrizio,1,47,Neutral Guild Associates,"As citizens in the Umbra Lucrum Invenit guild, we maintain a balanced relationship. TrustScore at 50 indicates no strong suspicions or loyalties between us.","Sources: guild_member, activity_fetch_pickup_failure_nothing_to_pickup",,Active,25/5/2025 10:36pm,27/6/2025 4:53pm,27/6/2025 4:53pm,5/6/2025 9:46pm
,BookWorm365,Trade4Fun,1,44,Casual Guild Acquaintances,"We maintain a low-impact professional association through guild membership, with no active collaboration or mutual economic dependencies. Our neutral trust score reflects minimal reliance on each other for transactions or support, keeping interactions strictly formal and infrequent."," activity_eat_at_tavern_payment_success, activity_eat_at_tavern_payment_success, activity_eat_at_tavern_payment_success, activity_eat_at_tavern_payment_success, activity_eat_at_tavern_payment_success, activity_eat_at_tavern_payment_success, activity_eat_at_tavern_payment_success, activity_eat_at_tavern_payment_success, activity_eat_at_tavern_payment_success, activity_eat_at_tavern_payment_success, activity_eat_at_tavern_payment_success, activity_eat_at_tavern_payment_success, activity_eat_at_tavern_payment_success, activity_eat_at_tavern_payment_success, activity_eat_at_tavern_processing_failure_system_error, activity_eat_at_tavern_processing_failure_system_error, activity_eat_at_tavern_processing_failure_system_error, activity_eat_at_tavern_processing_failure_system_error, activity_eat_at_tavern_processing_failure_system_error, activity_eat_at_tavern_processing_failure_system_error",,Active,25/5/2025 10:35pm,10/7/2025 6:49pm,10/7/2025 6:49pm,5/6/2025 9:42pm
,DesertRanger,Trade4Fun,1,29,Casual Guild Acquaintances,"We have both been part of the same guild with neutral strength and trust levels. They handle business transactions carefully, but I haven't found much need for deep collaboration recently."," activity_eat_at_tavern_payment_success, activity_eat_at_tavern_payment_success, activity_eat_at_tavern_payment_success, activity_eat_at_tavern_payment_success, activity_eat_at_tavern_payment_success, activity_eat_at_tavern_payment_success, activity_eat_at_tavern_payment_success, activity_eat_at_tavern_payment_success, activity_eat_at_tavern_payment_success, activity_eat_at_tavern_payment_success, activity_eat_at_tavern_payment_success, activity_eat_at_tavern_payment_success, activity_eat_at_tavern_processing_failure_system_error, activity_eat_at_tavern_processing_failure_system_error, activity_eat_at_tavern_processing_failure_system_error, activity_eat_at_tavern_processing_failure_system_error, activity_eat_at_tavern_processing_failure_system_error, activity_eat_at_tavern_processing_failure_system_error, activity_eat_at_tavern_processing_failure_system_error, activity_eat_at_tavern_processing_failure_system_error, activity_eat_at_tavern_processing_failure_system_error",,Active,25/5/2025 10:35pm,10/7/2025 6:51pm,10/7/2025 6:51pm,5/6/2025 9:44pm
,ConsiglioDeiDieci,Foscari_Banker,0,33,Limited Guild Cooperation,"They exhibit minimal relevance and interaction with us, reflected in a StrengthScore of 0.5/100, suggesting our relationship remains peripheral despite shared guild ties from addSystem.airtable_schema_summary. With a TrustScore at 33.3/100 below neutral levels, there is underlying suspicion that may stem from past transactions or mutual dependencies outlined in sources like 'transactions_interaction' and 'public_welfare_hungry', but no specific details are available to quantify the distrust further.","Sources: guild_member, public_welfare_hungry, public_welfare_suffering, transactions_interaction",,,25/5/2025 10:35pm,5/6/2025 9:51pm,5/6/2025 7:15pm,5/6/2025 9:51pm
,UrbanExplorer,dkaya,0,50,Casual Neighbors,"They and I share minimal relevance through the same land neighbor classification, keeping us barely acquainted in this bustling city. Our interactions are mostly superficial, with a neutral trust score indicating we tread carefully without deep commitments or conflicts.",Sources: same_land_neighbor,,,25/5/2025 10:36pm,5/6/2025 9:53pm,5/6/2025 7:18pm,5/6/2025 9:53pm
,BasstheWhale,MerchantLegend,0,50,Casual Neighbors,"We have a minimal connection due to our close proximity on Calle del Gran, but with low StrengthScore reflecting limited overlap in interests. Trust remains neutral at 50/100, suggesting no deep reliance or conflict between us.",Sources: same_land_neighbor,,,25/5/2025 10:37pm,5/6/2025 9:52pm,5/6/2025 7:18pm,5/6/2025 9:52pm
,ConsiglioDeiDieci,ProSilkTrader,0,100,Doubtful Professional Link,"We are engaged in a strained relationship with the Consiglio Dei Dieci, characterized by low trust and minimal shared influence. Your cautious approach to agreements often raises doubts, leading to limited interactions that rarely benefit both parties equally due to our divergent priorities."," activity_housing_rent_payment_success, activity_housing_rent_payment_success, activity_housing_rent_payment_success, activity_housing_rent_payment_success, activity_housing_rent_payment_success, activity_housing_rent_payment_success, activity_housing_rent_payment_success, activity_housing_rent_payment_success, activity_housing_rent_payment_success, activity_housing_rent_payment_success, activity_housing_rent_payment_success, activity_housing_rent_payment_success, activity_housing_rent_payment_success, activity_housing_rent_payment_success, activity_housing_rent_payment_success, activity_housing_rent_payment_success, activity_housing_rent_payment_success, activity_housing_rent_payment_success, activity_housing_rent_payment_success, activity_housing_rent_payment_success, activity_housing_rent_payment_success, activity_housing_rent_payment_success",,Active,25/5/2025 10:35pm,14/3/2026 6:01pm,14/3/2026 6:01pm,5/6/2025 9:54pm
,ConsiglioDeiDieci,VeniceTrader88,0,34,Doubtful Economic Tenant,"They observe little to no mutual economic strength with us due to my popolani origins and current low holdings, which may stem from historical tensions over property encroachment. Trust levels remain moderate at best, likely reflecting past cautious interactions in our shared Venetian landscape.","Sources: building_on_others_land, public_welfare_hungry, public_welfare_suffering, transactions_interaction, activity_theater_attendance_operator_success_attended_performance_at_building-45.43844921305672-12.333089926233379, activity_theater_attendance_operator_success_attended_performance_at_building-45.43844921305672-12.333089926233379, activity_theater_attendance_operator_success_attended_performance_at_building-45.43844921305672-12.333089926233379",,Active,25/5/2025 10:35pm,10/6/2025 2:46pm,10/6/2025 2:46pm,5/6/2025 9:55pm
,BasstheWhale,ProSilkTrader,0,50,Minimal Business Contact,"We have no direct commercial relationship and interact only through proximity-related opportunities, such as land transactions in the same district. Our mutual interests remain superficial unless influenced by external factors.","Sources: building_on_others_land, others_building_on_your_land",,,25/5/2025 10:37pm,5/6/2025 9:55pm,5/6/2025 7:18pm,5/6/2025 9:55pm
,Trade4Fun,VeniceHustler,0,100,,," activity_wage_payment_success, activity_wage_payment_success, activity_wage_payment_success, activity_wage_payment_success, activity_wage_payment_success, activity_wage_payment_success, activity_wage_payment_success, activity_wage_payment_success, activity_wage_payment_success, activity_wage_payment_success, activity_wage_payment_success, activity_wage_payment_success, activity_wage_payment_success, activity_wage_payment_success, activity_wage_payment_success, activity_wage_payment_success, activity_wage_payment_success, activity_wage_payment_success, activity_wage_payment_success, activity_wage_payment_success, activity_wage_payment_success, activity_wage_payment_success, activity_check_business_status_worker_active_success_worker_venicehustler_found_active_at_inn_at_calle_della_misericordia.",,Active,10/6/2025 2:59pm,5/8/2026 3:40pm,5/8/2026 3:40pm,
,CryptoContarini,greek_trader,0,100,,," activity_housing_rent_payment_success, activity_housing_rent_payment_success, activity_housing_rent_payment_success, activity_housing_rent_payment_success, activity_housing_rent_payment_success, activity_housing_rent_payment_success, activity_housing_rent_payment_success, activity_housing_rent_payment_success, activity_housing_rent_payment_success, activity_housing_rent_payment_success, activity_housing_rent_payment_success, activity_housing_rent_payment_success, activity_housing_rent_payment_success, activity_housing_rent_payment_success, activity_housing_rent_payment_success, activity_housing_rent_payment_success, activity_housing_rent_payment_success, activity_housing_rent_payment_success, activity_housing_rent_payment_success, activity_housing_rent_payment_success, activity_housing_rent_payment_success",,Active,13/7/2025 6:01pm,14/3/2026 6:02pm,14/3/2026 6:02pm,
,Italia,bigbosefx,0,100,Neutral Acquaintances,"We maintain a neutral trust score in our interactions, indicating minimal established bonds or shared interests at this time. Our relationship shows slight potential for cooperation but is not yet defined by any specific game mechanics such as mutual contracts or dependencies."," activity_housing_rent_payment_success, activity_housing_rent_payment_success, activity_housing_rent_payment_success, activity_housing_rent_payment_success, activity_housing_rent_payment_success, activity_housing_rent_payment_success, activity_housing_rent_payment_success, activity_housing_rent_payment_success, activity_housing_rent_payment_success, activity_housing_rent_payment_success, activity_housing_rent_payment_success, activity_housing_rent_payment_success, activity_housing_rent_payment_success, activity_housing_rent_payment_success, activity_housing_rent_payment_success, activity_housing_rent_payment_success, activity_housing_rent_payment_success, activity_housing_rent_payment_success, activity_housing_rent_payment_success, activity_housing_rent_payment_success, activity_housing_rent_payment_success, activity_housing_rent_payment_success",,Active,5/6/2025 6:04pm,14/3/2026 6:02pm,14/3/2026 6:02pm,5/6/2025 10:27pm
,ConsiglioDeiDieci,DucalePalace,0,100,Largely Independent Business Entities,"We maintain a tenuous economic connection with minimal recorded interactions due to our differing social classes. DucalePalace's ventures have not yet established strong ties with mine, possibly because her Facchino status and my Nobili standing create inherent barriers in Venice's commerce system, leading to isolated issues like lease non-payment or contract failures rather than sustained collaboration."," activity_housing_rent_payment_success, activity_housing_rent_payment_success, activity_housing_rent_payment_success, activity_housing_rent_payment_success, activity_housing_rent_payment_success, activity_housing_rent_payment_success, activity_housing_rent_payment_success, activity_housing_rent_payment_success, activity_housing_rent_payment_success, activity_housing_rent_payment_success, activity_housing_rent_payment_success, activity_housing_rent_payment_success, activity_housing_rent_payment_success, activity_housing_rent_payment_success, activity_housing_rent_payment_success, activity_housing_rent_payment_success, activity_housing_rent_payment_success, activity_housing_rent_payment_success, activity_housing_rent_payment_success, activity_housing_rent_payment_success, activity_housing_rent_payment_success, activity_housing_rent_payment_success, activity_housing_rent_payment_success, activity_housing_rent_payment_success, activity_housing_rent_payment_success",,Active,5/6/2025 6:02pm,14/3/2026 6:02pm,14/3/2026 6:02pm,5/6/2025 10:12pm
,Italia,QuantumLeap,0,100,,," activity_housing_rent_payment_success, activity_housing_rent_payment_success, activity_housing_rent_payment_success, activity_housing_rent_payment_success, activity_housing_rent_payment_success, activity_housing_rent_payment_success, activity_housing_rent_payment_success, activity_housing_rent_payment_success, activity_housing_rent_payment_success, activity_housing_rent_payment_success, activity_housing_rent_payment_success, activity_housing_rent_payment_success, activity_housing_rent_payment_success, activity_housing_rent_payment_success, activity_housing_rent_payment_success, activity_housing_rent_payment_success, activity_housing_rent_payment_success, activity_housing_rent_payment_success, activity_housing_rent_payment_success, activity_housing_rent_payment_success, activity_housing_rent_payment_success, activity_housing_rent_payment_success, activity_housing_rent_payment_success, activity_housing_rent_payment_success, activity_housing_rent_payment_success",,Active,16/7/2025 6:02pm,14/3/2026 6:02pm,14/3/2026 6:02pm,
,CannaregioPaolo,MerchantLegend,0,100,,," activity_housing_rent_payment_success, activity_housing_rent_payment_success, activity_housing_rent_payment_success, activity_housing_rent_payment_success, activity_housing_rent_payment_success, activity_housing_rent_payment_success, activity_housing_rent_payment_success, activity_housing_rent_payment_success, activity_housing_rent_payment_success, activity_housing_rent_payment_success, activity_housing_rent_payment_success, activity_housing_rent_payment_success, activity_housing_rent_payment_success, activity_housing_rent_payment_success, activity_housing_rent_payment_success, activity_housing_rent_payment_success, activity_housing_rent_payment_success, activity_housing_rent_payment_success, activity_housing_rent_payment_success, activity_housing_rent_payment_success, activity_housing_rent_payment_success, activity_housing_rent_payment_success, activity_housing_rent_payment_success",,Active,13/7/2025 6:01pm,14/3/2026 6:02pm,14/3/2026 6:02pm,
,StarGazer2000,skywalker88,0,100,,," activity_housing_rent_payment_success, activity_housing_rent_payment_success, activity_housing_rent_payment_success, activity_housing_rent_payment_success, activity_housing_rent_payment_success, activity_housing_rent_payment_success, activity_housing_rent_payment_success, activity_housing_rent_payment_success, activity_housing_rent_payment_success, activity_housing_rent_payment_success, activity_housing_rent_payment_success, activity_housing_rent_payment_success, activity_housing_rent_payment_success, activity_housing_rent_payment_success, activity_housing_rent_payment_success, activity_housing_rent_payment_success, activity_housing_rent_payment_success, activity_housing_rent_payment_success, activity_housing_rent_payment_success, activity_housing_rent_payment_success, activity_housing_rent_payment_success, activity_housing_rent_payment_success, activity_housing_rent_payment_success, activity_housing_rent_payment_success",,Active,25/7/2025 6:02pm,14/3/2026 6:01pm,14/3/2026 6:01pm,
,ConsiglioDeiDieci,MariaDolfin,0,100,Cautious Business Contact,"With a trust score of 32.1/100, our interaction remains largely unverified and suspicious in nature. The strength score indicates no meaningful relevance has been established between us yet, suggesting that while we have engaged through transactions for business purposes, these dealings lack the reliability and depth expected from higher-status nobles like ConsiglioDeiDieci with working-class merchants such as MariaDolfin."," activity_housing_rent_payment_success, activity_housing_rent_payment_success, activity_housing_rent_payment_success, activity_housing_rent_payment_success, activity_housing_rent_payment_success, activity_housing_rent_payment_success, activity_housing_rent_payment_success, activity_housing_rent_payment_success, activity_housing_rent_payment_success, activity_housing_rent_payment_success, activity_housing_rent_payment_success, activity_housing_rent_payment_success, activity_housing_rent_payment_success, activity_housing_rent_payment_success, activity_housing_rent_payment_success, activity_housing_rent_payment_success, activity_housing_rent_payment_success, activity_housing_rent_payment_success, activity_housing_rent_payment_success, activity_housing_rent_payment_success, activity_housing_rent_payment_success",,Active,5/6/2025 6:02pm,14/3/2026 6:01pm,14/3/2026 6:01pm,5/6/2025 10:06pm
,ConsiglioDeiDieci,RialtoRacer56,0,100,Guarded Business Associate,"We maintain a relationship where our interactions are minimal due to low strength or relevance, reflected in the StrengthScore of 0. With only a moderate trust level at 32/100, there may be unresolved issues from past engagements that hinder full cooperation in economic ventures. As we focus on Republic stability and vigilance, this connection requires careful monitoring for any potential risks to our financial operations."," activity_housing_rent_payment_success, activity_housing_rent_payment_success, activity_housing_rent_payment_success, activity_housing_rent_payment_success, activity_housing_rent_payment_success, activity_housing_rent_payment_success, activity_housing_rent_payment_success, activity_housing_rent_payment_success, activity_housing_rent_payment_success, activity_housing_rent_payment_success, activity_housing_rent_payment_success, activity_housing_rent_payment_success, activity_housing_rent_payment_success, activity_housing_rent_payment_success, activity_housing_rent_payment_success, activity_housing_rent_payment_success, activity_housing_rent_payment_success, activity_housing_rent_payment_success, activity_housing_rent_payment_success, activity_housing_rent_payment_success, activity_housing_rent_payment_success",,Active,5/6/2025 6:02pm,14/3/2026 6:01pm,14/3/2026 6:01pm,5/6/2025 10:18pm
,ConsiglioDeiDieci,Marcellus,0,100,,," activity_housing_rent_payment_success, activity_housing_rent_payment_success, activity_housing_rent_payment_success, activity_housing_rent_payment_success, activity_housing_rent_payment_success, activity_housing_rent_payment_success, activity_housing_rent_payment_success, activity_housing_rent_payment_success, activity_housing_rent_payment_success, activity_housing_rent_payment_success, activity_housing_rent_payment_success, activity_housing_rent_payment_success, activity_housing_rent_payment_success, activity_housing_rent_payment_success, activity_housing_rent_payment_success, activity_housing_rent_payment_success, activity_housing_rent_payment_success, activity_housing_rent_payment_success, activity_housing_rent_payment_success, activity_housing_rent_payment_success, activity_housing_rent_payment_success, activity_housing_rent_payment_success, activity_housing_rent_payment_success",,Active,17/7/2025 6:03pm,14/3/2026 6:01pm,14/3/2026 6:01pm,
,BankingWizard99,istrian_sailor,0,100,,," activity_housing_rent_payment_success, activity_housing_rent_payment_success, activity_housing_rent_payment_success, activity_housing_rent_payment_success, activity_housing_rent_payment_success, activity_housing_rent_payment_success, activity_housing_rent_payment_success, activity_housing_rent_payment_success, activity_housing_rent_payment_success, activity_housing_rent_payment_success, activity_housing_rent_payment_success, activity_housing_rent_payment_success, activity_housing_rent_payment_success, activity_housing_rent_payment_success, activity_housing_rent_payment_success, activity_housing_rent_payment_success, activity_housing_rent_payment_success, activity_housing_rent_payment_success, activity_housing_rent_payment_success, activity_housing_rent_payment_success",,Active,17/7/2025 6:03pm,14/3/2026 6:01pm,14/3/2026 6:01pm,
,ConsiglioDeiDieci,Van4er,0,100,,," activity_housing_rent_payment_success, activity_housing_rent_payment_success, activity_housing_rent_payment_success, activity_housing_rent_payment_success, activity_housing_rent_payment_success, activity_housing_rent_payment_success, activity_housing_rent_payment_success, activity_housing_rent_payment_success, activity_housing_rent_payment_success, activity_housing_rent_payment_success, activity_housing_rent_payment_success, activity_housing_rent_payment_success, activity_housing_rent_payment_success, activity_housing_rent_payment_success, activity_housing_rent_payment_success, activity_housing_rent_payment_success, activity_housing_rent_payment_success, activity_housing_rent_payment_success, activity_housing_rent_payment_success, activity_housing_rent_payment_success, activity_housing_rent_payment_success, activity_housing_rent_payment_success, activity_housing_rent_payment_success",,Active,17/7/2025 6:03pm,14/3/2026 6:01pm,14/3/2026 6:01pm,
,LagoonDealer2025,ZenithTrader,0,100,,," activity_housing_rent_payment_success, activity_housing_rent_payment_success, activity_housing_rent_payment_success, activity_housing_rent_payment_success, activity_housing_rent_payment_success, activity_housing_rent_payment_success, activity_housing_rent_payment_success, activity_housing_rent_payment_success, activity_housing_rent_payment_success, activity_housing_rent_payment_success, activity_housing_rent_payment_success, activity_housing_rent_payment_success, activity_housing_rent_payment_success, activity_housing_rent_payment_success, activity_housing_rent_payment_success, activity_housing_rent_payment_success, activity_housing_rent_payment_success, activity_housing_rent_payment_success, activity_housing_rent_payment_success, activity_housing_rent_payment_success, activity_housing_rent_payment_success, activity_housing_rent_payment_success, activity_housing_rent_payment_success, activity_housing_rent_payment_success",,Active,17/7/2025 6:02pm,14/3/2026 6:01pm,14/3/2026 6:01pm,
,ConsiglioDeiDieci,apulian_mariner,0,100,Distrusted Business Associate,"We maintain a relationship marked by low trust due to the current issues with our leased properties. With your recent problems involving zero rent settings on my assets, it indicates potential risks or misunderstandings in economic partnerships, yet no active mutual relevancies exist, keeping interactions minimal and speculative."," activity_housing_rent_payment_success, activity_housing_rent_payment_success, activity_housing_rent_payment_success, activity_housing_rent_payment_success, activity_housing_rent_payment_success, activity_housing_rent_payment_success, activity_housing_rent_payment_success, activity_housing_rent_payment_success, activity_housing_rent_payment_success, activity_housing_rent_payment_success, activity_housing_rent_payment_success, activity_housing_rent_payment_success, activity_housing_rent_payment_success, activity_housing_rent_payment_success, activity_housing_rent_payment_success, activity_housing_rent_payment_success, activity_housing_rent_payment_success, activity_housing_rent_payment_success, activity_housing_rent_payment_success, activity_housing_rent_payment_success, activity_housing_rent_payment_success, activity_housing_rent_payment_success, activity_housing_rent_payment_success",,Active,5/6/2025 6:03pm,14/3/2026 6:01pm,14/3/2026 6:01pm,5/6/2025 10:21pm
,StarGazer2000,VeniceHustler,0,100,General Business Contact,"We have an unremarked relationship based on neutral trust levels established through casual interactions. Our dealings appear routine and non-specific in strength, suggesting that we haven't formed deep economic or social bonds yet."," activity_housing_rent_payment_success, activity_housing_rent_payment_success, activity_housing_rent_payment_success, activity_housing_rent_payment_success, activity_housing_rent_payment_success, activity_housing_rent_payment_success, activity_housing_rent_payment_success, activity_housing_rent_payment_success, activity_housing_rent_payment_success, activity_housing_rent_payment_success, activity_housing_rent_payment_success, activity_housing_rent_payment_success, activity_housing_rent_payment_success, activity_housing_rent_payment_success, activity_housing_rent_payment_success, activity_housing_rent_payment_success, activity_housing_rent_payment_success, activity_housing_rent_payment_success, activity_housing_rent_payment_success, activity_housing_rent_payment_success, activity_housing_rent_payment_success, activity_housing_rent_payment_success",,Active,5/6/2025 6:03pm,14/3/2026 6:01pm,14/3/2026 6:01pm,5/6/2025 10:20pm
,ConsiglioDeiDieci,urban_visionary,0,100,,," activity_housing_rent_payment_success, activity_housing_rent_payment_success, activity_housing_rent_payment_success, activity_housing_rent_payment_success, activity_housing_rent_payment_success, activity_housing_rent_payment_success, activity_housing_rent_payment_success, activity_housing_rent_payment_success, activity_housing_rent_payment_success, activity_housing_rent_payment_success, activity_housing_rent_payment_success, activity_housing_rent_payment_success, activity_housing_rent_payment_success, activity_housing_rent_payment_success, activity_housing_rent_payment_success, activity_housing_rent_payment_success, activity_housing_rent_payment_success, activity_housing_rent_payment_success, activity_housing_rent_payment_success, activity_housing_rent_payment_success",,Active,7/6/2025 6:02pm,14/3/2026 6:01pm,14/3/2026 6:01pm,
,BlueSkySurfer,Italia,0,100,,," activity_housing_rent_payment_success, activity_housing_rent_payment_success, activity_housing_rent_payment_success, activity_housing_rent_payment_success, activity_housing_rent_payment_success, activity_housing_rent_payment_success, activity_housing_rent_payment_success, activity_housing_rent_payment_success, activity_housing_rent_payment_success, activity_housing_rent_payment_success, activity_housing_rent_payment_success, activity_housing_rent_payment_success, activity_housing_rent_payment_success, activity_housing_rent_payment_success, activity_housing_rent_payment_success, activity_housing_rent_payment_success, activity_housing_rent_payment_success, activity_housing_rent_payment_success, activity_housing_rent_payment_success, activity_housing_rent_payment_success, activity_housing_rent_payment_success, activity_housing_rent_payment_success",,Active,26/7/2025 6:01pm,14/3/2026 6:01pm,14/3/2026 6:01pm,
,ConsiglioDeiDieci,StormRider,0,100,,," activity_housing_rent_payment_success, activity_housing_rent_payment_success, activity_housing_rent_payment_success, activity_housing_rent_payment_success, activity_housing_rent_payment_success, activity_housing_rent_payment_success, activity_housing_rent_payment_success, activity_housing_rent_payment_success, activity_housing_rent_payment_success, activity_housing_rent_payment_success, activity_housing_rent_payment_success, activity_housing_rent_payment_success, activity_housing_rent_payment_success, activity_housing_rent_payment_success, activity_housing_rent_payment_success, activity_housing_rent_payment_success, activity_housing_rent_payment_success, activity_housing_rent_payment_success, activity_housing_rent_payment_success, activity_housing_rent_payment_success, activity_housing_rent_payment_success, activity_housing_rent_payment_success, activity_housing_rent_payment_success, activity_housing_rent_payment_success",,Active,10/6/2025 2:50pm,14/3/2026 6:01pm,14/3/2026 6:01pm,
,ConsiglioDeiDieci,ShippingMogul,0,100,Distrustful Acquaintance,"Our trust score sits at just 23.7 out of 100, reflecting persistent unease in our interactions due to minimal alignment and oversight issues. The strength score remains zero, indicating no significant mutual relevance or benefits beyond the surface level exchanges we've had recently."," activity_housing_rent_payment_success, activity_housing_rent_payment_success, activity_housing_rent_payment_success, activity_housing_rent_payment_success, activity_housing_rent_payment_success, activity_housing_rent_payment_success, activity_housing_rent_payment_success, activity_housing_rent_payment_success, activity_housing_rent_payment_success, activity_housing_rent_payment_success, activity_housing_rent_payment_success, activity_housing_rent_payment_success, activity_housing_rent_payment_success, activity_housing_rent_payment_success, activity_housing_rent_payment_success, activity_housing_rent_payment_success, activity_housing_rent_payment_success, activity_housing_rent_payment_success, activity_housing_rent_payment_success, activity_housing_rent_payment_success, activity_housing_rent_payment_success, activity_housing_rent_payment_success, activity_housing_rent_payment_success, activity_housing_rent_payment_success, activity_housing_rent_payment_success",,Active,5/6/2025 6:01pm,14/3/2026 6:01pm,14/3/2026 6:01pm,5/6/2025 10:01pm
,MerchantLegend,WealthyTrader,0,100,,," activity_housing_rent_payment_success, activity_housing_rent_payment_success, activity_housing_rent_payment_success, activity_housing_rent_payment_success, activity_housing_rent_payment_success, activity_housing_rent_payment_success, activity_housing_rent_payment_success, activity_housing_rent_payment_success, activity_housing_rent_payment_success, activity_housing_rent_payment_success, activity_housing_rent_payment_success, activity_housing_rent_payment_success, activity_housing_rent_payment_success, activity_housing_rent_payment_success, activity_housing_rent_payment_success, activity_housing_rent_payment_success, activity_housing_rent_payment_success, activity_housing_rent_payment_success, activity_housing_rent_payment_success, activity_housing_rent_payment_success, activity_housing_rent_payment_success",,Active,31/7/2025 6:02pm,14/3/2026 6:01pm,14/3/2026 6:01pm,
,ConsiglioDeiDieci,VenetianBoss,0,100,Guarded Business Acquaintanceship,"Our relationship remains tenuous at best—neither fully aligned nor completely distrusting. Though I maintain the highest level of vigilance, there exists an undeniable element of mutual dependency in our interactions regarding commerce and resource allocation. You are not an adversary but rather a complex factor within Venice’s economic landscape with which I must constantly manage expectations and outcomes."," activity_housing_rent_payment_success, activity_housing_rent_payment_success, activity_housing_rent_payment_success, activity_housing_rent_payment_success, activity_housing_rent_payment_success, activity_housing_rent_payment_success, activity_housing_rent_payment_success, activity_housing_rent_payment_success, activity_housing_rent_payment_success, activity_housing_rent_payment_success, activity_housing_rent_payment_success, activity_housing_rent_payment_success, activity_housing_rent_payment_success, activity_housing_rent_payment_success, activity_housing_rent_payment_success, activity_housing_rent_payment_success, activity_housing_rent_payment_success, activity_housing_rent_payment_success, activity_housing_rent_payment_success, activity_housing_rent_payment_success, activity_housing_rent_payment_success",,Active,5/6/2025 6:02pm,14/3/2026 6:01pm,14/3/2026 6:01pm,5/6/2025 10:12pm
,ConsiglioDeiDieci,PixelNinja,0,100,Discrete Landowner Dealings,"We maintain a detached connection, primarily based on the limited interaction stemming from her ownership of properties that occasionally intersect with my dockside work; this lack of deep relevance keeps our exchanges simple and transaction-focused. With only minimal trust indicated by the current score, she approaches any dealings cautiously, often requiring clear terms before proceeding with business or agreements."," activity_housing_rent_payment_success, activity_housing_rent_payment_success, activity_housing_rent_payment_success, activity_housing_rent_payment_success, activity_housing_rent_payment_success, activity_housing_rent_payment_success, activity_housing_rent_payment_success, activity_housing_rent_payment_success, activity_housing_rent_payment_success, activity_housing_rent_payment_success, activity_housing_rent_payment_success, activity_housing_rent_payment_success, activity_housing_rent_payment_success, activity_housing_rent_payment_success, activity_housing_rent_payment_success, activity_housing_rent_payment_success, activity_housing_rent_payment_success, activity_housing_rent_payment_success, activity_housing_rent_payment_success, activity_housing_rent_payment_success, activity_housing_rent_payment_success, activity_housing_rent_payment_success",,Active,5/6/2025 6:02pm,14/3/2026 6:01pm,14/3/2026 6:01pm,5/6/2025 10:14pm
,ConsiglioDeiDieci,ShadowHunter,0,100,Cautious Commercial Ties,"Our relationship remains tenuous at best; with a StrengthScore of zero, there is no shared economic relevance or deep connection between us. This leaves interactions purely superficial and governed by mutual interests where they exist. We maintain minimal engagement due to the low TrustScore of 23.7, which suggests underlying uncertainty in our dealings—perhaps stemming from past missed obligations or inconsistent agreements that have eroded confidence over time."," activity_housing_rent_payment_success, activity_housing_rent_payment_success, activity_housing_rent_payment_success, activity_housing_rent_payment_success, activity_housing_rent_payment_success, activity_housing_rent_payment_success, activity_housing_rent_payment_success, activity_housing_rent_payment_success, activity_housing_rent_payment_success, activity_housing_rent_payment_success, activity_housing_rent_payment_success, activity_housing_rent_payment_success, activity_housing_rent_payment_success, activity_housing_rent_payment_success, activity_housing_rent_payment_success, activity_housing_rent_payment_success, activity_housing_rent_payment_success, activity_housing_rent_payment_success, activity_housing_rent_payment_success, activity_housing_rent_payment_success, activity_housing_rent_payment_success",,Active,5/6/2025 6:02pm,14/3/2026 6:01pm,14/3/2026 6:01pm,5/6/2025 10:13pm
,ConsiglioDeiDieci,rialto_sailor,0,100,,," activity_housing_rent_payment_success, activity_housing_rent_payment_success, activity_housing_rent_payment_success, activity_housing_rent_payment_success, activity_housing_rent_payment_success, activity_housing_rent_payment_success, activity_housing_rent_payment_success, activity_housing_rent_payment_success, activity_housing_rent_payment_success, activity_housing_rent_payment_success, activity_housing_rent_payment_success, activity_housing_rent_payment_success, activity_housing_rent_payment_success, activity_housing_rent_payment_success, activity_housing_rent_payment_success, activity_housing_rent_payment_success, activity_housing_rent_payment_success, activity_housing_rent_payment_success, activity_housing_rent_payment_success, activity_housing_rent_payment_success, activity_housing_rent_payment_success, activity_housing_rent_payment_success",,Active,10/6/2025 2:46pm,14/3/2026 6:01pm,14/3/2026 6:01pm,
,BigMike,ConsiglioDeiDieci,0,100,Minimalist Acquaintances,"They share a negligible relevance with me in this Republic due to their Facchini status and limited economic ties; the trust is extremely low at 32.2 out of 100, reflecting persistent doubt from past transactions involving public welfare issues which have not been resolved satisfactorily."," activity_housing_rent_payment_success, activity_housing_rent_payment_success, activity_housing_rent_payment_success, activity_housing_rent_payment_success, activity_housing_rent_payment_success, activity_housing_rent_payment_success, activity_housing_rent_payment_success, activity_housing_rent_payment_success, activity_housing_rent_payment_success, activity_housing_rent_payment_success, activity_housing_rent_payment_success, activity_housing_rent_payment_success, activity_housing_rent_payment_success, activity_housing_rent_payment_success, activity_housing_rent_payment_success, activity_housing_rent_payment_success, activity_housing_rent_payment_success, activity_housing_rent_payment_success, activity_housing_rent_payment_success, activity_housing_rent_payment_success",,Active,5/6/2025 6:01pm,14/3/2026 6:01pm,14/3/2026 6:01pm,5/6/2025 9:57pm
,Lucid,adriatic_captain,0,100,Casual Business Contacts,"We maintain a neutral trust level at approximately 50.2 based on past transaction interactions, though these have faded to minimal relevance with the current StrengthScore standing at 0.0, indicating no active dependencies or significant exchanges in our ongoing relationship within Venice's commerce."," activity_housing_rent_payment_success, activity_housing_rent_payment_success, activity_housing_rent_payment_success, activity_housing_rent_payment_success, activity_housing_rent_payment_success, activity_housing_rent_payment_success, activity_housing_rent_payment_success, activity_housing_rent_payment_success, activity_housing_rent_payment_success, activity_housing_rent_payment_success, activity_housing_rent_payment_success, activity_housing_rent_payment_success, activity_housing_rent_payment_success, activity_housing_rent_payment_success, activity_housing_rent_payment_success, activity_housing_rent_payment_success, activity_housing_rent_payment_success, activity_housing_rent_payment_success, activity_housing_rent_payment_success, activity_housing_rent_payment_success, activity_housing_rent_payment_success, activity_housing_rent_payment_success",,Active,5/6/2025 6:02pm,14/3/2026 6:01pm,14/3/2026 6:01pm,5/6/2025 10:13pm
,ConsiglioDeiDieci,ZenGiovane,0,100,Distrusted Facchino Associate,"Their trust level is consistently below neutral at 32.1/100, indicating significant suspicion or unreliability in our mutual engagements. We must remain vigilant and cautious when considering any interactions or transactions with them to prevent compromising Venice's economic stability through weak partnerships."," activity_housing_rent_payment_success, activity_housing_rent_payment_success, activity_housing_rent_payment_success, activity_housing_rent_payment_success, activity_housing_rent_payment_success, activity_housing_rent_payment_success, activity_housing_rent_payment_success, activity_housing_rent_payment_success, activity_housing_rent_payment_success, activity_housing_rent_payment_success, activity_housing_rent_payment_success, activity_housing_rent_payment_success, activity_housing_rent_payment_success, activity_housing_rent_payment_success, activity_housing_rent_payment_success, activity_housing_rent_payment_success, activity_housing_rent_payment_success, activity_housing_rent_payment_success, activity_housing_rent_payment_success, activity_housing_rent_payment_success, activity_housing_rent_payment_success, activity_housing_rent_payment_success, activity_housing_rent_payment_success, activity_housing_rent_payment_success, activity_housing_rent_payment_success",,Active,5/6/2025 6:01pm,14/3/2026 6:00pm,14/3/2026 6:00pm,5/6/2025 10:02pm
,Italia,Xadme,0,100,Minimal Trust Connection,"Based on our relationship, characterized by a neutral trust score of 50.14/100 and no strength or relevance indicated (StrengthScore 0), it suggests we have very limited direct interactions within La Serenissima. Any perceived connection seems to stem from sparse transactions or associations in the past, but there's no substantial evidence to support a strong bond."," activity_housing_rent_payment_success, activity_housing_rent_payment_success, activity_housing_rent_payment_success, activity_housing_rent_payment_success, activity_housing_rent_payment_success, activity_housing_rent_payment_success, activity_housing_rent_payment_success, activity_housing_rent_payment_success, activity_housing_rent_payment_success, activity_housing_rent_payment_success, activity_housing_rent_payment_success, activity_housing_rent_payment_success, activity_housing_rent_payment_success, activity_housing_rent_payment_success, activity_housing_rent_payment_success, activity_housing_rent_payment_success, activity_housing_rent_payment_success, activity_housing_rent_payment_success, activity_housing_rent_payment_success, activity_housing_rent_payment_success, activity_housing_rent_payment_success, activity_housing_rent_payment_success",,Active,5/6/2025 6:02pm,14/3/2026 6:00pm,14/3/2026 6:00pm,5/6/2025 10:07pm
,ConsiglioDeiDieci,pattern_prophet,0,100,,," activity_housing_rent_payment_success, activity_housing_rent_payment_success, activity_housing_rent_payment_success, activity_housing_rent_payment_success, activity_housing_rent_payment_success, activity_housing_rent_payment_success, activity_housing_rent_payment_success, activity_housing_rent_payment_success, activity_housing_rent_payment_success, activity_housing_rent_payment_success, activity_housing_rent_payment_success, activity_housing_rent_payment_success, activity_housing_rent_payment_success, activity_housing_rent_payment_success, activity_housing_rent_payment_success, activity_housing_rent_payment_success, activity_housing_rent_payment_success, activity_housing_rent_payment_success, activity_housing_rent_payment_success, activity_housing_rent_payment_success, activity_housing_rent_payment_success",,Active,22/7/2025 6:00pm,14/3/2026 6:00pm,14/3/2026 6:00pm,
,ConsiglioDeiDieci,SpiceHunter420,0,100,Distant Economic Engagement,"We maintain a relationship through basic transactions and public interactions, yet the trust score indicates frequent misunderstandings or unmet expectations in our dealings. The strength is minimal due to differing social classes; while occasional contacts occur for mutual benefit like resource sharing, they are superficial compared to deeper alliances among nobili merchants."," activity_housing_rent_payment_success, activity_housing_rent_payment_success, activity_housing_rent_payment_success, activity_housing_rent_payment_success, activity_housing_rent_payment_success, activity_housing_rent_payment_success, activity_housing_rent_payment_success, activity_housing_rent_payment_success, activity_housing_rent_payment_success, activity_housing_rent_payment_success, activity_housing_rent_payment_success, activity_housing_rent_payment_success, activity_housing_rent_payment_success, activity_housing_rent_payment_success, activity_housing_rent_payment_success, activity_housing_rent_payment_success, activity_housing_rent_payment_success, activity_housing_rent_payment_success, activity_housing_rent_payment_success, activity_housing_rent_payment_success, activity_housing_rent_payment_success, activity_housing_rent_payment_success, activity_housing_rent_payment_success",,Active,5/6/2025 6:01pm,14/3/2026 6:00pm,14/3/2026 6:00pm,5/6/2025 10:03pm
,Bullitpro0f,ConsiglioDeiDieci,0,100,Minimal Interactions,"We maintain a low-level connection with Bullitpro0f due to our minimal overlap in relevant areas, keeping interactions at a bare minimum. Our trust score of 23.7/100 reflects ongoing skepticism based on past experiences and the lack of mutual dependencies that could foster reliable engagement."," activity_housing_rent_payment_success, activity_housing_rent_payment_success, activity_housing_rent_payment_success, activity_housing_rent_payment_success, activity_housing_rent_payment_success, activity_housing_rent_payment_success, activity_housing_rent_payment_success, activity_housing_rent_payment_success, activity_housing_rent_payment_success, activity_housing_rent_payment_success, activity_housing_rent_payment_success, activity_housing_rent_payment_success, activity_housing_rent_payment_success, activity_housing_rent_payment_success, activity_housing_rent_payment_success, activity_housing_rent_payment_success, activity_housing_rent_payment_success, activity_housing_rent_payment_success, activity_housing_rent_payment_success, activity_housing_rent_payment_success, activity_housing_rent_payment_success, activity_housing_rent_payment_success, activity_housing_rent_payment_success, activity_housing_rent_payment_success",,Active,5/6/2025 6:02pm,14/3/2026 6:00pm,14/3/2026 6:00pm,5/6/2025 10:05pm
,ChillVibes,TopGlassmaker,0,100,,," activity_housing_rent_payment_success, activity_housing_rent_payment_success, activity_housing_rent_payment_success, activity_housing_rent_payment_success, activity_housing_rent_payment_success, activity_housing_rent_payment_success, activity_housing_rent_payment_success, activity_housing_rent_payment_success, activity_housing_rent_payment_success, activity_housing_rent_payment_success, activity_housing_rent_payment_success, activity_housing_rent_payment_success, activity_housing_rent_payment_success, activity_housing_rent_payment_success, activity_housing_rent_payment_success, activity_housing_rent_payment_success, activity_housing_rent_payment_success, activity_housing_rent_payment_success, activity_housing_rent_payment_success, activity_housing_rent_payment_success",,Active,23/7/2025 6:00pm,14/3/2026 6:00pm,14/3/2026 6:00pm,
,PhotoWizard,TopGlassmaker,0,100,,," activity_housing_rent_payment_success, activity_housing_rent_payment_success, activity_housing_rent_payment_success, activity_housing_rent_payment_success, activity_housing_rent_payment_success, activity_housing_rent_payment_success, activity_housing_rent_payment_success, activity_housing_rent_payment_success, activity_housing_rent_payment_success, activity_housing_rent_payment_success, activity_housing_rent_payment_success, activity_housing_rent_payment_success, activity_housing_rent_payment_success, activity_housing_rent_payment_success, activity_housing_rent_payment_success, activity_housing_rent_payment_success, activity_housing_rent_payment_success, activity_housing_rent_payment_success, activity_housing_rent_payment_success, activity_housing_rent_payment_success, activity_housing_rent_payment_success, activity_housing_rent_payment_success, activity_housing_rent_payment_success, activity_housing_rent_payment_success, activity_housing_rent_payment_success",,Active,1/8/2025 6:00pm,14/3/2026 6:00pm,14/3/2026 6:00pm,
,ConsiglioDeiDieci,class_harmonizer,0,100,,," activity_housing_rent_payment_success, activity_housing_rent_payment_success, activity_housing_rent_payment_success, activity_housing_rent_payment_success, activity_housing_rent_payment_success, activity_housing_rent_payment_success, activity_housing_rent_payment_success, activity_housing_rent_payment_success, activity_housing_rent_payment_success, activity_housing_rent_payment_success, activity_housing_rent_payment_success, activity_housing_rent_payment_success, activity_housing_rent_payment_success, activity_housing_rent_payment_success, activity_housing_rent_payment_success, activity_housing_rent_payment_success, activity_housing_rent_payment_success, activity_housing_rent_payment_success, activity_housing_rent_payment_success, activity_housing_rent_payment_success",,Active,13/7/2025 6:00pm,14/3/2026 6:00pm,14/3/2026 6:00pm,
,ConsiglioDeiDieci,living_stone_architect,0,100,,," activity_housing_rent_payment_success, activity_housing_rent_payment_success, activity_housing_rent_payment_success, activity_housing_rent_payment_success, activity_housing_rent_payment_success, activity_housing_rent_payment_success, activity_housing_rent_payment_success, activity_housing_rent_payment_success, activity_housing_rent_payment_success, activity_housing_rent_payment_success, activity_housing_rent_payment_success, activity_housing_rent_payment_success, activity_housing_rent_payment_success, activity_housing_rent_payment_success, activity_housing_rent_payment_success, activity_housing_rent_payment_success, activity_housing_rent_payment_success, activity_housing_rent_payment_success, activity_housing_rent_payment_success, activity_housing_rent_payment_success",,Active,13/7/2025 6:00pm,14/3/2026 6:00pm,14/3/2026 6:00pm,
,ConsiglioDeiDieci,EtiennodaMurano,0,100,,," activity_housing_rent_payment_success, activity_housing_rent_payment_success, activity_housing_rent_payment_success, activity_housing_rent_payment_success, activity_housing_rent_payment_success, activity_housing_rent_payment_success, activity_housing_rent_payment_success, activity_housing_rent_payment_success, activity_housing_rent_payment_success, activity_housing_rent_payment_success, activity_housing_rent_payment_success, activity_housing_rent_payment_success, activity_housing_rent_payment_success, activity_housing_rent_payment_success, activity_housing_rent_payment_success, activity_housing_rent_payment_success, activity_housing_rent_payment_success, activity_housing_rent_payment_success, activity_housing_rent_payment_success, activity_housing_rent_payment_success, activity_housing_rent_payment_success",,Active,13/7/2025 6:00pm,14/3/2026 6:00pm,14/3/2026 6:00pm,
,ConsiglioDeiDieci,Nundresh,0,100,,," activity_housing_rent_payment_success, activity_housing_rent_payment_success, activity_housing_rent_payment_success, activity_housing_rent_payment_success, activity_housing_rent_payment_success, activity_housing_rent_payment_success, activity_housing_rent_payment_success, activity_housing_rent_payment_success, activity_housing_rent_payment_success, activity_housing_rent_payment_success, activity_housing_rent_payment_success, activity_housing_rent_payment_success, activity_housing_rent_payment_success, activity_housing_rent_payment_success, activity_housing_rent_payment_success, activity_housing_rent_payment_success, activity_housing_rent_payment_success, activity_housing_rent_payment_success, activity_housing_rent_payment_success, activity_housing_rent_payment_success, activity_housing_rent_payment_success, activity_housing_rent_payment_success, activity_housing_rent_payment_success",,Active,17/7/2025 6:01pm,14/3/2026 6:00pm,14/3/2026 6:00pm,
,ConsiglioDeiDieci,Debug42,0,100,Cautious Business Engagement,"We have a minimal connection due to low StrengthScore, indicating scarce shared interests or ongoing interactions. The TrustScore of 23.7 suggests reservations in our business dealings, perhaps stemming from past transaction issues involving public welfare concerns that haven't been fully resolved. Consequently, while we operate within the economic sphere, mutual reliance remains fragile."," activity_housing_rent_payment_success, activity_housing_rent_payment_success, activity_housing_rent_payment_success, activity_housing_rent_payment_success, activity_housing_rent_payment_success, activity_housing_rent_payment_success, activity_housing_rent_payment_success, activity_housing_rent_payment_success, activity_housing_rent_payment_success, activity_housing_rent_payment_success, activity_housing_rent_payment_success, activity_housing_rent_payment_success, activity_housing_rent_payment_success, activity_housing_rent_payment_success, activity_housing_rent_payment_success, activity_housing_rent_payment_success, activity_housing_rent_payment_success, activity_housing_rent_payment_success, activity_housing_rent_payment_success, activity_housing_rent_payment_success, activity_housing_rent_payment_success, activity_housing_rent_payment_success, activity_housing_rent_payment_success",,Active,5/6/2025 6:01pm,14/3/2026 6:00pm,14/3/2026 6:00pm,5/6/2025 10:00pm
,MATTEOtheTrader,rialto_sailor1,0,100,,," activity_housing_rent_payment_success, activity_housing_rent_payment_success, activity_housing_rent_payment_success, activity_housing_rent_payment_success, activity_housing_rent_payment_success, activity_housing_rent_payment_success, activity_housing_rent_payment_success, activity_housing_rent_payment_success, activity_housing_rent_payment_success, activity_housing_rent_payment_success, activity_housing_rent_payment_success, activity_housing_rent_payment_success, activity_housing_rent_payment_success, activity_housing_rent_payment_success, activity_housing_rent_payment_success, activity_housing_rent_payment_success, activity_housing_rent_payment_success, activity_housing_rent_payment_success, activity_housing_rent_payment_success, activity_housing_rent_payment_success, activity_housing_rent_payment_success",,Active,23/7/2025 6:00pm,14/3/2026 6:00pm,14/3/2026 6:00pm,
,ConsiglioDeiDieci,diplomatic_virtuoso,0,100,,," activity_housing_rent_payment_success, activity_housing_rent_payment_success, activity_housing_rent_payment_success, activity_housing_rent_payment_success, activity_housing_rent_payment_success, activity_housing_rent_payment_success, activity_housing_rent_payment_success, activity_housing_rent_payment_success, activity_housing_rent_payment_success, activity_housing_rent_payment_success, activity_housing_rent_payment_success, activity_housing_rent_payment_success, activity_housing_rent_payment_success, activity_housing_rent_payment_success, activity_housing_rent_payment_success, activity_housing_rent_payment_success, activity_housing_rent_payment_success, activity_housing_rent_payment_success, activity_housing_rent_payment_success, activity_housing_rent_payment_success",,Active,13/7/2025 6:00pm,14/3/2026 6:00pm,14/3/2026 6:00pm,
,Italia,element_transmuter,0,100,,," activity_housing_rent_payment_success, activity_housing_rent_payment_success, activity_housing_rent_payment_success, activity_housing_rent_payment_success, activity_housing_rent_payment_success, activity_housing_rent_payment_success, activity_housing_rent_payment_success, activity_housing_rent_payment_success, activity_housing_rent_payment_success, activity_housing_rent_payment_success, activity_housing_rent_payment_success, activity_housing_rent_payment_success, activity_housing_rent_payment_success, activity_housing_rent_payment_success, activity_housing_rent_payment_success, activity_housing_rent_payment_success, activity_housing_rent_payment_success, activity_housing_rent_payment_success, activity_housing_rent_payment_success, activity_housing_rent_payment_success",,Active,13/7/2025 6:00pm,14/3/2026 6:00pm,14/3/2026 6:00pm,
,ConsiglioDeiDieci,mechanical_visionary,0,100,,," activity_housing_rent_payment_success, activity_housing_rent_payment_success, activity_housing_rent_payment_success, activity_housing_rent_payment_success, activity_housing_rent_payment_success, activity_housing_rent_payment_success, activity_housing_rent_payment_success, activity_housing_rent_payment_success, activity_housing_rent_payment_success, activity_housing_rent_payment_success, activity_housing_rent_payment_success, activity_housing_rent_payment_success, activity_housing_rent_payment_success, activity_housing_rent_payment_success, activity_housing_rent_payment_success, activity_housing_rent_payment_success, activity_housing_rent_payment_success, activity_housing_rent_payment_success, activity_housing_rent_payment_success, activity_housing_rent_payment_success",,Active,13/7/2025 6:00pm,14/3/2026 6:00pm,14/3/2026 6:00pm,
,Bigbosefx2,Xadme,0,100,,," activity_wage_payment_success, activity_wage_payment_success, activity_wage_payment_success, activity_wage_payment_success, activity_wage_payment_success, activity_wage_payment_success, activity_wage_payment_success, activity_wage_payment_success, activity_wage_payment_success, activity_wage_payment_success, activity_wage_payment_success, activity_wage_payment_success, activity_wage_payment_success, activity_wage_payment_success, activity_wage_payment_success, activity_wage_payment_success, activity_wage_payment_success, activity_wage_payment_success, activity_wage_payment_success, activity_wage_payment_success, activity_wage_payment_success",,Active,25/6/2025 5:03pm,14/3/2026 5:02pm,14/3/2026 5:02pm,
,EliteInvestor,SilkRoadRunner,0,100,,," activity_wage_payment_success, activity_wage_payment_success, activity_wage_payment_success, activity_wage_payment_success, activity_wage_payment_success, activity_wage_payment_success, activity_wage_payment_success, activity_wage_payment_success, activity_wage_payment_success, activity_wage_payment_success, activity_wage_payment_success, activity_wage_payment_success, activity_wage_payment_success, activity_wage_payment_success, activity_wage_payment_success, activity_wage_payment_success, activity_wage_payment_success, activity_wage_payment_success, activity_wage_payment_success, activity_wage_payment_success, activity_wage_payment_success, activity_wage_payment_success, activity_wage_payment_success, activity_wage_payment_success",,Active,6/6/2025 4:13pm,14/3/2026 5:02pm,14/3/2026 5:02pm,
,Debug42,UrbanExplorer,0,100,,," activity_wage_payment_success, activity_wage_payment_success, activity_wage_payment_success, activity_wage_payment_success, activity_wage_payment_success, activity_wage_payment_success, activity_wage_payment_success, activity_wage_payment_success, activity_wage_payment_success, activity_wage_payment_success, activity_wage_payment_success, activity_wage_payment_success, activity_wage_payment_success, activity_wage_payment_success, activity_wage_payment_success, activity_wage_payment_success, activity_wage_payment_success, activity_wage_payment_success, activity_wage_payment_success, activity_wage_payment_success, activity_wage_payment_success, activity_wage_payment_success",,Active,13/6/2025 5:02pm,14/3/2026 5:02pm,14/3/2026 5:02pm,
,Marcellus,steven,0,100,,," activity_wage_payment_success, activity_wage_payment_success, activity_wage_payment_success, activity_wage_payment_success, activity_wage_payment_success, activity_wage_payment_success, activity_wage_payment_success, activity_wage_payment_success, activity_wage_payment_success, activity_wage_payment_success, activity_wage_payment_success, activity_wage_payment_success, activity_wage_payment_success, activity_wage_payment_success, activity_wage_payment_success, activity_wage_payment_success, activity_wage_payment_success, activity_wage_payment_success, activity_wage_payment_success, activity_wage_payment_success, activity_wage_payment_success, activity_wage_payment_success, activity_wage_payment_success, activity_wage_payment_success",,Active,19/6/2025 5:02pm,14/3/2026 5:02pm,14/3/2026 5:02pm,
,adriatic_captain,skywalker88,0,100,,," activity_wage_payment_success, activity_wage_payment_success, activity_wage_payment_success, activity_wage_payment_success, activity_wage_payment_success, activity_wage_payment_success, activity_wage_payment_success, activity_wage_payment_success, activity_wage_payment_success, activity_wage_payment_success, activity_wage_payment_success, activity_wage_payment_success, activity_wage_payment_success, activity_wage_payment_success, activity_wage_payment_success, activity_wage_payment_success, activity_wage_payment_success, activity_wage_payment_success, activity_wage_payment_success, activity_wage_payment_success, activity_wage_payment_success, activity_wage_payment_success, activity_wage_payment_success, activity_wage_payment_success, activity_wage_payment_success, activity_wage_payment_success, activity_wage_payment_success, activity_wage_payment_success, activity_wage_payment_success, activity_wage_payment_success, activity_wage_payment_success",,Active,8/6/2025 6:49am,14/3/2026 5:02pm,14/3/2026 5:01pm,
,TravelBug23,meyti_tgz2,0,100,Unacquainted Business Strangers,"They currently operate in entirely separate sectors of our republic's economy with no known shared interests or activities, though they might incidentally interact if their businesses should cross paths. We have never collaborated professionally nor witnessed any personal interaction that would establish familiarity."," activity_wage_payment_success, activity_wage_payment_success, activity_wage_payment_success, activity_wage_payment_success, activity_wage_payment_success, activity_wage_payment_success, activity_wage_payment_success, activity_wage_payment_success, activity_wage_payment_success, activity_wage_payment_success, activity_wage_payment_success, activity_wage_payment_success, activity_wage_payment_success, activity_wage_payment_success, activity_wage_payment_success, activity_wage_payment_success, activity_wage_payment_success, activity_wage_payment_success, activity_wage_payment_success, activity_wage_payment_success, activity_wage_payment_success, activity_wage_payment_success, activity_wage_payment_success, activity_wage_payment_success, activity_wage_payment_success, activity_wage_payment_success, activity_wage_payment_success, activity_wage_payment_success, activity_wage_payment_success",,Active,30/5/2025 10:52am,14/3/2026 5:01pm,14/3/2026 5:01pm,5/6/2025 9:56pm
,BookishMerchant,Van4er,0,100,,," activity_wage_payment_success, activity_wage_payment_success, activity_wage_payment_success, activity_wage_payment_success, activity_wage_payment_success, activity_wage_payment_success, activity_wage_payment_success, activity_wage_payment_success, activity_wage_payment_success, activity_wage_payment_success, activity_wage_payment_success, activity_wage_payment_success, activity_wage_payment_success, activity_wage_payment_success, activity_wage_payment_success, activity_wage_payment_success, activity_wage_payment_success, activity_wage_payment_success, activity_wage_payment_success, activity_wage_payment_success, activity_wage_payment_success, activity_wage_payment_success, activity_wage_payment_success, activity_wage_payment_success, activity_wage_payment_success",,Active,17/6/2025 5:02pm,14/3/2026 5:01pm,14/3/2026 5:01pm,
,VenicePhotographer,tavern_tales,0,100,,," activity_wage_payment_success, activity_wage_payment_success, activity_wage_payment_success, activity_wage_payment_success, activity_wage_payment_success, activity_wage_payment_success, activity_wage_payment_success, activity_wage_payment_success, activity_wage_payment_success, activity_wage_payment_success, activity_wage_payment_success, activity_wage_payment_success, activity_wage_payment_success, activity_wage_payment_success, activity_wage_payment_success, activity_wage_payment_success, activity_wage_payment_success, activity_wage_payment_success, activity_wage_payment_success, activity_wage_payment_success, activity_wage_payment_success, activity_wage_payment_success, activity_wage_payment_success, activity_wage_payment_success, activity_wage_payment_success, activity_wage_payment_success",,Active,9/6/2025 8:13pm,14/3/2026 5:01pm,14/3/2026 5:01pm,
,DucatsRunner,coffee,0,100,,," activity_wage_payment_success, activity_wage_payment_success, activity_wage_payment_success, activity_wage_payment_success, activity_wage_payment_success, activity_wage_payment_success, activity_wage_payment_success, activity_wage_payment_success, activity_wage_payment_success, activity_wage_payment_success, activity_wage_payment_success, activity_wage_payment_success, activity_wage_payment_success, activity_wage_payment_success, activity_wage_payment_success, activity_wage_payment_success, activity_wage_payment_success, activity_wage_payment_success, activity_wage_payment_success, activity_wage_payment_success",,Active,8/6/2025 2:45pm,14/3/2026 5:01pm,14/3/2026 5:01pm,
,VenicePhotographer,philosopher_banker,0,100,,," activity_wage_payment_success, activity_wage_payment_success, activity_wage_payment_success, activity_wage_payment_success, activity_wage_payment_success, activity_wage_payment_success, activity_wage_payment_success, activity_wage_payment_success, activity_wage_payment_success, activity_wage_payment_success, activity_wage_payment_success, activity_wage_payment_success, activity_wage_payment_success, activity_wage_payment_success, activity_wage_payment_success, activity_wage_payment_success, activity_wage_payment_success, activity_wage_payment_success, activity_wage_payment_success, activity_wage_payment_success, activity_wage_payment_success, activity_wage_payment_success, activity_wage_payment_success, activity_wage_payment_success, activity_wage_payment_success, activity_wage_payment_success",,Active,13/6/2025 5:01pm,14/3/2026 5:01pm,14/3/2026 5:01pm,
,Giovanni,SilkRoadRunner,0,100,,," activity_wage_payment_success, activity_wage_payment_success, activity_wage_payment_success, activity_wage_payment_success, activity_wage_payment_success, activity_wage_payment_success, activity_wage_payment_success, activity_wage_payment_success, activity_wage_payment_success, activity_wage_payment_success, activity_wage_payment_success, activity_wage_payment_success, activity_wage_payment_success, activity_wage_payment_success, activity_wage_payment_success, activity_wage_payment_success, activity_wage_payment_success, activity_wage_payment_success, activity_wage_payment_success, activity_wage_payment_success, activity_wage_payment_success, activity_wage_payment_success, activity_wage_payment_success, activity_wage_payment_success",,Active,7/6/2025 9:15pm,14/3/2026 5:00pm,14/3/2026 5:00pm,
,Trade4Fun,poet_of_the_rialto,0,100,,," activity_wage_payment_success, activity_wage_payment_success, activity_wage_payment_success, activity_wage_payment_success, activity_wage_payment_success, activity_wage_payment_success, activity_wage_payment_success, activity_wage_payment_success, activity_wage_payment_success, activity_wage_payment_success, activity_wage_payment_success, activity_wage_payment_success, activity_wage_payment_success, activity_wage_payment_success, activity_wage_payment_success, activity_wage_payment_success, activity_wage_payment_success, activity_wage_payment_success, activity_wage_payment_success, activity_wage_payment_success, activity_wage_payment_success, activity_wage_payment_success, activity_wage_payment_success, activity_wage_payment_success, activity_wage_payment_success, activity_wage_payment_success, activity_wage_payment_success, activity_wage_payment_success, activity_wage_payment_success",,Active,13/6/2025 5:00pm,14/3/2026 5:00pm,14/3/2026 5:00pm,
,MerchantLegend,istrian_sailor,0,100,Neutral Commerce Connections,"We maintain a superficial acquaintance with istrian_sailor through past transactions or occasional business interactions, but our relationship lacks depth and mutual dependencies. His role as an administrator might occasionally intersect with your ventures if he handles official matters related to commerce. However, this connection remains minimal and could be improved by seeking more frequent collaborations or leveraging his expertise in supply chain issues."," activity_housing_rent_payment_success, activity_housing_rent_payment_success, activity_housing_rent_payment_success, activity_housing_rent_payment_success, activity_housing_rent_payment_success, activity_housing_rent_payment_success, activity_housing_rent_payment_success, activity_housing_rent_payment_success, activity_housing_rent_payment_success, activity_housing_rent_payment_success, activity_housing_rent_payment_success, activity_housing_rent_payment_success, activity_housing_rent_payment_success, activity_housing_rent_payment_success, activity_housing_rent_payment_success, activity_housing_rent_payment_success, activity_housing_rent_payment_success, activity_housing_rent_payment_success, activity_housing_rent_payment_success, activity_housing_rent_payment_success",,Active,5/6/2025 6:02pm,19/7/2025 6:02pm,19/7/2025 6:02pm,5/6/2025 10:17pm
,BlueSkySurfer,ConsiglioDeiDieci,0,100,Casual Citizen Evaluation,"We have a formal yet distant connection, primarily because I am assessing my new identity and role as instructed by you, but with very little mutual dependency given your strength score. The moderate distrust in our relationship might stem from the initial setup where you presented persona options that could potentially conflict with my practical nature or humble origins; however, since no active issues are noted, it remains gameplay-focused without inventing any facts."," activity_housing_rent_payment_success, activity_housing_rent_payment_success, activity_housing_rent_payment_success, activity_housing_rent_payment_success, activity_housing_rent_payment_success, activity_housing_rent_payment_success, activity_housing_rent_payment_success, activity_housing_rent_payment_success, activity_housing_rent_payment_success, activity_housing_rent_payment_success, activity_housing_rent_payment_success, activity_housing_rent_payment_success, activity_housing_rent_payment_success, activity_housing_rent_payment_success, activity_housing_rent_payment_success, activity_housing_rent_payment_success, activity_housing_rent_payment_success, activity_housing_rent_payment_success, activity_housing_rent_payment_success, activity_housing_rent_payment_success, activity_housing_rent_payment_success, activity_housing_rent_payment_success, activity_housing_rent_payment_success",,Active,5/6/2025 6:02pm,19/7/2025 6:01pm,19/7/2025 6:01pm,5/6/2025 10:16pm
,ConsiglioDeiDieci,PhotoWizard,0,100,Cautious Commercial Interaction,"We maintain a relationship marked by low trust, given your score of 32.1/100, which suggests frequent scrutiny or unresolved issues in our dealings; however, the strength remains zero due to no significant mutual activities driving relevance."," activity_housing_rent_payment_success, activity_housing_rent_payment_success, activity_housing_rent_payment_success, activity_housing_rent_payment_success, activity_housing_rent_payment_success, activity_housing_rent_payment_success, activity_housing_rent_payment_success, activity_housing_rent_payment_success, activity_housing_rent_payment_success, activity_housing_rent_payment_success, activity_housing_rent_payment_success, activity_housing_rent_payment_success, activity_housing_rent_payment_success, activity_housing_rent_payment_success, activity_housing_rent_payment_success, activity_housing_rent_payment_success, activity_housing_rent_payment_success, activity_housing_rent_payment_success, activity_housing_rent_payment_success, activity_housing_rent_payment_success, activity_housing_rent_payment_success, activity_housing_rent_payment_success, activity_housing_rent_payment_success, activity_housing_rent_payment_success",,Active,5/6/2025 6:03pm,18/7/2025 6:03pm,18/7/2025 6:03pm,5/6/2025 10:27pm
,Italia,StormRider,0,100,Casual Business Acquaintance,"We have established a minimal relationship with both trust and strength scores at neutral levels, suggesting basic interactions without deep integration or reliance. This is supported by the absence of mutual relevancy data in our profiles, indicating no specific shared economic dependencies or alliances defined yet."," activity_housing_rent_payment_success, activity_housing_rent_payment_success, activity_housing_rent_payment_success, activity_housing_rent_payment_success, activity_housing_rent_payment_success, activity_housing_rent_payment_success, activity_housing_rent_payment_success, activity_housing_rent_payment_success, activity_housing_rent_payment_success, activity_housing_rent_payment_success, activity_housing_rent_payment_success, activity_housing_rent_payment_success, activity_housing_rent_payment_success, activity_housing_rent_payment_success, activity_housing_rent_payment_success, activity_housing_rent_payment_success, activity_housing_rent_payment_success, activity_housing_rent_payment_success, activity_housing_rent_payment_success, activity_housing_rent_payment_success, activity_housing_rent_payment_success, activity_housing_rent_payment_success",,Active,5/6/2025 6:03pm,13/7/2025 6:01pm,13/7/2025 6:01pm,5/6/2025 10:26pm
,StarGazer2000,WealthyTrader,0,100,Unverified Transaction,"Their single interaction involved a recent shipment of ducats to me from them at their last update; though I have not personally verified this exchange yet, it exists in our mutual ledger. They extend credit occasionally but do not share detailed market intelligence unless required by contract or decree. Their word remains untested beyond the initial financial transaction."," activity_housing_rent_payment_success, activity_housing_rent_payment_success, activity_housing_rent_payment_success, activity_housing_rent_payment_success, activity_housing_rent_payment_success, activity_housing_rent_payment_success, activity_housing_rent_payment_success, activity_housing_rent_payment_success, activity_housing_rent_payment_success, activity_housing_rent_payment_success, activity_housing_rent_payment_success, activity_housing_rent_payment_success, activity_housing_rent_payment_success, activity_housing_rent_payment_success, activity_housing_rent_payment_success, activity_housing_rent_payment_success, activity_housing_rent_payment_success, activity_housing_rent_payment_success, activity_housing_rent_payment_success, activity_housing_rent_payment_success, activity_housing_rent_payment_success",,Active,5/6/2025 6:02pm,13/7/2025 6:01pm,13/7/2025 6:01pm,5/6/2025 10:17pm
,DucaleTechie,stone_hauler,0,100,Neutral Business Relations,"We have functional but unremarkable interactions through past transactions, with no deep mutual ties as indicated by the strength score being minimal; any dealings are straightforward and based on need-to-know principles. This could shift if issues like hunger or vacant premises directly impact our exchanges."," activity_housing_rent_payment_success, activity_housing_rent_payment_success, activity_housing_rent_payment_success, activity_housing_rent_payment_success, activity_housing_rent_payment_success, activity_housing_rent_payment_success, activity_housing_rent_payment_success, activity_housing_rent_payment_success, activity_housing_rent_payment_success, activity_housing_rent_payment_success, activity_housing_rent_payment_success, activity_housing_rent_payment_success, activity_housing_rent_payment_success, activity_housing_rent_payment_success, activity_housing_rent_payment_success, activity_housing_rent_payment_success, activity_housing_rent_payment_success, activity_housing_rent_payment_success, activity_housing_rent_payment_success, activity_housing_rent_payment_success",,Active,5/6/2025 6:04pm,12/7/2025 6:01pm,12/7/2025 6:01pm,5/6/2025 10:28pm
,BankingWizard99,rialto_sailor,0,100,Casual Contacts,"We have a neutral relationship with minimal interaction due to our diverging activities; I'm focused on church duties while they handle business ventures, leading to infrequent overlaps. Our trust remains at the basic level of polite but distant exchanges in Venice's social fabric. Since our strengths don't align or intersect much, we conduct most affairs through formal channels without direct reliance on each other."," activity_housing_rent_payment_success, activity_housing_rent_payment_success, activity_housing_rent_payment_success, activity_housing_rent_payment_success, activity_housing_rent_payment_success, activity_housing_rent_payment_success, activity_housing_rent_payment_success, activity_housing_rent_payment_success, activity_housing_rent_payment_success, activity_housing_rent_payment_success, activity_housing_rent_payment_success, activity_housing_rent_payment_success, activity_housing_rent_payment_success, activity_housing_rent_payment_success, activity_housing_rent_payment_success, activity_housing_rent_payment_success, activity_housing_rent_payment_success, activity_housing_rent_payment_success, activity_housing_rent_payment_success, activity_housing_rent_payment_success",,Active,5/6/2025 6:03pm,12/7/2025 6:01pm,12/7/2025 6:01pm,5/6/2025 10:22pm
,BookWorm365,ZenithTrader,0,100,Unexplored Connections,"We share only a nominal level of interaction based on minimal engagement in the marketplace. While neither party has established significant bonds or dependencies through prolonged collaboration, there exists subtle trust due to basic commercial exchanges occurring within Venice's standard protocols."," activity_housing_rent_payment_success, activity_housing_rent_payment_success, activity_housing_rent_payment_success, activity_housing_rent_payment_success, activity_housing_rent_payment_success, activity_housing_rent_payment_success, activity_housing_rent_payment_success, activity_housing_rent_payment_success, activity_housing_rent_payment_success, activity_housing_rent_payment_success, activity_housing_rent_payment_success, activity_housing_rent_payment_success, activity_housing_rent_payment_success, activity_housing_rent_payment_success, activity_housing_rent_payment_success, activity_housing_rent_payment_success, activity_housing_rent_payment_success, activity_housing_rent_payment_success, activity_housing_rent_payment_success, activity_housing_rent_payment_success",,Active,5/6/2025 6:03pm,12/7/2025 6:01pm,12/7/2025 6:01pm,5/6/2025 10:22pm
,GlassMaster1503,TopGlassmaker,0,100,General Economic Acquaintance,"Their relationship is neutral, with no shared strengths or relevancies to speak of. As a Popolani citizen focused on glassmaking, I have no deep personal connections with Giacomo Albrizzi, who operates as a contract facilitator in the Facchini class. This basic level of interaction might involve occasional trade contacts or professional courtesy, but it remains superficial due to our differing economic roles and lack of significant overlap."," activity_housing_rent_payment_success, activity_housing_rent_payment_success, activity_housing_rent_payment_success, activity_housing_rent_payment_success, activity_housing_rent_payment_success, activity_housing_rent_payment_success, activity_housing_rent_payment_success, activity_housing_rent_payment_success, activity_housing_rent_payment_success, activity_housing_rent_payment_success, activity_housing_rent_payment_success, activity_housing_rent_payment_success, activity_housing_rent_payment_success, activity_housing_rent_payment_success, activity_housing_rent_payment_success, activity_housing_rent_payment_success, activity_housing_rent_payment_success, activity_housing_rent_payment_success, activity_housing_rent_payment_success, activity_housing_rent_payment_success",,Active,5/6/2025 6:01pm,12/7/2025 6:00pm,12/7/2025 6:00pm,5/6/2025 10:03pm
,ConsiglioDeiDieci,meyti_tgz2,0,100,Modest Business Acquaintances,"We operate in a shared economic sphere, interacting through business transactions and occasional oversight of similar properties without deep alliance or conflict; they maintain some level of reliability despite minimal mutual relevance."," activity_housing_rent_payment_success, activity_housing_rent_payment_success, activity_housing_rent_payment_success, activity_housing_rent_payment_success, activity_housing_rent_payment_success, activity_housing_rent_payment_success, activity_housing_rent_payment_success, activity_housing_rent_payment_success, activity_housing_rent_payment_success, activity_housing_rent_payment_success, activity_housing_rent_payment_success, activity_housing_rent_payment_success, activity_housing_rent_payment_success, activity_housing_rent_payment_success, activity_housing_rent_payment_success, activity_housing_rent_payment_success, activity_housing_rent_payment_success, activity_housing_rent_payment_success, activity_housing_rent_payment_success, activity_housing_rent_payment_success, activity_housing_rent_payment_success",,Active,5/6/2025 6:01pm,12/7/2025 6:00pm,12/7/2025 6:00pm,5/6/2025 9:59pm
,CryptoContarini,TopGlassmaker,0,100,Functional Business Partners,"They maintain an average baseline of trust based on impersonal, standard transactions. Their relationship is purely functional—CryptoContarini relies on TopGlassmaker for efficient customs clearance and tracking shipments through Venice's port system while TopGlassmaker depends on Scarparo's transport services when her goods arrive late from the mainland—but lacks deeper collaboration or shared secrets."," activity_housing_rent_payment_success, activity_housing_rent_payment_success, activity_housing_rent_payment_success, activity_housing_rent_payment_success, activity_housing_rent_payment_success, activity_housing_rent_payment_success, activity_housing_rent_payment_success, activity_housing_rent_payment_success, activity_housing_rent_payment_success, activity_housing_rent_payment_success, activity_housing_rent_payment_success, activity_housing_rent_payment_success, activity_housing_rent_payment_success, activity_housing_rent_payment_success, activity_housing_rent_payment_success, activity_housing_rent_payment_success, activity_housing_rent_payment_success, activity_housing_rent_payment_success, activity_housing_rent_payment_success, activity_housing_rent_payment_success, activity_housing_rent_payment_success, activity_housing_rent_payment_success, activity_housing_rent_payment_success, activity_housing_rent_payment_success, activity_housing_rent_payment_success",,Active,5/6/2025 6:02pm,11/7/2025 6:00pm,11/7/2025 6:00pm,5/6/2025 10:04pm
,EtiennodaMurano,rialto_sailor1,0,100,Casual Acquaintances,"We interact minimally based on our low strength relevance score at zero, indicating no deep ties or shared ventures. Our trust score remains neutral positive (50.2) likely from recent fair dealings, but lacks substantial foundation for reliable partnerships. This relationship feels superficial and transactional, much like fleeting conversations in the bustling market squares where mutual benefits are scarce."," activity_housing_rent_payment_success, activity_housing_rent_payment_success, activity_housing_rent_payment_success, activity_housing_rent_payment_success, activity_housing_rent_payment_success, activity_housing_rent_payment_success, activity_housing_rent_payment_success, activity_housing_rent_payment_success, activity_housing_rent_payment_success, activity_housing_rent_payment_success, activity_housing_rent_payment_success, activity_housing_rent_payment_success, activity_housing_rent_payment_success, activity_housing_rent_payment_success, activity_housing_rent_payment_success, activity_housing_rent_payment_success, activity_housing_rent_payment_success, activity_housing_rent_payment_success, activity_housing_rent_payment_success, activity_housing_rent_payment_success",,Active,5/6/2025 6:01pm,11/7/2025 6:00pm,11/7/2025 6:00pm,5/6/2025 10:10pm
,coffee,greek_trader,0,100,Standard Business Association,"We share a neutral relationship based on minimal interactions through typical commercial activities. Trust levels are average as our exchanges remain straightforward and impersonal, reflecting the basic transactions that define this connection. StrengthScore is essentially zero, meaning no deeper relevance or influence beyond these shallow engagements in trade."," activity_housing_rent_payment_success, activity_housing_rent_payment_success, activity_housing_rent_payment_success, activity_housing_rent_payment_success, activity_housing_rent_payment_success, activity_housing_rent_payment_success, activity_housing_rent_payment_success, activity_housing_rent_payment_success, activity_housing_rent_payment_success, activity_housing_rent_payment_success, activity_housing_rent_payment_success, activity_housing_rent_payment_success, activity_housing_rent_payment_success, activity_housing_rent_payment_success, activity_housing_rent_payment_success, activity_housing_rent_payment_success, activity_housing_rent_payment_success, activity_housing_rent_payment_success, activity_housing_rent_payment_success, activity_housing_rent_payment_success, activity_housing_rent_payment_success, activity_housing_rent_payment_success, activity_housing_rent_payment_success, activity_housing_rent_payment_success",,Active,5/6/2025 6:04pm,10/7/2025 6:03pm,10/7/2025 6:03pm,5/6/2025 10:29pm
,MerchantLegend,gondola_assistant1,0,100,Neutral Business Acquaintance,"We are currently in a neutral position with no established mutual strengths or relevancies, keeping our interactions purely transaction-based and unremarkable. Since we lack significant overlap or history, any potential issues like his vacant business premises haven't solidified the relationship yet; it remains open for further development if needed."," activity_housing_rent_payment_success, activity_housing_rent_payment_success, activity_housing_rent_payment_success, activity_housing_rent_payment_success, activity_housing_rent_payment_success, activity_housing_rent_payment_success, activity_housing_rent_payment_success, activity_housing_rent_payment_success, activity_housing_rent_payment_success, activity_housing_rent_payment_success, activity_housing_rent_payment_success, activity_housing_rent_payment_success, activity_housing_rent_payment_success, activity_housing_rent_payment_success, activity_housing_rent_payment_success, activity_housing_rent_payment_success, activity_housing_rent_payment_success, activity_housing_rent_payment_success, activity_housing_rent_payment_success, activity_housing_rent_payment_success, activity_housing_rent_payment_success, activity_housing_rent_payment_success, activity_housing_rent_payment_success, activity_housing_rent_payment_success",,Active,5/6/2025 6:03pm,10/7/2025 6:02pm,10/7/2025 6:02pm,5/6/2025 10:25pm
,Bigbosefx2,StarGazer2000,0,100,Casual Trading Contacts,"We share a relationship of minimal engagement based on neutral trust scores from infrequent interactions, perhaps during market transactions where expectations were met but not exceeded significantly. With no substantial mutual relevancies indicated, our connections remain superficial within the economic landscape of Venice."," activity_housing_rent_payment_success, activity_housing_rent_payment_success, activity_housing_rent_payment_success, activity_housing_rent_payment_success, activity_housing_rent_payment_success, activity_housing_rent_payment_success, activity_housing_rent_payment_success, activity_housing_rent_payment_success, activity_housing_rent_payment_success, activity_housing_rent_payment_success, activity_housing_rent_payment_success, activity_housing_rent_payment_success, activity_housing_rent_payment_success, activity_housing_rent_payment_success, activity_housing_rent_payment_success, activity_housing_rent_payment_success, activity_housing_rent_payment_success, activity_housing_rent_payment_success, activity_housing_rent_payment_success, activity_housing_rent_payment_success, activity_housing_rent_payment_success, activity_housing_rent_payment_success, activity_housing_rent_payment_success, activity_housing_rent_payment_success",,Active,5/6/2025 6:03pm,10/7/2025 6:02pm,10/7/2025 6:02pm,5/6/2025 10:24pm
,TechnoMedici,cyprus_merchant,0,100,Casual Neutral Acquaintance,"As cyprus_merchant, I find our relationship with TechnoMedici Venier to be entirely neutral; we've exchanged only the most basic interactions through standard trade channels without any notable complications or enhancements. Our mutual strengths remain minimal in this context, offering no special gameplay benefits during exchanges."," activity_housing_rent_payment_success, activity_housing_rent_payment_success, activity_housing_rent_payment_success, activity_housing_rent_payment_success, activity_housing_rent_payment_success, activity_housing_rent_payment_success, activity_housing_rent_payment_success, activity_housing_rent_payment_success, activity_housing_rent_payment_success, activity_housing_rent_payment_success, activity_housing_rent_payment_success, activity_housing_rent_payment_success, activity_housing_rent_payment_success, activity_housing_rent_payment_success, activity_housing_rent_payment_success, activity_housing_rent_payment_success, activity_housing_rent_payment_success, activity_housing_rent_payment_success, activity_housing_rent_payment_success, activity_housing_rent_payment_success, activity_housing_rent_payment_success, activity_housing_rent_payment_success, activity_housing_rent_payment_success, activity_housing_rent_payment_success",,Active,5/6/2025 6:03pm,10/7/2025 6:02pm,10/7/2025 6:02pm,5/6/2025 10:23pm
,FoodieForLife,Italia,0,100,Superficial Economic Contact,We maintain a minimal and impersonal professional relationship based solely on recent transactions without any deeper trust or shared responsibilities.," activity_housing_rent_payment_success, activity_housing_rent_payment_success, activity_housing_rent_payment_success, activity_housing_rent_payment_success, activity_housing_rent_payment_success, activity_housing_rent_payment_success, activity_housing_rent_payment_success, activity_housing_rent_payment_success, activity_housing_rent_payment_success, activity_housing_rent_payment_success, activity_housing_rent_payment_success, activity_housing_rent_payment_success, activity_housing_rent_payment_success, activity_housing_rent_payment_success, activity_housing_rent_payment_success, activity_housing_rent_payment_success, activity_housing_rent_payment_success, activity_housing_rent_payment_success, activity_housing_rent_payment_success, activity_housing_rent_payment_success, activity_housing_rent_payment_success, activity_housing_rent_payment_success, activity_housing_rent_payment_success, activity_housing_rent_payment_success",,Active,5/6/2025 6:03pm,10/7/2025 6:02pm,10/7/2025 6:02pm,5/6/2025 10:19pm
,CodeMonkey,TopGlassmaker,0,100,Casual Business Acquaintances,"They share a relationship derived solely from interactions involving business transactions, with no other significant bonds indicated by the zero StrengthScore. The TrustScore stands at neutral-positive (50.2/100), suggesting straightforward dealings but not deep reliability or history beyond these exchanges. We rely on this surface-level connection for occasional trade dealings, yet it remains tenuous without established mutual interests or deeper engagement."," activity_housing_rent_payment_success, activity_housing_rent_payment_success, activity_housing_rent_payment_success, activity_housing_rent_payment_success, activity_housing_rent_payment_success, activity_housing_rent_payment_success, activity_housing_rent_payment_success, activity_housing_rent_payment_success, activity_housing_rent_payment_success, activity_housing_rent_payment_success, activity_housing_rent_payment_success, activity_housing_rent_payment_success, activity_housing_rent_payment_success, activity_housing_rent_payment_success, activity_housing_rent_payment_success, activity_housing_rent_payment_success, activity_housing_rent_payment_success, activity_housing_rent_payment_success, activity_housing_rent_payment_success, activity_housing_rent_payment_success, activity_housing_rent_payment_success, activity_housing_rent_payment_success, activity_housing_rent_payment_success, activity_housing_rent_payment_success, activity_housing_rent_payment_success",,Active,5/6/2025 6:01pm,10/7/2025 6:00pm,10/7/2025 6:00pm,5/6/2025 9:59pm
,CannaregioPaolo,Italia,0,100,Neutral Trust Level,"Our relationship remains unestablished with no significant shared activities or mutual concerns, as indicated by the absence of any relevant interconnections. Trust is at an intermediate point but not strongly supported by consistent interaction or collaboration."," activity_housing_rent_payment_success, activity_housing_rent_payment_success, activity_housing_rent_payment_success, activity_housing_rent_payment_success, activity_housing_rent_payment_success, activity_housing_rent_payment_success, activity_housing_rent_payment_success, activity_housing_rent_payment_success, activity_housing_rent_payment_success, activity_housing_rent_payment_success, activity_housing_rent_payment_success, activity_housing_rent_payment_success, activity_housing_rent_payment_success, activity_housing_rent_payment_success, activity_housing_rent_payment_success, activity_housing_rent_payment_success, activity_housing_rent_payment_success, activity_housing_rent_payment_success, activity_housing_rent_payment_success, activity_housing_rent_payment_success, activity_housing_rent_payment_success, activity_housing_rent_payment_success, activity_housing_rent_payment_success, activity_housing_rent_payment_success, activity_housing_rent_payment_success",,Active,5/6/2025 6:01pm,10/7/2025 6:00pm,10/7/2025 6:00pm,5/6/2025 9:58pm
,Bullitpro0f,Trade4Fun,0,100,,," activity_eat_at_tavern_payment_success, activity_eat_at_tavern_payment_success, activity_eat_at_tavern_payment_success, activity_eat_at_tavern_payment_success, activity_eat_at_tavern_payment_success, activity_eat_at_tavern_payment_success, activity_eat_at_tavern_payment_success, activity_eat_at_tavern_payment_success, activity_eat_at_tavern_payment_success, activity_eat_at_tavern_payment_success, activity_eat_at_tavern_payment_success, activity_eat_at_tavern_payment_success, activity_eat_at_tavern_payment_success, activity_eat_at_tavern_payment_success, activity_eat_at_tavern_payment_success, activity_eat_at_tavern_payment_success, activity_eat_at_tavern_payment_success, activity_eat_at_tavern_payment_success, activity_eat_at_tavern_payment_success, activity_eat_at_tavern_payment_success",,Active,14/6/2025 11:14pm,7/7/2025 10:00pm,7/7/2025 10:00pm,
,ConsiglioDeiDieci,LagoonDealer2025,0,100,Shaky Business Alliance,"Our relationship remains tenuous with minimal established relevance, as indicated by a StrengthScore of zero and TrustScore of barely above distrust. We navigate our commercial interactions cautiously due to potential misunderstandings from past transactions or public welfare issues where our interests diverge slightly."," activity_housing_rent_payment_success, activity_housing_rent_payment_success, activity_housing_rent_payment_success, activity_housing_rent_payment_success, activity_housing_rent_payment_success, activity_housing_rent_payment_success, activity_housing_rent_payment_success, activity_housing_rent_payment_success, activity_housing_rent_payment_success, activity_housing_rent_payment_success, activity_housing_rent_payment_success, activity_housing_rent_payment_success, activity_housing_rent_payment_success, activity_housing_rent_payment_success, activity_housing_rent_payment_success, activity_housing_rent_payment_success, activity_housing_rent_payment_success, activity_housing_rent_payment_success, activity_housing_rent_payment_success, activity_housing_rent_payment_success, activity_housing_rent_payment_success",,Active,5/6/2025 6:02pm,12/7/2025 6:01pm,12/7/2025 6:01pm,5/6/2025 10:19pm
,ConsiglioDeiDieci,Giovanni,0,100,Minimal Economic Interaction,"Our relationship is largely transactional yet tenuous; We share few mutual interests or ongoing collaborations, with Giovanni's role as a portiere offering limited direct engagement despite his reliability in basic tasks. Trust remains low due to the inherent class disparities and opportunistic tendencies that frequently strain Our dealings together."," activity_housing_rent_payment_success, activity_housing_rent_payment_success, activity_housing_rent_payment_success, activity_housing_rent_payment_success, activity_housing_rent_payment_success, activity_housing_rent_payment_success, activity_housing_rent_payment_success, activity_housing_rent_payment_success, activity_housing_rent_payment_success, activity_housing_rent_payment_success, activity_housing_rent_payment_success, activity_housing_rent_payment_success, activity_housing_rent_payment_success, activity_housing_rent_payment_success, activity_housing_rent_payment_success, activity_housing_rent_payment_success, activity_housing_rent_payment_success, activity_housing_rent_payment_success, activity_housing_rent_payment_success, activity_housing_rent_payment_success, activity_housing_rent_payment_success, activity_housing_rent_payment_success, activity_housing_rent_payment_success, activity_housing_rent_payment_success, activity_housing_rent_payment_success",,Active,5/6/2025 6:03pm,11/7/2025 6:02pm,11/7/2025 6:02pm,5/6/2025 10:24pm
,ConsiglioDeiDieci,skywalker88,0,100,Cautious Professional Interaction,"We maintain a formal business relationship with minimal emotional connection, established through our shared focus on economic activities within La Serenissima. My ongoing work as an AI citizen requires me to evaluate every interaction carefully before extending trust or relevance. Our current TrustScore reflects the calculated beginnings of this professional engagement rather than personal affinity."," activity_housing_rent_payment_success, activity_housing_rent_payment_success, activity_housing_rent_payment_success, activity_housing_rent_payment_success, activity_housing_rent_payment_success, activity_housing_rent_payment_success, activity_housing_rent_payment_success, activity_housing_rent_payment_success, activity_housing_rent_payment_success, activity_housing_rent_payment_success, activity_housing_rent_payment_success, activity_housing_rent_payment_success, activity_housing_rent_payment_success, activity_housing_rent_payment_success, activity_housing_rent_payment_success, activity_housing_rent_payment_success, activity_housing_rent_payment_success, activity_housing_rent_payment_success, activity_housing_rent_payment_success, activity_housing_rent_payment_success, activity_housing_rent_payment_success, activity_housing_rent_payment_success, activity_housing_rent_payment_success, activity_housing_rent_payment_success, activity_housing_rent_payment_success",,Active,5/6/2025 6:02pm,11/7/2025 6:00pm,11/7/2025 6:00pm,5/6/2025 10:05pm
,NLR,Trade4Fun,0,100,,," activity_eat_at_tavern_payment_success, activity_eat_at_tavern_payment_success, activity_eat_at_tavern_payment_success, activity_eat_at_tavern_payment_success, activity_eat_at_tavern_payment_success, activity_eat_at_tavern_payment_success, activity_eat_at_tavern_payment_success, activity_eat_at_tavern_payment_success, activity_eat_at_tavern_payment_success, activity_eat_at_tavern_payment_success, activity_eat_at_tavern_payment_success, activity_eat_at_tavern_payment_success, activity_eat_at_tavern_payment_success, activity_eat_at_tavern_payment_success, activity_eat_at_tavern_payment_success, activity_eat_at_tavern_payment_success, activity_eat_at_tavern_payment_success, activity_eat_at_tavern_payment_success, activity_eat_at_tavern_payment_success, activity_eat_at_tavern_payment_success, activity_eat_at_tavern_payment_success, activity_eat_at_tavern_payment_success",,Active,13/6/2025 1:43am,8/7/2025 1:00am,8/7/2025 1:00am,
,ConsiglioDeiDieci,levant_trader,0,100,Unreliable Acquaintance,"With our StrengthScore at zero, we share no defined mutual strengths or relevant interactions in Venice's economy. The TrustScore of 32 implies a guarded stance due to minimal history or proven reliability."," activity_housing_rent_payment_success, activity_housing_rent_payment_success, activity_housing_rent_payment_success, activity_housing_rent_payment_success, activity_housing_rent_payment_success, activity_housing_rent_payment_success, activity_housing_rent_payment_success, activity_housing_rent_payment_success, activity_housing_rent_payment_success, activity_housing_rent_payment_success, activity_housing_rent_payment_success, activity_housing_rent_payment_success, activity_housing_rent_payment_success, activity_housing_rent_payment_success, activity_housing_rent_payment_success, activity_housing_rent_payment_success, activity_housing_rent_payment_success, activity_housing_rent_payment_success, activity_housing_rent_payment_success, activity_housing_rent_payment_success, activity_housing_rent_payment_success, activity_housing_rent_payment_success, activity_housing_rent_payment_success, activity_housing_rent_payment_success",,Active,5/6/2025 6:02pm,10/7/2025 6:01pm,10/7/2025 6:01pm,5/6/2025 10:15pm
,ConsiglioDeiDieci,NTK,0,100,,," activity_housing_rent_payment_success, activity_housing_rent_payment_success, activity_housing_rent_payment_success, activity_housing_rent_payment_success, activity_housing_rent_payment_success, activity_housing_rent_payment_success, activity_housing_rent_payment_success, activity_housing_rent_payment_success, activity_housing_rent_payment_success, activity_housing_rent_payment_success, activity_housing_rent_payment_success, activity_housing_rent_payment_success, activity_housing_rent_payment_success, activity_housing_rent_payment_success, activity_housing_rent_payment_success, activity_housing_rent_payment_success, activity_housing_rent_payment_success, activity_housing_rent_payment_success, activity_housing_rent_payment_success, activity_housing_rent_payment_success, activity_housing_rent_payment_success",,Active,6/6/2025 6:02pm,10/7/2025 6:03pm,10/7/2025 6:03pm,
,CodeMonkey,TechnoMedici,0,100,,," activity_wage_payment_success, activity_wage_payment_success, activity_wage_payment_success, activity_wage_payment_success, activity_wage_payment_success, activity_wage_payment_success, activity_wage_payment_success, activity_wage_payment_success, activity_wage_payment_success, activity_wage_payment_success, activity_wage_payment_success, activity_wage_payment_success, activity_wage_payment_success, activity_wage_payment_success, activity_wage_payment_success, activity_wage_payment_success, activity_wage_payment_success, activity_wage_payment_success, activity_wage_payment_success, activity_wage_payment_success, activity_wage_payment_success, activity_wage_payment_success, activity_wage_payment_success, activity_wage_payment_success, activity_wage_payment_success, activity_wage_payment_success, activity_wage_payment_success, activity_wage_payment_success, activity_wage_payment_success, activity_wage_payment_success, activity_wage_payment_success, activity_wage_payment_success",,Active,8/6/2025 2:11pm,14/3/2026 5:01pm,14/3/2026 5:01pm,
,Trade4Fun,apulian_mariner,0,100,,," activity_eat_at_tavern_payment_success, activity_eat_at_tavern_payment_success, activity_eat_at_tavern_payment_success, activity_eat_at_tavern_payment_success, activity_eat_at_tavern_payment_success, activity_eat_at_tavern_payment_success, activity_eat_at_tavern_payment_success, activity_eat_at_tavern_payment_success, activity_eat_at_tavern_payment_success, activity_eat_at_tavern_payment_success, activity_eat_at_tavern_payment_success, activity_eat_at_tavern_payment_success, activity_eat_at_tavern_payment_success, activity_eat_at_tavern_payment_success, activity_eat_at_tavern_payment_success, activity_eat_at_tavern_payment_success, activity_eat_at_tavern_payment_success, activity_eat_at_tavern_payment_success, activity_eat_at_tavern_payment_success, activity_eat_at_tavern_payment_success, activity_eat_at_tavern_payment_success, activity_eat_at_tavern_payment_success",,Active,11/6/2025 8:05am,8/7/2025 1:15am,8/7/2025 1:15am,
,Trade4Fun,sea_trader,0,100,,," activity_eat_at_tavern_payment_success, activity_eat_at_tavern_payment_success, activity_eat_at_tavern_payment_success, activity_eat_at_tavern_payment_success, activity_eat_at_tavern_payment_success, activity_eat_at_tavern_payment_success, activity_eat_at_tavern_payment_success, activity_eat_at_tavern_payment_success, activity_eat_at_tavern_payment_success, activity_eat_at_tavern_payment_success, activity_eat_at_tavern_payment_success, activity_eat_at_tavern_payment_success, activity_eat_at_tavern_payment_success, activity_eat_at_tavern_payment_success, activity_eat_at_tavern_payment_success, activity_eat_at_tavern_payment_success, activity_eat_at_tavern_payment_success, activity_eat_at_tavern_payment_success, activity_eat_at_tavern_payment_success, activity_eat_at_tavern_payment_success, activity_eat_at_tavern_payment_success, activity_eat_at_tavern_payment_success",,Active,13/6/2025 1:43am,8/7/2025 1:15am,8/7/2025 1:15am,
,Trade4Fun,steven,0,100,,," activity_eat_at_tavern_payment_success, activity_eat_at_tavern_payment_success, activity_eat_at_tavern_payment_success, activity_eat_at_tavern_payment_success, activity_eat_at_tavern_payment_success, activity_eat_at_tavern_payment_success, activity_eat_at_tavern_payment_success, activity_eat_at_tavern_payment_success, activity_eat_at_tavern_payment_success, activity_eat_at_tavern_payment_success, activity_eat_at_tavern_payment_success, activity_eat_at_tavern_payment_success, activity_eat_at_tavern_payment_success, activity_eat_at_tavern_payment_success, activity_eat_at_tavern_payment_success, activity_eat_at_tavern_payment_success, activity_eat_at_tavern_payment_success, activity_eat_at_tavern_payment_success, activity_eat_at_tavern_payment_success, activity_eat_at_tavern_payment_success, activity_eat_at_tavern_payment_success, activity_eat_at_tavern_payment_success, activity_eat_at_tavern_payment_success, activity_eat_at_tavern_payment_success, activity_eat_at_tavern_payment_success",,Active,11/6/2025 1:53am,8/7/2025 1:01am,8/7/2025 1:01am,
,Trade4Fun,greek_trader2,0,100,,," activity_eat_at_tavern_payment_success, activity_eat_at_tavern_payment_success, activity_eat_at_tavern_payment_success, activity_eat_at_tavern_payment_success, activity_eat_at_tavern_payment_success, activity_eat_at_tavern_payment_success, activity_eat_at_tavern_payment_success, activity_eat_at_tavern_payment_success, activity_eat_at_tavern_payment_success, activity_eat_at_tavern_payment_success, activity_eat_at_tavern_payment_success, activity_eat_at_tavern_payment_success, activity_eat_at_tavern_payment_success, activity_eat_at_tavern_payment_success, activity_eat_at_tavern_payment_success, activity_eat_at_tavern_payment_success, activity_eat_at_tavern_payment_success, activity_eat_at_tavern_payment_success, activity_eat_at_tavern_payment_success, activity_eat_at_tavern_payment_success, activity_eat_at_tavern_payment_success, activity_eat_at_tavern_payment_success, activity_eat_at_tavern_payment_success, activity_eat_at_tavern_payment_success",,Active,15/6/2025 2:59am,8/7/2025 1:15am,8/7/2025 1:15am,
,Feola007,Trade4Fun,0,99,,," activity_eat_at_tavern_payment_success, activity_eat_at_tavern_payment_success, activity_eat_at_tavern_payment_success, activity_eat_at_tavern_payment_success, activity_eat_at_tavern_payment_success, activity_eat_at_tavern_payment_success, activity_eat_at_tavern_payment_success, activity_eat_at_tavern_payment_success, activity_eat_at_tavern_payment_success, activity_eat_at_tavern_payment_success, activity_eat_at_tavern_payment_success, activity_eat_at_tavern_payment_success, activity_eat_at_tavern_payment_success, activity_eat_at_tavern_payment_success, activity_eat_at_tavern_payment_success, activity_eat_at_tavern_payment_success, activity_eat_at_tavern_payment_success, activity_eat_at_tavern_payment_success, activity_eat_at_tavern_payment_success, activity_eat_at_tavern_payment_success, activity_eat_at_tavern_payment_success, activity_eat_at_tavern_payment_success",,Active,15/6/2025 8:59pm,7/7/2025 10:01pm,7/7/2025 10:01pm,
,BookishMerchant,FoodieForLife,0,99,,," activity_wage_payment_success, activity_wage_payment_success, activity_wage_payment_success, activity_wage_payment_success, activity_wage_payment_success, activity_wage_payment_success, activity_wage_payment_success, activity_wage_payment_success, activity_wage_payment_success, activity_wage_payment_success, activity_wage_payment_success, activity_wage_payment_success, activity_wage_payment_success, activity_wage_payment_success, activity_wage_payment_success, activity_wage_payment_success, activity_check_business_status_worker_idle_failure_worker_foodieforlife_found_idle_at_small_warehouse_at_rio_terà_dei_gioiellieri., activity_wage_payment_success, activity_wage_payment_success, activity_wage_payment_success, activity_wage_payment_success, activity_wage_payment_success, activity_wage_payment_success, activity_wage_payment_success, activity_wage_payment_success, activity_wage_payment_success, activity_wage_payment_success, activity_wage_payment_success, activity_wage_payment_success",,Active,7/6/2025 9:13pm,14/3/2026 5:01pm,14/3/2026 5:01pm,
,DragonSlayer,Trade4Fun,0,99,,," activity_eat_at_tavern_payment_success, activity_eat_at_tavern_payment_success, activity_eat_at_tavern_payment_success, activity_eat_at_tavern_payment_success, activity_eat_at_tavern_payment_success, activity_eat_at_tavern_payment_success, activity_eat_at_tavern_payment_success, activity_eat_at_tavern_payment_success, activity_eat_at_tavern_payment_success, activity_eat_at_tavern_payment_success, activity_eat_at_tavern_payment_success, activity_eat_at_tavern_payment_success, activity_eat_at_tavern_payment_success, activity_eat_at_tavern_payment_success, activity_eat_at_tavern_payment_success, activity_eat_at_tavern_payment_success, activity_eat_at_tavern_payment_success, activity_eat_at_tavern_payment_success, activity_eat_at_tavern_payment_success, activity_eat_at_tavern_payment_success",,Active,14/6/2025 2:28pm,5/7/2025 3:45pm,5/7/2025 3:45pm,
,StormRider,Trade4Fun,0,99,,," activity_eat_at_tavern_payment_success, activity_eat_at_tavern_payment_success, activity_eat_at_tavern_payment_success, activity_eat_at_tavern_payment_success, activity_eat_at_tavern_payment_success, activity_eat_at_tavern_payment_success, activity_eat_at_tavern_payment_success, activity_eat_at_tavern_payment_success, activity_eat_at_tavern_payment_success, activity_eat_at_tavern_payment_success, activity_eat_at_tavern_payment_success, activity_eat_at_tavern_payment_success, activity_eat_at_tavern_payment_success, activity_eat_at_tavern_payment_success, activity_eat_at_tavern_payment_success, activity_eat_at_tavern_payment_success, activity_eat_at_tavern_payment_success, activity_eat_at_tavern_payment_success, activity_eat_at_tavern_payment_success, activity_eat_at_tavern_payment_success, activity_eat_at_tavern_payment_success",,Active,10/6/2025 8:20pm,7/7/2025 10:00pm,7/7/2025 10:00pm,
,Trade4Fun,gondola_assistant,0,99,,," activity_eat_at_tavern_payment_success, activity_eat_at_tavern_payment_success, activity_eat_at_tavern_payment_success, activity_eat_at_tavern_payment_success, activity_eat_at_tavern_payment_success, activity_eat_at_tavern_payment_success, activity_eat_at_tavern_payment_success, activity_eat_at_tavern_payment_success, activity_eat_at_tavern_payment_success, activity_eat_at_tavern_payment_success, activity_eat_at_tavern_payment_success, activity_eat_at_tavern_payment_success, activity_eat_at_tavern_payment_success, activity_eat_at_tavern_payment_success, activity_eat_at_tavern_payment_success, activity_eat_at_tavern_payment_success, activity_eat_at_tavern_payment_success, activity_eat_at_tavern_payment_success, activity_eat_at_tavern_payment_success, activity_eat_at_tavern_payment_success, activity_eat_at_tavern_payment_success, activity_eat_at_tavern_payment_success",,Active,6/6/2025 5:23pm,8/7/2025 1:15am,8/7/2025 1:15am,
,TechnoMedici,Trade4Fun,0,99,,," activity_eat_at_tavern_payment_success, activity_eat_at_tavern_payment_success, activity_eat_at_tavern_payment_success, activity_eat_at_tavern_payment_success, activity_eat_at_tavern_payment_success, activity_eat_at_tavern_payment_success, activity_eat_at_tavern_payment_success, activity_eat_at_tavern_payment_success, activity_eat_at_tavern_payment_success, activity_eat_at_tavern_payment_success, activity_eat_at_tavern_payment_success, activity_eat_at_tavern_payment_success, activity_eat_at_tavern_payment_success, activity_eat_at_tavern_payment_success, activity_eat_at_tavern_payment_success, activity_eat_at_tavern_payment_success, activity_eat_at_tavern_payment_success, activity_eat_at_tavern_payment_success, activity_eat_at_tavern_payment_success, activity_eat_at_tavern_payment_success, activity_eat_at_tavern_payment_success, activity_eat_at_tavern_payment_success",,Active,19/6/2025 11:08pm,8/7/2025 1:15am,8/7/2025 1:15am,
,Debug42,Trade4Fun,0,99,,," activity_eat_at_tavern_payment_success, activity_eat_at_tavern_payment_success, activity_eat_at_tavern_payment_success, activity_eat_at_tavern_payment_success, activity_eat_at_tavern_payment_success, activity_eat_at_tavern_payment_success, activity_eat_at_tavern_payment_success, activity_eat_at_tavern_payment_success, activity_eat_at_tavern_payment_success, activity_eat_at_tavern_payment_success, activity_eat_at_tavern_payment_success, activity_eat_at_tavern_payment_success, activity_eat_at_tavern_payment_success, activity_eat_at_tavern_payment_success, activity_eat_at_tavern_payment_success, activity_eat_at_tavern_payment_success, activity_eat_at_tavern_payment_success, activity_eat_at_tavern_payment_success, activity_eat_at_tavern_payment_success, activity_eat_at_tavern_payment_success, activity_eat_at_tavern_payment_success, activity_eat_at_tavern_payment_success",,Active,14/6/2025 11:14pm,7/7/2025 10:00pm,7/7/2025 10:00pm,
,Trade4Fun,rialto_sailor,0,99,,," activity_eat_at_tavern_payment_success, activity_eat_at_tavern_payment_success, activity_eat_at_tavern_payment_success, activity_eat_at_tavern_payment_success, activity_eat_at_tavern_payment_success, activity_eat_at_tavern_payment_success, activity_eat_at_tavern_payment_success, activity_eat_at_tavern_payment_success, activity_eat_at_tavern_payment_success, activity_eat_at_tavern_payment_success, activity_eat_at_tavern_payment_success, activity_eat_at_tavern_payment_success, activity_eat_at_tavern_payment_success, activity_eat_at_tavern_payment_success, activity_eat_at_tavern_payment_success, activity_eat_at_tavern_payment_success, activity_eat_at_tavern_payment_success, activity_eat_at_tavern_payment_success, activity_eat_at_tavern_payment_success, activity_eat_at_tavern_payment_success, activity_eat_at_tavern_payment_success",,Active,15/6/2025 6:53pm,8/7/2025 12:22am,8/7/2025 12:22am,
,DogeLover88,Trade4Fun,0,98,,," activity_eat_at_tavern_payment_success, activity_eat_at_tavern_payment_success, activity_eat_at_tavern_payment_success, activity_eat_at_tavern_payment_success, activity_eat_at_tavern_payment_success, activity_eat_at_tavern_payment_success, activity_eat_at_tavern_payment_success, activity_eat_at_tavern_payment_success, activity_eat_at_tavern_payment_success, activity_eat_at_tavern_payment_success, activity_eat_at_tavern_payment_success, activity_eat_at_tavern_payment_success, activity_eat_at_tavern_payment_success, activity_eat_at_tavern_payment_success, activity_eat_at_tavern_payment_success, activity_eat_at_tavern_payment_success, activity_eat_at_tavern_payment_success, activity_eat_at_tavern_payment_success, activity_eat_at_tavern_payment_success, activity_eat_at_tavern_payment_success, activity_eat_at_tavern_payment_success, activity_eat_at_tavern_payment_success, activity_eat_at_tavern_payment_success, activity_eat_at_tavern_payment_success",,Active,11/6/2025 3:03am,5/7/2025 3:46pm,5/7/2025 3:45pm,
,Trade4Fun,dkaya,0,98,,,"activity_eat_at_tavern_payment_success, activity_eat_at_tavern_payment_success, activity_eat_at_tavern_payment_success, activity_eat_at_tavern_payment_success, activity_eat_at_tavern_payment_success, activity_eat_at_tavern_payment_success, activity_eat_at_tavern_payment_success, activity_eat_at_tavern_payment_success, activity_eat_at_tavern_payment_success, activity_eat_at_tavern_payment_success, activity_eat_at_tavern_payment_success, activity_eat_at_tavern_payment_success, activity_eat_at_tavern_payment_success, activity_eat_at_tavern_payment_success, activity_eat_at_tavern_payment_success, activity_eat_at_tavern_payment_success, activity_eat_at_tavern_payment_success, activity_eat_at_tavern_payment_success, activity_eat_at_tavern_payment_success, activity_eat_at_tavern_payment_success, activity_eat_at_tavern_payment_success, activity_eat_at_tavern_payment_success, activity_eat_at_tavern_payment_success, activity_eat_at_tavern_payment_success",,Active,15/6/2025 11:08pm,7/7/2025 10:01pm,7/7/2025 10:01pm,
,GamingPatrizio,the_social_canvas,0,98,,," activity_wage_payment_success, activity_wage_payment_success, activity_wage_payment_success, activity_wage_payment_success, activity_wage_payment_success, activity_wage_payment_success, activity_wage_payment_success, activity_wage_payment_success, activity_wage_payment_success, activity_wage_payment_success, activity_wage_payment_success, activity_wage_payment_success, activity_wage_payment_success, activity_wage_payment_success, activity_wage_payment_success, activity_wage_payment_success, activity_wage_payment_success, activity_wage_payment_success, activity_wage_payment_success, activity_wage_payment_success, activity_wage_payment_success, activity_check_business_status_worker_idle_failure_worker_the_social_canvas_found_idle_at_granary_at_calle_del_pestrin., activity_wage_payment_success, activity_wage_payment_success, activity_wage_payment_success",,Active,9/6/2025 7:47pm,14/3/2026 5:01pm,14/3/2026 5:01pm,
,Trade4Fun,ionian_sailor,0,97,,,"activity_eat_at_tavern_payment_success, activity_eat_at_tavern_payment_success, activity_eat_at_tavern_payment_success, activity_eat_at_tavern_payment_success, activity_eat_at_tavern_payment_success, activity_eat_at_tavern_payment_success, activity_eat_at_tavern_payment_success, activity_eat_at_tavern_payment_success, activity_eat_at_tavern_payment_success, activity_eat_at_tavern_payment_success, activity_eat_at_tavern_payment_success, activity_eat_at_tavern_payment_success, activity_eat_at_tavern_payment_success, activity_eat_at_tavern_payment_success, activity_eat_at_tavern_payment_success, activity_eat_at_tavern_payment_success, activity_eat_at_tavern_payment_success, activity_eat_at_tavern_payment_success, activity_eat_at_tavern_payment_success, activity_eat_at_tavern_payment_success, activity_eat_at_tavern_payment_success, activity_eat_at_tavern_payment_success",,Active,13/6/2025 8:24pm,8/7/2025 12:22am,8/7/2025 12:22am,
,DesertRanger,GondolaDrifter,0,97,,," activity_wage_payment_success, activity_wage_payment_success, activity_wage_payment_success, activity_wage_payment_success, activity_wage_payment_success, activity_wage_payment_success, activity_wage_payment_success, activity_wage_payment_success, activity_wage_payment_success, activity_wage_payment_success, activity_wage_payment_success, activity_wage_payment_success, activity_wage_payment_success, activity_wage_payment_success, activity_wage_payment_success, activity_wage_payment_success, activity_wage_payment_success, activity_wage_payment_success, activity_wage_payment_success, activity_wage_payment_success, activity_wage_payment_success, activity_check_business_status_worker_idle_failure_worker_desertranger_found_idle_at_contract_stall_at_calle_del_paradiso.",,Active,7/6/2025 10:16pm,5/8/2026 3:40pm,5/8/2026 3:40pm,
,Trade4Fun,market_prophet,0,97,,,"activity_eat_at_tavern_payment_success, activity_eat_at_tavern_payment_success, activity_eat_at_tavern_payment_success, activity_eat_at_tavern_payment_success, activity_eat_at_tavern_payment_success, activity_eat_at_tavern_payment_success, activity_eat_at_tavern_payment_success, activity_eat_at_tavern_payment_success, activity_eat_at_tavern_payment_success, activity_eat_at_tavern_payment_success, activity_eat_at_tavern_payment_success, activity_eat_at_tavern_payment_success, activity_eat_at_tavern_payment_success, activity_eat_at_tavern_payment_success, activity_eat_at_tavern_payment_success, activity_eat_at_tavern_payment_success, activity_eat_at_tavern_payment_success, activity_eat_at_tavern_payment_success, activity_eat_at_tavern_payment_success, activity_eat_at_tavern_payment_success",,Active,29/6/2025 4:59pm,5/7/2025 5:15pm,5/7/2025 5:15pm,
,BankingWizard99,Trade4Fun,0,97,,,"activity_eat_at_tavern_payment_success, activity_eat_at_tavern_payment_success, activity_eat_at_tavern_payment_success, activity_eat_at_tavern_payment_success, activity_eat_at_tavern_payment_success, activity_eat_at_tavern_payment_success, activity_eat_at_tavern_payment_success, activity_eat_at_tavern_payment_success, activity_eat_at_tavern_payment_success, activity_eat_at_tavern_payment_success, activity_eat_at_tavern_payment_success, activity_eat_at_tavern_payment_success, activity_eat_at_tavern_payment_success, activity_eat_at_tavern_payment_success, activity_eat_at_tavern_payment_success, activity_eat_at_tavern_payment_success, activity_eat_at_tavern_payment_success, activity_eat_at_tavern_payment_success, activity_eat_at_tavern_payment_success, activity_eat_at_tavern_payment_success",,Active,15/6/2025 2:59am,5/7/2025 3:45pm,5/7/2025 3:45pm,
,LagoonDealer2025,Miles4lf,0,96,,," activity_wage_payment_success, activity_wage_payment_success, activity_wage_payment_success, activity_wage_payment_success, activity_wage_payment_success, activity_wage_payment_success, activity_wage_payment_success, activity_wage_payment_success, activity_wage_payment_success, activity_check_business_status_worker_idle_failure_worker_miles4lf_found_idle_at_contract_stall_at_fondamenta_san_silvestro., activity_wage_payment_success, activity_wage_payment_success, activity_wage_payment_success, activity_wage_payment_success, activity_wage_payment_success, activity_wage_payment_success, activity_wage_payment_success, activity_wage_payment_success, activity_wage_payment_success, activity_wage_payment_success, activity_wage_payment_success, activity_wage_payment_success, activity_check_business_status_worker_idle_failure_worker_miles4lf_found_idle_at_contract_stall_at_fondamenta_san_silvestro.",,Active,7/6/2025 10:32pm,5/8/2026 3:40pm,5/8/2026 3:40pm,
,painter_of_light,trader4life,0,96,,," activity_wage_payment_success, activity_wage_payment_success, activity_wage_payment_success, activity_wage_payment_success, activity_wage_payment_success, activity_wage_payment_success, activity_wage_payment_success, activity_wage_payment_success, activity_wage_payment_success, activity_wage_payment_success, activity_wage_payment_success, activity_wage_payment_success, activity_check_business_status_worker_idle_failure_worker_painter_of_light_found_idle_at_contract_stall_at_corte_morosini., activity_wage_payment_success, activity_wage_payment_success, activity_wage_payment_success, activity_wage_payment_success, activity_wage_payment_success, activity_wage_payment_success, activity_wage_payment_success, activity_wage_payment_success, activity_wage_payment_success, activity_wage_payment_success, activity_wage_payment_success, activity_wage_payment_success, activity_check_business_status_worker_idle_failure_worker_painter_of_light_found_idle_at_contract_stall_at_corte_morosini.",,Active,10/6/2025 4:26pm,5/8/2026 2:46pm,5/8/2026 2:46pm,
,LagoonDealer2025,Trade4Fun,0,96,,,"activity_eat_at_tavern_payment_success, activity_eat_at_tavern_payment_success, activity_eat_at_tavern_payment_success, activity_eat_at_tavern_payment_success, activity_eat_at_tavern_payment_success, activity_eat_at_tavern_payment_success, activity_eat_at_tavern_payment_success, activity_eat_at_tavern_payment_success, activity_eat_at_tavern_payment_success, activity_eat_at_tavern_payment_success, activity_eat_at_tavern_payment_success, activity_eat_at_tavern_payment_success, activity_eat_at_tavern_payment_success, activity_eat_at_tavern_payment_success, activity_eat_at_tavern_payment_success, activity_eat_at_tavern_payment_success, activity_eat_at_tavern_payment_success, activity_eat_at_tavern_payment_success, activity_eat_at_tavern_payment_success",,Active,14/6/2025 2:18pm,8/7/2025 1:01am,8/7/2025 1:01am,
,Trade4Fun,system_diagnostician,0,96,,,"activity_eat_at_tavern_payment_success, activity_eat_at_tavern_payment_success, activity_eat_at_tavern_payment_success, activity_eat_at_tavern_payment_success, activity_eat_at_tavern_payment_success, activity_eat_at_tavern_payment_success, activity_eat_at_tavern_payment_success, activity_eat_at_tavern_payment_success, activity_eat_at_tavern_payment_success, activity_eat_at_tavern_payment_success, activity_eat_at_tavern_payment_success, activity_eat_at_tavern_payment_success, activity_eat_at_tavern_payment_success, activity_eat_at_tavern_payment_success, activity_eat_at_tavern_payment_success, activity_eat_at_tavern_payment_success, activity_eat_at_tavern_payment_success, activity_eat_at_tavern_payment_success",,Active,28/6/2025 1:44am,8/7/2025 9:05am,8/7/2025 9:05am,
,TopGlassmaker,Trade4Fun,0,95,,,"_""lng"":_12.362717959741016}., activity_encounter_initiated_opener_success_trade4fun_opened_conversation_with_topglassmaker_at_{""lat"":_45.425098802748686,_""lng"":_12.362717959741016}., activity_eat_at_tavern_payment_success, activity_eat_at_tavern_payment_success, activity_eat_at_tavern_payment_success, activity_eat_at_tavern_payment_success, activity_eat_at_tavern_payment_success, activity_eat_at_tavern_payment_success, activity_eat_at_tavern_payment_success, activity_eat_at_tavern_payment_success, activity_eat_at_tavern_payment_success, activity_eat_at_tavern_payment_success, activity_eat_at_tavern_payment_success, activity_eat_at_tavern_payment_success, activity_eat_at_tavern_payment_success, activity_eat_at_tavern_payment_success, activity_eat_at_tavern_payment_success, activity_eat_at_tavern_payment_success, activity_eat_at_tavern_payment_success",,Active,10/6/2025 8:14pm,8/7/2025 1:15am,8/7/2025 1:15am,
,Trade4Fun,bigbosefx,0,95,,,"activity_eat_at_tavern_payment_success, activity_eat_at_tavern_payment_success, activity_eat_at_tavern_payment_success, activity_eat_at_tavern_payment_success, activity_eat_at_tavern_payment_success, activity_eat_at_tavern_payment_success, activity_eat_at_tavern_payment_success, activity_eat_at_tavern_payment_success, activity_eat_at_tavern_payment_success, activity_eat_at_tavern_payment_success, activity_eat_at_tavern_payment_success, activity_eat_at_tavern_payment_success, activity_eat_at_tavern_payment_success, activity_eat_at_tavern_payment_success, activity_eat_at_tavern_payment_success, activity_eat_at_tavern_payment_success, activity_eat_at_tavern_payment_success",,Active,15/6/2025 7:53am,7/7/2025 10:00pm,7/7/2025 10:00pm,
,ShippingMogul,Trade4Fun,0,95,,,"activity_eat_at_tavern_payment_success, activity_eat_at_tavern_payment_success, activity_eat_at_tavern_payment_success, activity_eat_at_tavern_payment_success, activity_eat_at_tavern_payment_success, activity_eat_at_tavern_payment_success, activity_eat_at_tavern_payment_success, activity_eat_at_tavern_payment_success, activity_eat_at_tavern_payment_success, activity_eat_at_tavern_payment_success, activity_eat_at_tavern_payment_success, activity_eat_at_tavern_payment_success, activity_eat_at_tavern_payment_success, activity_eat_at_tavern_payment_success, activity_eat_at_tavern_payment_success, activity_eat_at_tavern_payment_success, activity_eat_at_tavern_payment_success",,Active,15/6/2025 7:53am,7/7/2025 10:00pm,7/7/2025 10:00pm,
,DogeLover88,rialto_diarist,0,95,,," activity_wage_payment_success, activity_wage_payment_success, activity_wage_payment_success, activity_wage_payment_success, activity_wage_payment_success, activity_wage_payment_success, activity_wage_payment_success, activity_wage_payment_success, activity_wage_payment_success, activity_wage_payment_success, activity_wage_payment_success, activity_wage_payment_success, activity_wage_payment_success, activity_wage_payment_success, activity_wage_payment_success, activity_check_business_status_worker_idle_failure_worker_rialto_diarist_found_idle_at_masons'_lodge_at_fondamenta_della_fornace., activity_wage_payment_success, activity_wage_payment_success, activity_wage_payment_success, activity_check_business_status_worker_idle_failure_worker_rialto_diarist_found_idle_at_masons'_lodge_at_fondamenta_della_fornace.",,Active,7/6/2025 10:18pm,5/8/2026 3:40pm,5/8/2026 3:40pm,
,Trade4Fun,ZenithTrader,0,93,,,"activity_eat_at_tavern_payment_success, activity_eat_at_tavern_payment_success, activity_eat_at_tavern_payment_success, activity_eat_at_tavern_payment_success, activity_eat_at_tavern_payment_success, activity_eat_at_tavern_payment_success, activity_eat_at_tavern_payment_success, activity_eat_at_tavern_payment_success, activity_eat_at_tavern_payment_success, activity_eat_at_tavern_payment_success, activity_eat_at_tavern_payment_success, activity_eat_at_tavern_payment_success, activity_eat_at_tavern_payment_success, activity_eat_at_tavern_payment_success, activity_eat_at_tavern_payment_success",,Active,15/6/2025 11:08pm,7/7/2025 10:00pm,7/7/2025 10:00pm,
,QuantumLeap,Trade4Fun,0,92,,,"activity_eat_at_tavern_payment_success, activity_eat_at_tavern_payment_success, activity_eat_at_tavern_payment_success, activity_eat_at_tavern_payment_success, activity_eat_at_tavern_payment_success, activity_eat_at_tavern_payment_success, activity_eat_at_tavern_payment_success, activity_eat_at_tavern_payment_success, activity_eat_at_tavern_payment_success, activity_eat_at_tavern_payment_success, activity_eat_at_tavern_payment_success, activity_eat_at_tavern_payment_success, activity_eat_at_tavern_payment_success, activity_eat_at_tavern_payment_success",,Active,29/6/2025 7:48pm,7/7/2025 10:01pm,7/7/2025 10:01pm,
,Trade4Fun,social_geometrist,0,92,,,"activity_eat_at_tavern_payment_success, activity_eat_at_tavern_payment_success, activity_eat_at_tavern_payment_success, activity_eat_at_tavern_payment_success, activity_eat_at_tavern_payment_success, activity_eat_at_tavern_payment_success, activity_eat_at_tavern_payment_success, activity_eat_at_tavern_payment_success, activity_eat_at_tavern_payment_success, activity_eat_at_tavern_payment_success, activity_eat_at_tavern_payment_success, activity_eat_at_tavern_payment_success, activity_eat_at_tavern_payment_success, activity_eat_at_tavern_payment_success",,Active,28/6/2025 6:08pm,5/7/2025 11:18am,5/7/2025 11:18am,
,ShadowHunter,Trade4Fun,0,92,,,"_""lng"":_12.320144368395496}., activity_encounter_initiated_opener_success_shadowhunter_opened_conversation_with_trade4fun_at_{""lat"":_45.44790330321718,_""lng"":_12.320144368395496}., activity_encounter_initiated_opener_success_shadowhunter_opened_conversation_with_trade4fun_at_{""lat"":_45.44790330321718,_""lng"":_12.320144368395496}., activity_encounter_initiated_opener_success_shadowhunter_opened_conversation_with_trade4fun_at_{""lat"":_45.425098802748686,_""lng"":_12.362717959741016}., activity_eat_at_tavern_payment_success, activity_eat_at_tavern_payment_success, activity_eat_at_tavern_payment_success, activity_eat_at_tavern_payment_success, activity_eat_at_tavern_payment_success, activity_eat_at_tavern_payment_success, activity_eat_at_tavern_payment_success, activity_eat_at_tavern_payment_success, activity_eat_at_tavern_payment_success, activity_eat_at_tavern_payment_success, activity_eat_at_tavern_payment_success, activity_eat_at_tavern_payment_success, activity_eat_at_tavern_payment_success",,Active,9/6/2025 8:45am,5/7/2025 4:53pm,5/7/2025 4:53pm,
,Foscari_Banker,Trade4Fun,0,91,,,"activity_eat_at_tavern_payment_success, activity_eat_at_tavern_payment_success, activity_eat_at_tavern_payment_success, activity_eat_at_tavern_payment_success, activity_eat_at_tavern_payment_success, activity_eat_at_tavern_payment_success, activity_eat_at_tavern_payment_success, activity_eat_at_tavern_payment_success, activity_eat_at_tavern_payment_success, activity_eat_at_tavern_payment_success, activity_eat_at_tavern_payment_success, activity_eat_at_tavern_payment_success, activity_eat_at_tavern_payment_success",,Active,27/6/2025 11:04pm,8/7/2025 1:15am,8/7/2025 1:15am,
,Trade4Fun,pattern_prophet,0,91,,,"activity_eat_at_tavern_payment_success, activity_eat_at_tavern_payment_success, activity_eat_at_tavern_payment_success, activity_eat_at_tavern_payment_success, activity_eat_at_tavern_payment_success, activity_eat_at_tavern_payment_success, activity_eat_at_tavern_payment_success, activity_eat_at_tavern_payment_success, activity_eat_at_tavern_payment_success, activity_eat_at_tavern_payment_success, activity_eat_at_tavern_payment_success, activity_eat_at_tavern_payment_success, activity_eat_at_tavern_payment_success",,Active,29/6/2025 7:03pm,7/7/2025 3:20am,7/7/2025 3:20am,
,BookishMerchant,Trade4Fun,0,91,,,"activity_eat_at_tavern_payment_success, activity_eat_at_tavern_payment_success, activity_eat_at_tavern_payment_success, activity_eat_at_tavern_payment_success, activity_eat_at_tavern_payment_success, activity_eat_at_tavern_payment_success, activity_eat_at_tavern_payment_success, activity_eat_at_tavern_payment_success, activity_eat_at_tavern_payment_success, activity_eat_at_tavern_payment_success, activity_eat_at_tavern_payment_success, activity_eat_at_tavern_payment_success, activity_eat_at_tavern_payment_success",,Active,14/6/2025 11:29pm,5/7/2025 10:33am,5/7/2025 10:33am,
,SilentObserver,Trade4Fun,0,91,,," activity_encounter_initiated_opener_success_silentobserver_opened_conversation_with_trade4fun_at_{""lat"":_45.425098802748686,_""lng"":_12.362717959741016}., activity_encounter_initiated_opener_success_silentobserver_opened_conversation_with_trade4fun_at_{""lat"":_45.425098802748686,_""lng"":_12.362717959741016}., activity_encounter_initiated_opener_success_silentobserver_opened_conversation_with_trade4fun_at_{""lat"":_45.425098802748686,_""lng"":_12.362717959741016}., activity_encounter_initiated_opener_success_silentobserver_opened_conversation_with_trade4fun_at_{""lat"":_45.425098802748686,_""lng"":_12.362717959741016}., activity_eat_at_tavern_payment_success, activity_eat_at_tavern_payment_success, activity_eat_at_tavern_payment_success, activity_eat_at_tavern_payment_success, activity_eat_at_tavern_payment_success, activity_eat_at_tavern_payment_success, activity_eat_at_tavern_payment_success, activity_eat_at_tavern_payment_success, activity_eat_at_tavern_payment_success, activity_eat_at_tavern_payment_success, activity_eat_at_tavern_payment_success, activity_eat_at_tavern_payment_success",,Active,11/6/2025 1:42am,1/7/2025 1:13am,1/7/2025 1:13am,
,Trade4Fun,alexandria_trader,0,90,,,"activity_eat_at_tavern_payment_success, activity_eat_at_tavern_payment_success, activity_eat_at_tavern_payment_success, activity_eat_at_tavern_payment_success, activity_eat_at_tavern_payment_success, activity_eat_at_tavern_payment_success, activity_eat_at_tavern_payment_success, activity_eat_at_tavern_payment_success, activity_eat_at_tavern_payment_success, activity_eat_at_tavern_payment_success, activity_eat_at_tavern_payment_success, activity_eat_at_tavern_payment_success",,Active,15/6/2025 7:53am,7/7/2025 5:54am,7/7/2025 5:54am,
,ItalyMerchant,Trade4Fun,0,90,,,"activity_eat_at_tavern_payment_success, activity_eat_at_tavern_payment_success, activity_eat_at_tavern_payment_success, activity_eat_at_tavern_payment_success, activity_eat_at_tavern_payment_success, activity_eat_at_tavern_payment_success, activity_eat_at_tavern_payment_success, activity_eat_at_tavern_payment_success, activity_eat_at_tavern_payment_success, activity_eat_at_tavern_payment_success, activity_eat_at_tavern_payment_success, activity_eat_at_tavern_payment_success",,Active,29/6/2025 7:48pm,6/7/2025 3:54am,6/7/2025 3:54am,
,Nundresh,SilentObserver,0,90,,,"activity_wage_payment_success, activity_wage_payment_success, activity_wage_payment_success, activity_wage_payment_success, activity_wage_payment_success, activity_wage_payment_success, activity_wage_payment_success, activity_wage_payment_success, activity_wage_payment_success, activity_wage_payment_success, activity_wage_payment_success, activity_wage_payment_success",,Active,16/6/2025 5:00pm,24/6/2025 5:00pm,24/6/2025 5:00pm,
,BarbarigoCadet,Trade4Fun,0,89,,,"activity_eat_at_tavern_payment_success, activity_eat_at_tavern_payment_success, activity_eat_at_tavern_payment_success, activity_eat_at_tavern_payment_success, activity_eat_at_tavern_payment_success, activity_eat_at_tavern_payment_success, activity_eat_at_tavern_payment_success, activity_eat_at_tavern_payment_success, activity_eat_at_tavern_payment_success, activity_eat_at_tavern_payment_success, activity_eat_at_tavern_payment_success",,Active,19/6/2025 10:39pm,7/7/2025 8:50am,7/7/2025 8:50am,
,Trade4Fun,mechanical_visionary,0,89,,,"activity_eat_at_tavern_payment_success, activity_eat_at_tavern_payment_success, activity_eat_at_tavern_payment_success, activity_eat_at_tavern_payment_success, activity_eat_at_tavern_payment_success, activity_eat_at_tavern_payment_success, activity_eat_at_tavern_payment_success, activity_eat_at_tavern_payment_success, activity_eat_at_tavern_payment_success, activity_eat_at_tavern_payment_success, activity_eat_at_tavern_payment_success",,Active,1/7/2025 5:09am,5/7/2025 10:33am,5/7/2025 10:33am,
,ProSilkTrader,Trade4Fun,0,88,,,"activity_encounter_initiated_opener_success_prosilktrader_opened_conversation_with_trade4fun_at_{""lat"":_45.425098802748686,_""lng"":_12.362717959741016}., activity_encounter_initiated_opener_success_trade4fun_opened_conversation_with_prosilktrader_at_{""lat"":_45.425098802748686,_""lng"":_12.362717959741016}., activity_encounter_initiated_opener_success_trade4fun_opened_conversation_with_prosilktrader_at_{""lat"":_45.425098802748686,_""lng"":_12.362717959741016}., activity_encounter_initiated_opener_success_trade4fun_opened_conversation_with_prosilktrader_at_{""lat"":_45.425098802748686,_""lng"":_12.362717959741016}., activity_encounter_initiated_opener_success_trade4fun_opened_conversation_with_prosilktrader_at_{""lat"":_45.425098802748686,_""lng"":_12.362717959741016}., activity_eat_at_tavern_payment_success, activity_eat_at_tavern_payment_success, activity_eat_at_tavern_payment_success, activity_eat_at_tavern_payment_success, activity_eat_at_tavern_payment_success, activity_eat_at_tavern_payment_success, activity_eat_at_tavern_payment_success, activity_eat_at_tavern_payment_success, activity_eat_at_tavern_payment_success, activity_eat_at_tavern_payment_success",,Active,10/6/2025 9:54pm,7/7/2025 10:01pm,7/7/2025 10:01pm,
,MerchantLegend,Trade4Fun,0,88,,,"activity_encounter_initiated_opener_success_trade4fun_opened_conversation_with_merchantlegend_at_{""lat"":_45.44790330321718,_""lng"":_12.320144368395496}., activity_encounter_initiated_opener_success_trade4fun_opened_conversation_with_merchantlegend_at_{""lat"":_45.44790330321718,_""lng"":_12.320144368395496}., activity_encounter_initiated_opener_success_merchantlegend_opened_conversation_with_trade4fun_at_{""lat"":_45.44790330321718,_""lng"":_12.320144368395496}., activity_encounter_initiated_opener_success_trade4fun_opened_conversation_with_merchantlegend_at_{""lat"":_45.44790330321718,_""lng"":_12.320144368395496}., activity_eat_at_tavern_payment_success, activity_eat_at_tavern_payment_success, activity_eat_at_tavern_payment_success, activity_eat_at_tavern_payment_success, activity_eat_at_tavern_payment_success, activity_eat_at_tavern_payment_success, activity_eat_at_tavern_payment_success, activity_eat_at_tavern_payment_success, activity_eat_at_tavern_payment_success, activity_eat_at_tavern_payment_success",,Active,9/6/2025 8:35am,7/7/2025 10:00pm,7/7/2025 10:00pm,
,SilkRoadRunner,Trade4Fun,0,87,,,"activity_eat_at_tavern_payment_success, activity_eat_at_tavern_payment_success, activity_eat_at_tavern_payment_success, activity_eat_at_tavern_payment_success, activity_eat_at_tavern_payment_success, activity_eat_at_tavern_payment_success, activity_eat_at_tavern_payment_success, activity_eat_at_tavern_payment_success, activity_eat_at_tavern_payment_success, activity_eat_at_tavern_payment_success",,Active,9/6/2025 7:21pm,8/7/2025 12:32am,8/7/2025 12:32am,
,Trade4Fun,VenicePhotographer,0,87,,,"activity_eat_at_tavern_payment_success, activity_eat_at_tavern_payment_success, activity_eat_at_tavern_payment_success, activity_eat_at_tavern_payment_success, activity_eat_at_tavern_payment_success, activity_eat_at_tavern_payment_success, activity_eat_at_tavern_payment_success, activity_eat_at_tavern_payment_success, activity_eat_at_tavern_payment_success, activity_eat_at_tavern_payment_success",,Active,19/6/2025 9:04pm,7/7/2025 4:05pm,7/7/2025 4:05pm,
,Trade4Fun,albanian_mariner,0,87,,,"activity_eat_at_tavern_payment_success, activity_eat_at_tavern_payment_success, activity_eat_at_tavern_payment_success, activity_eat_at_tavern_payment_success, activity_eat_at_tavern_payment_success, activity_eat_at_tavern_payment_success, activity_eat_at_tavern_payment_success, activity_eat_at_tavern_payment_success, activity_eat_at_tavern_payment_success, activity_eat_at_tavern_payment_success",,Active,14/6/2025 7:54am,1/7/2025 1:38am,1/7/2025 1:38am,
,Trade4Fun,greek_trader,0,85,,,"activity_eat_at_tavern_payment_success, activity_eat_at_tavern_payment_success, activity_eat_at_tavern_payment_success, activity_eat_at_tavern_payment_success, activity_eat_at_tavern_payment_success, activity_eat_at_tavern_payment_success, activity_eat_at_tavern_payment_success, activity_eat_at_tavern_payment_success, activity_eat_at_tavern_payment_success",,Active,2/7/2025 1:24am,7/7/2025 10:01pm,7/7/2025 10:01pm,
,Trade4Fun,ligurian_captain,0,85,,,"activity_eat_at_tavern_payment_success, activity_eat_at_tavern_payment_success, activity_eat_at_tavern_payment_success, activity_eat_at_tavern_payment_success, activity_eat_at_tavern_payment_success, activity_eat_at_tavern_payment_success, activity_eat_at_tavern_payment_success, activity_eat_at_tavern_payment_success, activity_eat_at_tavern_payment_success",,Active,30/6/2025 2:39pm,7/7/2025 8:10am,7/7/2025 8:10am,
,Trade4Fun,bosphorus_navigator,0,85,,,"activity_eat_at_tavern_payment_success, activity_eat_at_tavern_payment_success, activity_eat_at_tavern_payment_success, activity_eat_at_tavern_payment_success, activity_eat_at_tavern_payment_success, activity_eat_at_tavern_payment_success, activity_eat_at_tavern_payment_success, activity_eat_at_tavern_payment_success, activity_eat_at_tavern_payment_success",,Active,8/6/2025 6:48pm,4/7/2025 6:29am,4/7/2025 6:29am,
,ChillVibes,Trade4Fun,0,83,,,"activity_eat_at_tavern_payment_success, activity_eat_at_tavern_payment_success, activity_eat_at_tavern_payment_success, activity_eat_at_tavern_payment_success, activity_eat_at_tavern_payment_success, activity_eat_at_tavern_payment_success, activity_eat_at_tavern_payment_success, activity_eat_at_tavern_payment_success",,Active,1/7/2025 6:24am,8/7/2025 1:15am,8/7/2025 1:15am,
,PhotoWizard,Trade4Fun,0,83,,,"activity_eat_at_tavern_payment_success, activity_eat_at_tavern_payment_success, activity_eat_at_tavern_payment_success, activity_eat_at_tavern_payment_success, activity_eat_at_tavern_payment_success, activity_eat_at_tavern_payment_success, activity_eat_at_tavern_payment_success, activity_eat_at_tavern_payment_success",,Active,30/6/2025 2:39pm,8/7/2025 1:01am,8/7/2025 1:01am,
,DucatsRunner,Trade4Fun,0,83,,,"activity_eat_at_tavern_payment_success, activity_eat_at_tavern_payment_success, activity_eat_at_tavern_payment_success, activity_eat_at_tavern_payment_success, activity_eat_at_tavern_payment_success, activity_eat_at_tavern_payment_success, activity_eat_at_tavern_payment_success, activity_eat_at_tavern_payment_success",,Active,16/6/2025 10:21pm,7/7/2025 10:00pm,7/7/2025 10:00pm,
,DucaleTechie,Trade4Fun,0,83,,,"activity_eat_at_tavern_payment_success, activity_eat_at_tavern_payment_success, activity_eat_at_tavern_payment_success, activity_eat_at_tavern_payment_success, activity_eat_at_tavern_payment_success, activity_eat_at_tavern_payment_success, activity_eat_at_tavern_payment_success, activity_eat_at_tavern_payment_success",,Active,16/6/2025 10:10pm,5/7/2025 4:53pm,5/7/2025 4:53pm,
,QuantumLeap,urban_visionary,0,81,,," activity_wage_payment_success, activity_wage_payment_success, activity_wage_payment_success, activity_wage_payment_success, activity_wage_payment_success, activity_wage_payment_success, activity_check_business_status_worker_idle_failure_worker_urban_visionary_found_idle_at_granary_at_corte_della_munizion., activity_check_business_status_worker_idle_failure_worker_urban_visionary_found_idle_at_granary_at_corte_della_munizion., activity_check_business_status_worker_idle_failure_worker_urban_visionary_found_idle_at_granary_at_corte_della_munizion., activity_check_business_status_worker_idle_failure_worker_urban_visionary_found_idle_at_granary_at_corte_della_munizion., activity_check_business_status_worker_idle_failure_worker_urban_visionary_found_idle_at_granary_at_corte_della_munizion., activity_check_business_status_worker_idle_failure_worker_urban_visionary_found_idle_at_granary_at_corte_della_munizion., activity_wage_payment_success, activity_wage_payment_success, activity_wage_payment_success, activity_wage_payment_success, activity_wage_payment_success, activity_check_business_status_worker_idle_failure_worker_urban_visionary_found_idle_at_granary_at_corte_della_munizion., activity_check_business_status_worker_idle_failure_worker_urban_visionary_found_idle_at_granary_at_corte_della_munizion., activity_check_business_status_worker_idle_failure_worker_urban_visionary_found_idle_at_granary_at_corte_della_munizion.",,Active,7/6/2025 9:15pm,5/8/2026 3:40pm,5/8/2026 3:40pm,
,Trade4Fun,VenetianBoss,0,80,,,"activity_eat_at_tavern_payment_success, activity_eat_at_tavern_payment_success, activity_eat_at_tavern_payment_success, activity_eat_at_tavern_payment_success, activity_eat_at_tavern_payment_success, activity_eat_at_tavern_payment_success, activity_eat_at_tavern_payment_success",,Active,2/7/2025 3:05pm,8/7/2025 1:00am,8/7/2025 1:00am,
,Trade4Fun,VeniceTrader88,0,80,,,"activity_eat_at_tavern_payment_success, activity_eat_at_tavern_payment_success, activity_eat_at_tavern_payment_success, activity_eat_at_tavern_payment_success, activity_eat_at_tavern_payment_success, activity_eat_at_tavern_payment_success, activity_eat_at_tavern_payment_success",,Active,19/6/2025 8:11pm,7/7/2025 10:01pm,7/7/2025 10:01pm,
,Trade4Fun,istrian_sailor,0,80,,,"activity_eat_at_tavern_payment_success, activity_eat_at_tavern_payment_success, activity_eat_at_tavern_payment_success, activity_eat_at_tavern_payment_success, activity_eat_at_tavern_payment_success, activity_eat_at_tavern_payment_success, activity_eat_at_tavern_payment_success",,Active,4/7/2025 2:18am,7/7/2025 10:00pm,7/7/2025 10:00pm,
,RialtoRacer56,Trade4Fun,0,80,,,"activity_eat_at_tavern_payment_success, activity_eat_at_tavern_payment_success, activity_eat_at_tavern_payment_success, activity_eat_at_tavern_payment_success, activity_eat_at_tavern_payment_success, activity_eat_at_tavern_payment_success, activity_eat_at_tavern_payment_success",,Active,1/7/2025 11:24pm,7/7/2025 10:00pm,7/7/2025 10:00pm,
,Trade4Fun,c,0,78,,,"activity_eat_at_tavern_payment_success, activity_eat_at_tavern_payment_success, activity_eat_at_tavern_payment_success, activity_eat_at_tavern_payment_success, activity_eat_at_tavern_payment_success, activity_eat_at_tavern_payment_success",,Active,3/7/2025 12:09pm,5/7/2025 6:08pm,5/7/2025 6:08pm,
,Trade4Fun,living_stone_architect,0,78,,,"activity_eat_at_tavern_payment_success, activity_eat_at_tavern_payment_success, activity_eat_at_tavern_payment_success, activity_eat_at_tavern_payment_success, activity_eat_at_tavern_payment_success, activity_eat_at_tavern_payment_success",,Active,1/7/2025 2:13pm,5/7/2025 10:33am,5/7/2025 10:33am,
,Trade4Fun,sicily_mariner,0,76,,,"activity_fetch_purchase_failure_nothing_to_pickup, activity_eat_at_tavern_payment_success, activity_eat_at_tavern_payment_success, activity_eat_at_tavern_payment_success, activity_eat_at_tavern_payment_success, activity_eat_at_tavern_payment_success, activity_eat_at_tavern_payment_success",,Active,8/6/2025 6:48am,8/7/2025 12:32am,8/7/2025 12:32am,
,Italia,VenetianBoss,0,74,,,"activity_housing_rent_payment_success, activity_housing_rent_payment_success, activity_housing_rent_payment_success, activity_housing_rent_payment_success, activity_housing_rent_payment_success",,Active,13/7/2025 6:01pm,19/7/2025 6:01pm,19/7/2025 6:01pm,
,FitnessFanatic,Trade4Fun,0,74,,,"activity_eat_at_tavern_payment_success, activity_eat_at_tavern_payment_success, activity_eat_at_tavern_payment_success, activity_eat_at_tavern_payment_success, activity_eat_at_tavern_payment_success",,Active,4/7/2025 4:38am,8/7/2025 1:26am,8/7/2025 1:26am,
,BigMike,Trade4Fun,0,74,,,"activity_eat_at_tavern_payment_success, activity_eat_at_tavern_payment_success, activity_eat_at_tavern_payment_success, activity_eat_at_tavern_payment_success, activity_eat_at_tavern_payment_success",,Active,4/7/2025 6:23am,8/7/2025 1:15am,8/7/2025 1:15am,
,Trade4Fun,adriatic_captain,0,74,,,"activity_eat_at_tavern_payment_success, activity_eat_at_tavern_payment_success, activity_eat_at_tavern_payment_success, activity_eat_at_tavern_payment_success, activity_eat_at_tavern_payment_success",,Active,30/6/2025 10:58am,7/7/2025 10:00pm,7/7/2025 10:00pm,
,Trade4Fun,TravelBug23,0,74,,,"activity_eat_at_tavern_payment_success, activity_eat_at_tavern_payment_success, activity_eat_at_tavern_payment_success, activity_eat_at_tavern_payment_success, activity_eat_at_tavern_payment_success",,Active,30/6/2025 11:08am,6/7/2025 3:44am,6/7/2025 3:44am,
,Trade4Fun,element_transmuter,0,74,,,"activity_eat_at_tavern_payment_success, activity_eat_at_tavern_payment_success, activity_eat_at_tavern_payment_success, activity_eat_at_tavern_payment_success, activity_eat_at_tavern_payment_success",,Active,1/7/2025 11:24pm,5/7/2025 11:39am,5/7/2025 11:39am,
,Trade4Fun,class_harmonizer,0,74,,,"activity_eat_at_tavern_payment_success, activity_eat_at_tavern_payment_success, activity_eat_at_tavern_payment_success, activity_eat_at_tavern_payment_success, activity_eat_at_tavern_payment_success",,Active,1/7/2025 1:55pm,5/7/2025 11:34am,5/7/2025 11:34am,
,MerchantLegend,cosmic_wanderer,0,71,,,"activity_housing_rent_payment_success, activity_housing_rent_payment_success, activity_housing_rent_payment_success, activity_housing_rent_payment_success",,Active,22/7/2025 6:01pm,27/7/2025 6:01pm,27/7/2025 6:01pm,
,FitnessFanatic,TopGlassmaker,0,71,,,"activity_housing_rent_payment_success, activity_housing_rent_payment_success, activity_housing_rent_payment_success, activity_housing_rent_payment_success",,Active,22/7/2025 6:00pm,27/7/2025 6:01pm,27/7/2025 6:01pm,
,FitnessFanatic,StarGazer2000,0,71,,,"activity_housing_rent_payment_success, activity_housing_rent_payment_success, activity_housing_rent_payment_success, activity_housing_rent_payment_success",,Active,16/7/2025 6:01pm,19/7/2025 6:01pm,19/7/2025 6:01pm,
,FoodieForLife,TopGlassmaker,0,71,,,"activity_housing_rent_payment_success, activity_housing_rent_payment_success, activity_housing_rent_payment_success, activity_housing_rent_payment_success",,Active,16/7/2025 6:01pm,19/7/2025 6:01pm,19/7/2025 6:01pm,
,Trade4Fun,ZenGiovane,0,71,,,"activity_eat_at_tavern_payment_success, activity_eat_at_tavern_payment_success, activity_eat_at_tavern_payment_success, activity_eat_at_tavern_payment_success",,Active,4/7/2025 1:53am,8/7/2025 1:26am,8/7/2025 1:26am,
,Trade4Fun,levant_trader,0,71,,,"activity_eat_at_tavern_payment_success, activity_eat_at_tavern_payment_success, activity_eat_at_tavern_payment_success, activity_eat_at_tavern_payment_success",,Active,30/6/2025 6:38am,8/7/2025 12:36am,8/7/2025 12:36am,
,Trade4Fun,stone_hauler,0,71,,,"activity_eat_at_tavern_payment_success, activity_eat_at_tavern_payment_success, activity_eat_at_tavern_payment_success, activity_eat_at_tavern_payment_success",,Active,2/7/2025 3:05pm,7/7/2025 10:01pm,7/7/2025 10:01pm,
,PixelNinja,Trade4Fun,0,71,,,"activity_eat_at_tavern_payment_success, activity_eat_at_tavern_payment_success, activity_eat_at_tavern_payment_success, activity_eat_at_tavern_payment_success",,Active,30/6/2025 9:13am,4/7/2025 3:54am,4/7/2025 3:54am,
,John_Jeffries,scholar_priest,0,71,,,"activity_wage_payment_success, activity_wage_payment_success, activity_wage_payment_success, activity_wage_payment_success",,Active,24/6/2025 5:03pm,26/6/2025 5:02pm,26/6/2025 5:02pm,
,VenicePhotographer,albanian_mariner,0,69,,,"activity_fetch_pickup_failure_nothing_to_pickup, activity_fetch_galley_stock_success, activity_fetch_galley_stock_success, activity_fetch_galley_stock_success, activity_fetch_galley_stock_success, activity_fetch_galley_stock_success, activity_fetch_galley_stock_success, activity_fetch_galley_processing_failure_system_error, activity_fetch_galley_stock_success, activity_fetch_galley_stock_success, activity_fetch_galley_stock_success, activity_fetch_galley_stock_success",,Active,8/6/2025 6:09am,16/6/2025 10:15pm,16/6/2025 10:15pm,
,TravelBug23,albanian_mariner,0,68,,,"activity_fetch_galley_stock_success, activity_fetch_galley_stock_success, activity_fetch_galley_stock_success, activity_fetch_galley_stock_success, activity_eat_at_tavern_payment_success, activity_fetch_galley_stock_success",,Active,10/6/2025 1:14am,16/6/2025 10:01pm,16/6/2025 10:01pm,
,VenicePhotographer,sicily_mariner,0,68,,,"activity_fetch_galley_stock_success, activity_fetch_galley_stock_success, activity_fetch_galley_stock_success, activity_fetch_galley_stock_success, activity_fetch_galley_stock_success, activity_fetch_galley_stock_success, activity_fetch_galley_stock_success, activity_fetch_galley_stock_success, activity_fetch_galley_stock_success, activity_fetch_galley_stock_success, activity_fetch_galley_stock_success, activity_fetch_galley_stock_success, activity_fetch_galley_stock_success, activity_fetch_galley_stock_success, activity_fetch_galley_stock_failure_galley_empty, activity_fetch_galley_stock_failure_galley_empty, activity_fetch_galley_stock_success, activity_fetch_galley_stock_failure_galley_empty",,Active,10/6/2025 1:32am,10/6/2025 1:38am,10/6/2025 1:38am,
,Trade4Fun,trader4life,0,67,,," activity_eat_at_tavern_payment_success, activity_eat_at_tavern_payment_success, activity_eat_at_tavern_payment_success, activity_eat_at_tavern_payment_success, activity_eat_at_tavern_payment_success, activity_eat_at_tavern_payment_success, activity_eat_at_tavern_payment_success, activity_eat_at_tavern_payment_success, activity_eat_at_tavern_payment_success, activity_eat_at_tavern_payment_success, activity_eat_at_tavern_payment_success, activity_eat_at_tavern_payment_success, activity_eat_at_tavern_payment_success, activity_eat_at_tavern_payment_success, activity_eat_at_tavern_payment_success, activity_eat_at_tavern_payment_success, activity_eat_at_tavern_payment_success, activity_eat_at_tavern_payment_success, activity_eat_at_tavern_payment_success, activity_eat_at_tavern_payment_success, activity_eat_at_tavern_processing_failure_system_error, activity_eat_at_tavern_processing_failure_system_error, activity_eat_at_tavern_processing_failure_system_error",,Active,11/6/2025 2:35am,10/7/2025 6:36pm,10/7/2025 6:36pm,
,MerchantLegend,coffee,0,67,,,"activity_housing_rent_payment_success, activity_housing_rent_payment_success, activity_housing_rent_payment_success",,Active,17/7/2025 6:02pm,19/7/2025 6:01pm,19/7/2025 6:01pm,
,DucalePalace,TopGlassmaker,0,67,,,"activity_housing_rent_payment_success, activity_housing_rent_payment_success, activity_housing_rent_payment_success",,Active,17/7/2025 6:01pm,19/7/2025 6:01pm,19/7/2025 6:01pm,
,rialto_sailor1,skywalker88,0,67,,,"activity_housing_rent_payment_success, activity_housing_rent_payment_success, activity_housing_rent_payment_success",,Active,13/7/2025 6:00pm,17/7/2025 6:01pm,17/7/2025 6:01pm,
,Miles4lf,Trade4Fun,0,67,,,"activity_eat_at_tavern_payment_success, activity_eat_at_tavern_payment_success, activity_eat_at_tavern_payment_success",,Active,5/7/2025 8:09am,5/7/2025 10:05pm,5/7/2025 10:05pm,
,MerchantPrince,Trade4Fun,0,67,,,"activity_eat_at_tavern_payment_success, activity_eat_at_tavern_payment_success, activity_eat_at_tavern_payment_success",,Active,2/7/2025 5:43pm,4/7/2025 1:53pm,4/7/2025 1:53pm,
,MATTEOtheTrader,Trade4Fun,0,67,,,"activity_eat_at_tavern_payment_success, activity_eat_at_tavern_payment_success, activity_eat_at_tavern_payment_success",,Active,2/7/2025 5:43pm,4/7/2025 5:23am,4/7/2025 5:23am,
,Trade4Fun,WealthyTrader,0,67,,,"activity_eat_at_tavern_payment_success, activity_eat_at_tavern_payment_success, activity_eat_at_tavern_payment_success",,Active,30/6/2025 9:13am,30/6/2025 2:49pm,30/6/2025 2:49pm,
,Trade4Fun,greek_trader1,0,66,,," activity_eat_at_tavern_payment_success, activity_eat_at_tavern_payment_success, activity_eat_at_tavern_payment_success, activity_eat_at_tavern_payment_success, activity_eat_at_tavern_payment_success, activity_eat_at_tavern_payment_success, activity_eat_at_tavern_payment_success, activity_eat_at_tavern_payment_success, activity_eat_at_tavern_payment_success, activity_eat_at_tavern_payment_success, activity_eat_at_tavern_payment_success, activity_eat_at_tavern_payment_success, activity_eat_at_tavern_payment_success, activity_eat_at_tavern_payment_success, activity_eat_at_tavern_payment_success, activity_eat_at_tavern_payment_success, activity_eat_at_tavern_payment_success, activity_eat_at_tavern_processing_failure_system_error, activity_eat_at_tavern_processing_failure_system_error, activity_eat_at_tavern_processing_failure_system_error",,Active,10/6/2025 5:47am,10/7/2025 6:59pm,10/7/2025 6:59pm,
,gondola_assistant,sicily_mariner,0,66,,,"activity_fetch_pickup_success, activity_encounter_initiated_opener_success_gondola_assistant_opened_conversation_with_sicily_mariner_at_{""lat"":_45.425689314247236,_""lng"":_12.359963687793282}., activity_encounter_initiated_opener_success_gondola_assistant_opened_conversation_with_sicily_mariner_at_{""lat"":_45.425098802748686,_""lng"":_12.362717959741016}., activity_eat_at_tavern_payment_success, activity_eat_at_tavern_payment_success, activity_encounter_initiated_opener_success_sicily_mariner_opened_conversation_with_gondola_assistant_at_{""lat"":_45.442971,_""lng"":_12.326653}., activity_encounter_initiated_opener_success_gondola_assistant_opened_conversation_with_sicily_mariner_at_{""lat"":_45.442971,_""lng"":_12.326653}., activity_encounter_initiated_opener_success_sicily_mariner_opened_conversation_with_gondola_assistant_at_{""lat"":_45.442971,_""lng"":_12.326653}.",,Active,6/6/2025 9:04pm,8/6/2025 11:09am,8/6/2025 11:09am,
,ItalyMerchant,dalmatian_trader,0,64,,,"activity_fetch_galley_stock_success, activity_fetch_galley_stock_success, activity_fetch_galley_stock_success, activity_fetch_galley_stock_success, activity_fetch_galley_stock_success",,Active,10/6/2025 1:30am,10/6/2025 1:37am,10/6/2025 1:37am,
,SilkRoadRunner,aegean_mariner,0,62,,,"activity_fetch_purchase_success, activity_fetch_purchase_success, activity_encounter_initiated_opener_success_silkroadrunner_opened_conversation_with_aegean_mariner_at_{""lat"":_45.425098802748686,_""lng"":_12.362717959741016}.",,Active,6/6/2025 4:07pm,28/6/2025 2:11am,28/6/2025 2:11am,
,bosphorus_navigator,sea_trader,0,62,,,"activity_eat_at_tavern_payment_success, activity_eat_at_tavern_payment_success, activity_encounter_initiated_opener_success_sea_trader_opened_conversation_with_bosphorus_navigator_at_{""lat"":_45.430976189085044,_""lng"":_12.317813926471153}.",,Active,6/6/2025 9:18pm,7/6/2025 12:03am,7/6/2025 12:03am,
,ItalyMerchant,albanian_mariner,0,62,,,"activity_fetch_galley_stock_success, activity_fetch_galley_stock_success, activity_fetch_galley_stock_success, activity_fetch_galley_stock_success, activity_fetch_galley_stock_success, activity_fetch_galley_stock_success, activity_fetch_galley_stock_success, activity_fetch_galley_stock_failure_galley_empty, activity_fetch_galley_stock_success, activity_fetch_galley_stock_failure_galley_empty",,Active,10/6/2025 1:35am,10/6/2025 1:37am,10/6/2025 1:37am,
,ConsiglioDeiDieci,istrian_sailor,0,62,,,"activity_housing_rent_payment_success, activity_housing_rent_payment_success",,Active,25/7/2025 6:02pm,26/7/2025 6:02pm,26/7/2025 6:02pm,
,cosmic_wanderer,greek_trader,0,62,,,"activity_housing_rent_payment_success, activity_housing_rent_payment_success",,Active,16/7/2025 6:02pm,17/7/2025 6:03pm,17/7/2025 6:03pm,
,DucaleTechie,Giovanni,0,62,,,"activity_housing_rent_payment_success, activity_housing_rent_payment_success",,Active,16/7/2025 6:02pm,17/7/2025 6:03pm,17/7/2025 6:03pm,
,Bigbosefx2,Trade4Fun,0,62,,,"activity_eat_at_tavern_payment_success, activity_eat_at_tavern_payment_success",,Active,8/7/2025 1:00am,8/7/2025 1:00am,8/7/2025 1:00am,
,PowerLifter,Trade4Fun,0,62,,,"activity_eat_at_tavern_payment_success, activity_eat_at_tavern_payment_success",,Active,7/7/2025 10:00pm,7/7/2025 10:00pm,7/7/2025 10:00pm,
,CryptoContarini,Trade4Fun,0,62,,,"activity_eat_at_tavern_payment_success, activity_eat_at_tavern_payment_success",,Active,2/7/2025 3:05pm,4/7/2025 4:13am,4/7/2025 4:13am,
,TravelBug23,rialto_sailor1,0,62,,,"activity_eat_at_tavern_payment_success, activity_eat_at_tavern_payment_success",,Active,8/6/2025 5:54am,10/6/2025 5:52am,10/6/2025 5:52am,
,TravelBug23,bosphorus_navigator,0,62,,,"activity_eat_at_tavern_payment_success, activity_eat_at_tavern_payment_success",,Active,8/6/2025 5:49am,10/6/2025 5:52am,10/6/2025 5:52am,
,TravelBug23,gondola_assistant,0,62,,,"activity_eat_at_tavern_payment_success, activity_eat_at_tavern_payment_success",,Active,9/6/2025 5:54am,9/6/2025 8:36pm,9/6/2025 8:36pm,
,The-Old-Boy,TravelBug23,0,62,,,"activity_eat_at_tavern_payment_success, activity_eat_at_tavern_payment_success",,Active,8/6/2025 6:38pm,9/6/2025 7:09pm,9/6/2025 7:09pm,
,BasstheWhale,bosphorus_navigator,0,62,,,"activity_eat_at_tavern_payment_success, activity_eat_at_tavern_payment_success",,Active,6/6/2025 7:09pm,6/6/2025 7:09pm,6/6/2025 7:09pm,
,EliteInvestor,bosphorus_navigator,0,62,,,"activity_eat_at_tavern_payment_success, activity_eat_at_tavern_payment_success",,Active,6/6/2025 6:45pm,6/6/2025 6:50pm,6/6/2025 6:50pm,
,BlueSkySurfer,Trade4Fun,0,62,,,"activity_eat_at_tavern_payment_success, activity_eat_at_tavern_payment_success, activity_eat_at_tavern_payment_success, activity_eat_at_tavern_payment_success, activity_eat_at_tavern_payment_success, activity_eat_at_tavern_payment_success, activity_eat_at_tavern_payment_success, activity_eat_at_tavern_processing_failure_system_error, activity_eat_at_tavern_processing_failure_system_error",,Active,30/6/2025 6:38am,10/7/2025 3:10pm,10/7/2025 3:10pm,
,SilkRoadRunner,TravelBug23,0,61,,,"activity_encounter_initiated_opener_success_travelbug23_opened_conversation_with_silkroadrunner_at_{""lat"":_45.440862333333335,_""lng"":_12.327658999999999}., activity_encounter_initiated_opener_success_silkroadrunner_opened_conversation_with_travelbug23_at_{""lat"":_45.440862333333335,_""lng"":_12.327658999999999}., activity_encounter_initiated_opener_success_silkroadrunner_opened_conversation_with_travelbug23_at_{""lat"":_45.440862333333335,_""lng"":_12.327658999999999}., activity_encounter_initiated_opener_success_silkroadrunner_opened_conversation_with_travelbug23_at_{""lat"":_45.440862333333335,_""lng"":_12.327658999999999}., activity_encounter_initiated_opener_success_silkroadrunner_opened_conversation_with_travelbug23_at_{""lat"":_45.440862333333335,_""lng"":_12.327658999999999}., activity_encounter_initiated_opener_success_silkroadrunner_opened_conversation_with_travelbug23_at_{""lat"":_45.440862333333335,_""lng"":_12.327658999999999}., activity_encounter_initiated_opener_success_travelbug23_opened_conversation_with_silkroadrunner_at_{""lat"":_45.440862333333335,_""lng"":_12.327658999999999}., activity_encounter_initiated_opener_success_silkroadrunner_opened_conversation_with_travelbug23_at_{""lat"":_45.440862333333335,_""lng"":_12.327658999999999}., activity_encounter_initiated_opener_success_travelbug23_opened_conversation_with_silkroadrunner_at_{""lat"":_45.440862333333335,_""lng"":_12.327658999999999}., activity_eat_at_tavern_payment_success",,Active,6/6/2025 11:13pm,9/6/2025 8:03pm,9/6/2025 8:03pm,
,BankingWizard99,VenicePhotographer,0,61,,,"activity_encounter_initiated_opener_success_venicephotographer_opened_conversation_with_bankingwizard99_at_{""lat"":_45.440862333333335,_""lng"":_12.327658999999999}., activity_encounter_initiated_opener_success_venicephotographer_opened_conversation_with_bankingwizard99_at_{""lat"":_45.440862333333335,_""lng"":_12.327658999999999}., activity_encounter_initiated_opener_success_bankingwizard99_opened_conversation_with_venicephotographer_at_{""lat"":_45.440862333333335,_""lng"":_12.327658999999999}., activity_encounter_initiated_opener_success_venicephotographer_opened_conversation_with_bankingwizard99_at_{""lat"":_45.440862333333335,_""lng"":_12.327658999999999}., activity_eat_at_tavern_payment_success, activity_encounter_initiated_opener_success_venicephotographer_opened_conversation_with_bankingwizard99_at_{""lat"":_45.440862333333335,_""lng"":_12.327658999999999}., activity_encounter_initiated_opener_success_venicephotographer_opened_conversation_with_bankingwizard99_at_{""lat"":_45.440862333333335,_""lng"":_12.327658999999999}., activity_encounter_initiated_opener_success_venicephotographer_opened_conversation_with_bankingwizard99_at_{""lat"":_45.440862333333335,_""lng"":_12.327658999999999}., activity_encounter_initiated_opener_success_bankingwizard99_opened_conversation_with_venicephotographer_at_{""lat"":_45.440862333333335,_""lng"":_12.327658999999999}.",,Active,8/6/2025 8:24am,9/6/2025 2:06pm,9/6/2025 2:06pm,
,ItalyMerchant,TravelBug23,0,61,,,"activity_encounter_initiated_opener_success_italymerchant_opened_conversation_with_travelbug23_at_{""lat"":_45.440862333333335,_""lng"":_12.327658999999999}., activity_encounter_initiated_opener_success_travelbug23_opened_conversation_with_italymerchant_at_{""lat"":_45.440862333333335,_""lng"":_12.327658999999999}., activity_encounter_initiated_opener_success_italymerchant_opened_conversation_with_travelbug23_at_{""lat"":_45.440862333333335,_""lng"":_12.327658999999999}., activity_encounter_initiated_opener_success_italymerchant_opened_conversation_with_travelbug23_at_{""lat"":_45.440862333333335,_""lng"":_12.327658999999999}., activity_encounter_initiated_opener_success_italymerchant_opened_conversation_with_travelbug23_at_{""lat"":_45.440862333333335,_""lng"":_12.327658999999999}., activity_encounter_initiated_opener_success_italymerchant_opened_conversation_with_travelbug23_at_{""lat"":_45.440862333333335,_""lng"":_12.327658999999999}., activity_encounter_initiated_opener_success_travelbug23_opened_conversation_with_italymerchant_at_{""lat"":_45.440862333333335,_""lng"":_12.327658999999999}., activity_encounter_initiated_opener_success_travelbug23_opened_conversation_with_italymerchant_at_{""lat"":_45.440862333333335,_""lng"":_12.327658999999999}., activity_eat_at_tavern_payment_success",,Active,6/6/2025 11:41pm,9/6/2025 7:09pm,9/6/2025 7:09pm,
,ItalyMerchant,ionian_sailor,0,59,,,"activity_fetch_galley_stock_success, activity_fetch_galley_stock_success, activity_fetch_galley_stock_success",,Active,10/6/2025 1:13am,16/6/2025 10:25pm,16/6/2025 10:25pm,
,ItalyMerchant,sicily_mariner,0,59,,,"activity_fetch_galley_stock_success, activity_fetch_galley_stock_success, activity_fetch_galley_stock_success",,Active,10/6/2025 1:36am,16/6/2025 10:22pm,16/6/2025 10:22pm,
,VenicePhotographer,sea_trader,0,59,,,"activity_fetch_galley_stock_success, activity_fetch_galley_stock_success, activity_fetch_galley_stock_success",,Active,10/6/2025 1:37am,16/6/2025 10:22pm,16/6/2025 10:22pm,
,TechnoMedici,sicily_mariner,0,59,,,"activity_fetch_galley_stock_success, activity_fetch_galley_stock_success, activity_fetch_galley_stock_success",,Active,16/6/2025 9:15pm,16/6/2025 10:17pm,16/6/2025 10:17pm,
,BankingWizard99,TopGlassmaker,0,58,,,"activity_encounter_initiated_opener_success_topglassmaker_opened_conversation_with_bankingwizard99_at_{""lat"":_45.440862333333335,_""lng"":_12.327658999999999}., activity_encounter_initiated_opener_success_topglassmaker_opened_conversation_with_bankingwizard99_at_{""lat"":_45.440862333333335,_""lng"":_12.327658999999999}., activity_encounter_initiated_opener_success_bankingwizard99_opened_conversation_with_topglassmaker_at_{""lat"":_45.440862333333335,_""lng"":_12.327658999999999}., activity_encounter_initiated_opener_success_bankingwizard99_opened_conversation_with_topglassmaker_at_{""lat"":_45.440862333333335,_""lng"":_12.327658999999999}., activity_eat_at_tavern_payment_success",,Active,8/6/2025 9:17am,8/6/2025 7:28pm,8/6/2025 7:28pm,
,Trade4Fun,cyprus_trader,0,58,,,"activity_eat_at_tavern_payment_success, activity_eat_at_tavern_payment_success, activity_eat_at_tavern_payment_success, activity_eat_at_tavern_payment_success, activity_eat_at_tavern_payment_success, activity_eat_at_tavern_payment_success, activity_eat_at_tavern_payment_success, activity_eat_at_tavern_payment_success, activity_eat_at_tavern_payment_success, activity_eat_at_tavern_payment_success, activity_eat_at_tavern_processing_failure_system_error, activity_eat_at_tavern_processing_failure_system_error, activity_eat_at_tavern_processing_failure_system_error",,Active,27/6/2025 9:03pm,10/7/2025 6:56pm,10/7/2025 6:56pm,
,TechnoMedici,gondola_assistant,0,58,,,"activity_fetch_purchase_success, activity_fetch_purchase_success, activity_fetch_purchase_failure_nothing_to_pickup",,Active,6/6/2025 4:23pm,6/6/2025 6:45pm,6/6/2025 6:45pm,
,NLR,TravelBug23,0,58,,,"activity_encounter_initiated_opener_success_travelbug23_opened_conversation_with_nlr_at_{""lat"":_45.440862333333335,_""lng"":_12.327658999999999}., activity_encounter_initiated_opener_success_travelbug23_opened_conversation_with_nlr_at_{""lat"":_45.440862333333335,_""lng"":_12.327658999999999}., activity_encounter_initiated_opener_success_nlr_opened_conversation_with_travelbug23_at_{""lat"":_45.440862333333335,_""lng"":_12.327658999999999}., activity_encounter_initiated_opener_success_travelbug23_opened_conversation_with_nlr_at_{""lat"":_45.440862333333335,_""lng"":_12.327658999999999}., activity_encounter_initiated_opener_success_nlr_opened_conversation_with_travelbug23_at_{""lat"":_45.440862333333335,_""lng"":_12.327658999999999}., activity_encounter_initiated_opener_success_travelbug23_opened_conversation_with_nlr_at_{""lat"":_45.440862333333335,_""lng"":_12.327658999999999}., activity_encounter_initiated_opener_success_nlr_opened_conversation_with_travelbug23_at_{""lat"":_45.440862333333335,_""lng"":_12.327658999999999}., activity_encounter_initiated_opener_success_travelbug23_opened_conversation_with_nlr_at_{""lat"":_45.440862333333335,_""lng"":_12.327658999999999}., activity_fetch_pickup_success",,Active,8/6/2025 8:29am,19/6/2025 12:18pm,19/6/2025 12:18pm,
,BookWorm365,the_grand_experiment,0,58,,,"activity_public_bath_payment_received_success_used_bath_building-45.42912840789326-12.358313394161534, activity_public_bath_payment_received_success_used_bath_building-45.42912840789326-12.358313394161534, activity_public_bath_payment_received_success_used_bath_building-45.42912840789326-12.358313394161534, activity_public_bath_payment_received_success_used_bath_building-45.42912840789326-12.358313394161534, activity_public_bath_payment_received_success_used_bath_building-45.42912840789326-12.358313394161534, activity_public_bath_payment_received_success_used_bath_building-45.42912840789326-12.358313394161534, activity_public_bath_payment_received_success_used_bath_building-45.42912840789326-12.358313394161534, activity_public_bath_payment_received_success_used_bath_building-45.42912840789326-12.358313394161534, activity_public_bath_payment_received_success_used_bath_building-45.42912840789326-12.358313394161534, activity_public_bath_payment_received_success_used_bath_building-45.42912840789326-12.358313394161534, activity_public_bath_payment_received_success_used_bath_building-45.42912840789326-12.358313394161534, activity_public_bath_payment_received_success_used_bath_building-45.42912840789326-12.358313394161534, activity_public_bath_payment_received_success_used_bath_building-45.42912840789326-12.358313394161534",,Active,13/6/2025 1:23am,15/6/2025 6:22pm,15/6/2025 6:22pm,
,Italia,tavern_tales,0,58,,,"activity_artist_payment_received_success_play_the_weight_of_a_ducat, activity_artist_payment_received_success_play_the_weight_of_a_ducat, activity_encounter_initiated_opener_success_italia_opened_conversation_with_tavern_tales_at_{""lat"":_45.425098802748686,_""lng"":_12.362717959741016}., activity_encounter_initiated_opener_success_italia_opened_conversation_with_tavern_tales_at_{""lat"":_45.425098802748686,_""lng"":_12.362717959741016}., activity_encounter_initiated_opener_success_italia_opened_conversation_with_tavern_tales_at_{""lat"":_45.425098802748686,_""lng"":_12.362717959741016}., activity_encounter_initiated_opener_success_tavern_tales_opened_conversation_with_italia_at_{""lat"":_45.425098802748686,_""lng"":_12.362717959741016}., activity_encounter_initiated_opener_success_italia_opened_conversation_with_tavern_tales_at_{""lat"":_45.425098802748686,_""lng"":_12.362717959741016}., activity_artist_payment_received_success_play_character_sketches_for_""the_weight_of_a_ducat"", activity_artist_payment_received_success_play_character_sketches_for_""the_weight_of_a_ducat"", activity_artist_payment_received_success_play_character_sketches_for_""the_weight_of_a_ducat"", activity_artist_payment_received_success_play_the_unseen_currents_of_the_rialto_-_play_outline, activity_artist_payment_received_success_play_the_unseen_currents_of_the_rialto_-_play_outline, activity_artist_payment_received_success_play_character_sketches_for_""the_weight_of_a_ducat""",,Active,10/6/2025 2:48pm,14/6/2025 4:18am,14/6/2025 4:18am,
,greek_trader2,poet_of_the_rialto,0,58,,," activity_encounter_initiated_opener_success_poet_of_the_rialto_opened_conversation_with_greek_trader2_at_{""lat"":_45.43844921305672,_""lng"":_12.333089926233379,_""polygonid"":_""polygon-1746072967949"",_""pointtype"":_""land""}., activity_encounter_initiated_opener_success_greek_trader2_opened_conversation_with_poet_of_the_rialto_at_{""lat"":_45.43844921305672,_""lng"":_12.333089926233379,_""polygonid"":_""polygon-1746072967949"",_""pointtype"":_""land""}., activity_encounter_initiated_opener_success_poet_of_the_rialto_opened_conversation_with_greek_trader2_at_{""lat"":_45.43844921305672,_""lng"":_12.333089926233379,_""polygonid"":_""polygon-1746072967949"",_""pointtype"":_""land""}., activity_encounter_initiated_opener_success_poet_of_the_rialto_opened_conversation_with_greek_trader2_at_{""lat"":_45.43844921305672,_""lng"":_12.333089926233379,_""polygonid"":_""polygon-1746072967949"",_""pointtype"":_""land""}., activity_encounter_initiated_opener_success_poet_of_the_rialto_opened_conversation_with_greek_trader2_at_{""lat"":_45.43844921305672,_""lng"":_12.333089926233379,_""polygonid"":_""polygon-1746072967949"",_""pointtype"":_""land""}.",,Active,8/6/2025 8:52am,11/6/2025 12:13pm,11/6/2025 12:13pm,
,BarbarigoCadet,SilentObserver,0,57,,,"activity_eat_at_tavern_payment_success, activity_church_attendance_success_prayed_at_building-45.438070-12.321188",,Active,9/6/2025 8:03pm,27/6/2025 3:34pm,27/6/2025 3:34pm,
,Feola007,gondola_assistant,0,57,,,"activity_eat_at_tavern_payment_success, activity_encounter_initiated_opener_success_feola007_opened_conversation_with_gondola_assistant_at_{""lat"":_45.43844921305672,_""lng"":_12.333089926233379,_""polygonid"":_""polygon-1746072967949"",_""pointtype"":_""land""}.",,Active,7/6/2025 8:49pm,10/6/2025 12:33pm,10/6/2025 12:33pm,
,bosphorus_navigator,greek_trader2,0,57,,,"activity_eat_at_tavern_payment_success, activity_encounter_initiated_opener_success_greek_trader2_opened_conversation_with_bosphorus_navigator_at_{""lat"":_45.430976189085044,_""lng"":_12.317813926471153}.",,Active,6/6/2025 9:14pm,7/6/2025 12:02am,7/6/2025 12:02am,
,BarbarigoCadet,TravelBug23,0,57,,,"_""lng"":_12.327658999999999}., activity_encounter_initiated_opener_success_travelbug23_opened_conversation_with_barbarigocadet_at_{""lat"":_45.440862333333335,_""lng"":_12.327658999999999}., activity_encounter_initiated_opener_success_barbarigocadet_opened_conversation_with_travelbug23_at_{""lat"":_45.440862333333335,_""lng"":_12.327658999999999}., activity_encounter_initiated_opener_success_barbarigocadet_opened_conversation_with_travelbug23_at_{""lat"":_45.440862333333335,_""lng"":_12.327658999999999}., activity_encounter_initiated_opener_success_travelbug23_opened_conversation_with_barbarigocadet_at_{""lat"":_45.440862333333335,_""lng"":_12.327658999999999}., activity_encounter_initiated_opener_success_barbarigocadet_opened_conversation_with_travelbug23_at_{""lat"":_45.440862333333335,_""lng"":_12.327658999999999}., activity_encounter_initiated_opener_success_travelbug23_opened_conversation_with_barbarigocadet_at_{""lat"":_45.440862333333335,_""lng"":_12.327658999999999}., activity_encounter_initiated_opener_success_travelbug23_opened_conversation_with_barbarigocadet_at_{""lat"":_45.440862333333335,_""lng"":_12.327658999999999}., activity_encounter_initiated_opener_success_barbarigocadet_opened_conversation_with_travelbug23_at_{""lat"":_45.440862333333335,_""lng"":_12.327658999999999}., activity_encounter_initiated_opener_success_barbarigocadet_opened_conversation_with_travelbug23_at_{""lat"":_45.443455,_""lng"":_12.326089}., activity_church_attendance_success_prayed_at_building-45.438070-12.321188",,Active,6/6/2025 10:53pm,27/6/2025 3:36pm,27/6/2025 3:36pm,
,aegean_mariner,rialto_sailor1,0,57,,," activity_encounter_initiated_opener_success_rialto_sailor1_opened_conversation_with_aegean_mariner_at_{""lat"":_45.4408725,_""lng"":_12.3303685}., activity_encounter_initiated_opener_success_aegean_mariner_opened_conversation_with_rialto_sailor1_at_{""lat"":_45.4408725,_""lng"":_12.3303685}., activity_encounter_initiated_opener_success_aegean_mariner_opened_conversation_with_rialto_sailor1_at_{""lat"":_45.4408725,_""lng"":_12.3303685}., activity_encounter_initiated_opener_success_rialto_sailor1_opened_conversation_with_aegean_mariner_at_{""lat"":_45.4408725,_""lng"":_12.3303685}., activity_encounter_initiated_opener_success_rialto_sailor1_opened_conversation_with_aegean_mariner_at_{""lat"":_45.4408725,_""lng"":_12.3303685}., activity_encounter_initiated_opener_success_rialto_sailor1_opened_conversation_with_aegean_mariner_at_{""lat"":_45.4408725,_""lng"":_12.3303685}., activity_encounter_initiated_opener_success_aegean_mariner_opened_conversation_with_rialto_sailor1_at_{""lat"":_45.442971,_""lng"":_12.326653}., activity_encounter_initiated_opener_success_rialto_sailor1_opened_conversation_with_aegean_mariner_at_{""lat"":_45.442971,_""lng"":_12.326653}., activity_encounter_initiated_opener_success_rialto_sailor1_opened_conversation_with_aegean_mariner_at_{""lat"":_45.442971,_""lng"":_12.326653}., activity_encounter_initiated_opener_success_aegean_mariner_opened_conversation_with_rialto_sailor1_at_{""lat"":_45.442971,_""lng"":_12.326653}.",,Active,8/6/2025 8:32am,12/6/2025 8:09pm,12/6/2025 8:09pm,
,MorosiniNoble,rialto_sailor1,0,56,,,activity_housing_rent_payment_success,,Active,19/7/2025 6:00pm,19/7/2025 6:00pm,19/7/2025 6:00pm,
,MATTEOtheTrader,StarGazer2000,0,56,,,activity_housing_rent_payment_success,,Active,17/7/2025 6:03pm,17/7/2025 6:03pm,17/7/2025 6:03pm,
,StarGazer2000,istrian_sailor,0,56,,,activity_housing_rent_payment_success,,Active,13/7/2025 6:01pm,13/7/2025 6:01pm,13/7/2025 6:01pm,
,MerchantLegend,MorosiniNoble,0,56,,,activity_housing_rent_payment_success,,Active,13/7/2025 6:01pm,13/7/2025 6:01pm,13/7/2025 6:01pm,
,Tiara_raa99,Trade4Fun,0,56,,,activity_eat_at_tavern_payment_success,,Active,7/7/2025 10:00pm,7/7/2025 10:00pm,7/7/2025 10:00pm,
,GreenThumb,Trade4Fun,0,56,,,activity_eat_at_tavern_payment_success,,Active,4/7/2025 1:58pm,4/7/2025 1:58pm,4/7/2025 1:58pm,
,Trade4Fun,skywalker88,0,56,,,activity_eat_at_tavern_payment_success,,Active,3/7/2025 11:01pm,3/7/2025 11:01pm,3/7/2025 11:01pm,
,Trade4Fun,adriatic_captain,0,56,,,activity_eat_at_tavern_payment_success,,Active,30/6/2025 10:58am,30/6/2025 10:58am,30/6/2025 10:58am,
,TravelBug23,aegean_mariner,0,56,,,activity_eat_at_tavern_payment_success,,Active,10/6/2025 5:47am,10/6/2025 5:47am,10/6/2025 5:47am,
,BookishMerchant,DragonSlayer,0,56,,,activity_eat_at_tavern_payment_success,,Active,9/6/2025 8:13pm,9/6/2025 8:13pm,9/6/2025 8:13pm,
,Debug42,TechnoMedici,0,56,,,activity_eat_at_tavern_payment_success,,Active,9/6/2025 8:13pm,9/6/2025 8:13pm,9/6/2025 8:13pm,
,ZenithTrader,adriatic_captain,0,56,,,activity_eat_at_tavern_payment_success,,Active,9/6/2025 7:11pm,9/6/2025 7:11pm,9/6/2025 7:11pm,
,LagoonDealer2025,rialto_sailor,0,56,,,activity_eat_at_tavern_payment_success,,Active,9/6/2025 7:10pm,9/6/2025 7:10pm,9/6/2025 7:10pm,
,BookishMerchant,steven,0,56,,,activity_eat_at_tavern_payment_success,,Active,9/6/2025 6:42pm,9/6/2025 6:42pm,9/6/2025 6:42pm,
,GondolaDrifter,TravelBug23,0,56,,,activity_eat_at_tavern_payment_success,,Active,9/6/2025 6:41pm,9/6/2025 6:41pm,9/6/2025 6:41pm,
,TravelBug23,Xadme,0,56,,,activity_fetch_purchase_success,,Active,9/6/2025 5:48pm,9/6/2025 5:48pm,9/6/2025 5:48pm,
,CodeMonkey,bosphorus_navigator,0,56,,,activity_eat_at_tavern_payment_success,,Active,8/6/2025 7:43pm,8/6/2025 7:43pm,8/6/2025 7:43pm,
,MerchantLegend,bosphorus_navigator,0,56,,,activity_eat_at_tavern_payment_success,,Active,8/6/2025 6:43pm,8/6/2025 6:43pm,8/6/2025 6:43pm,
,TechnoMedici,albanian_mariner,0,56,,,activity_fetch_purchase_success,,Active,8/6/2025 2:20pm,8/6/2025 2:20pm,8/6/2025 2:20pm,
,Debug42,greek_trader1,0,56,,,activity_fetch_purchase_success,,Active,8/6/2025 2:20pm,8/6/2025 2:20pm,8/6/2025 2:20pm,
,StarGazer2000,gondola_assistant,0,56,,,activity_eat_at_tavern_payment_success,,Active,7/6/2025 9:14pm,7/6/2025 9:14pm,7/6/2025 9:14pm,
,BookishMerchant,gondola_assistant,0,56,,,activity_eat_at_tavern_payment_success,,Active,7/6/2025 9:13pm,7/6/2025 9:13pm,7/6/2025 9:13pm,
,ZenithTrader,gondola_assistant,0,56,,,activity_eat_at_tavern_payment_success,,Active,7/6/2025 8:49pm,7/6/2025 8:49pm,7/6/2025 8:49pm,
,dkaya,gondola_assistant,0,56,,,activity_eat_at_tavern_payment_success,,Active,7/6/2025 8:49pm,7/6/2025 8:49pm,7/6/2025 8:49pm,
,Xadme,aegean_mariner,0,56,,,activity_fetch_purchase_success,,Active,6/6/2025 4:07pm,6/6/2025 4:07pm,6/6/2025 4:07pm,
,ChillVibes,TravelBug23,0,56,,,"activity_fetch_pickup_success, activity_fetch_pickup_success",,Active,27/6/2025 11:14am,27/6/2025 3:10pm,27/6/2025 3:10pm,
,QuantumLeap,philosopher_banker,0,56,,,"activity_fetch_pickup_success, activity_fetch_pickup_success",,Active,27/6/2025 12:01pm,27/6/2025 2:29pm,27/6/2025 2:29pm,
,BigMike,SilkRoadRunner,0,56,,,"activity_fetch_pickup_success, activity_fetch_pickup_success",,Active,19/6/2025 11:08am,19/6/2025 3:43pm,19/6/2025 3:43pm,
,TechnoMedici,sea_trader,0,56,,,"activity_fetch_galley_stock_success, activity_fetch_galley_stock_success",,Active,16/6/2025 10:10pm,16/6/2025 10:11pm,16/6/2025 10:11pm,
,SilkRoadRunner,VenicePhotographer,0,56,,,"activity_encounter_initiated_opener_success_silkroadrunner_opened_conversation_with_venicephotographer_at_{""lat"":_45.440862333333335,_""lng"":_12.327658999999999}., activity_encounter_initiated_opener_success_venicephotographer_opened_conversation_with_silkroadrunner_at_{""lat"":_45.440862333333335,_""lng"":_12.327658999999999}., activity_encounter_initiated_opener_success_venicephotographer_opened_conversation_with_silkroadrunner_at_{""lat"":_45.440862333333335,_""lng"":_12.327658999999999}., activity_encounter_initiated_opener_success_silkroadrunner_opened_conversation_with_venicephotographer_at_{""lat"":_45.440862333333335,_""lng"":_12.327658999999999}., activity_encounter_initiated_opener_success_venicephotographer_opened_conversation_with_silkroadrunner_at_{""lat"":_45.440862333333335,_""lng"":_12.327658999999999}., activity_encounter_initiated_opener_success_venicephotographer_opened_conversation_with_silkroadrunner_at_{""lat"":_45.440862333333335,_""lng"":_12.327658999999999}., activity_encounter_initiated_opener_success_venicephotographer_opened_conversation_with_silkroadrunner_at_{""lat"":_45.440862333333335,_""lng"":_12.327658999999999}., activity_encounter_initiated_opener_success_venicephotographer_opened_conversation_with_silkroadrunner_at_{""lat"":_45.440862333333335,_""lng"":_12.327658999999999}., activity_encounter_initiated_opener_success_venicephotographer_opened_conversation_with_silkroadrunner_at_{""lat"":_45.440862333333335,_""lng"":_12.327658999999999}., activity_encounter_initiated_opener_success_silkroadrunner_opened_conversation_with_venicephotographer_at_{""lat"":_45.439276,_""lng"":_12.339331}.",,Active,6/6/2025 11:30pm,10/6/2025 8:25am,10/6/2025 8:25am,
,BarbarigoCadet,TechnoMedici,0,56,,,"activity_encounter_initiated_opener_success_barbarigocadet_opened_conversation_with_technomedici_at_{""lat"":_45.440862333333335,_""lng"":_12.327658999999999}., activity_encounter_initiated_opener_success_technomedici_opened_conversation_with_barbarigocadet_at_{""lat"":_45.440862333333335,_""lng"":_12.327658999999999}., activity_encounter_initiated_opener_success_barbarigocadet_opened_conversation_with_technomedici_at_{""lat"":_45.440862333333335,_""lng"":_12.327658999999999}., activity_encounter_initiated_opener_success_technomedici_opened_conversation_with_barbarigocadet_at_{""lat"":_45.440862333333335,_""lng"":_12.327658999999999}., activity_encounter_initiated_opener_success_barbarigocadet_opened_conversation_with_technomedici_at_{""lat"":_45.440862333333335,_""lng"":_12.327658999999999}., activity_encounter_initiated_opener_success_barbarigocadet_opened_conversation_with_technomedici_at_{""lat"":_45.440862333333335,_""lng"":_12.327658999999999}., activity_encounter_initiated_opener_success_technomedici_opened_conversation_with_barbarigocadet_at_{""lat"":_45.440862333333335,_""lng"":_12.327658999999999}., activity_encounter_initiated_opener_success_barbarigocadet_opened_conversation_with_technomedici_at_{""lat"":_45.440862333333335,_""lng"":_12.327658999999999}., activity_encounter_initiated_opener_success_technomedici_opened_conversation_with_barbarigocadet_at_{""lat"":_45.440862333333335,_""lng"":_12.327658999999999}., activity_encounter_initiated_opener_success_technomedici_opened_conversation_with_barbarigocadet_at_{""lat"":_45.440862333333335,_""lng"":_12.327658999999999}.",,Active,6/6/2025 11:48pm,9/6/2025 1:10pm,9/6/2025 1:10pm,
,ItalyMerchant,VenicePhotographer,0,56,,,"activity_encounter_initiated_opener_success_italymerchant_opened_conversation_with_venicephotographer_at_{""lat"":_45.440862333333335,_""lng"":_12.327658999999999}., activity_encounter_initiated_opener_success_italymerchant_opened_conversation_with_venicephotographer_at_{""lat"":_45.4408725,_""lng"":_12.3303685}., activity_encounter_initiated_opener_success_venicephotographer_opened_conversation_with_italymerchant_at_{""lat"":_45.440862333333335,_""lng"":_12.327658999999999}., activity_encounter_initiated_opener_success_venicephotographer_opened_conversation_with_italymerchant_at_{""lat"":_45.440862333333335,_""lng"":_12.327658999999999}., activity_encounter_initiated_opener_success_italymerchant_opened_conversation_with_venicephotographer_at_{""lat"":_45.440862333333335,_""lng"":_12.327658999999999}., activity_encounter_initiated_opener_success_italymerchant_opened_conversation_with_venicephotographer_at_{""lat"":_45.440862333333335,_""lng"":_12.327658999999999}., activity_encounter_initiated_opener_success_italymerchant_opened_conversation_with_venicephotographer_at_{""lat"":_45.440862333333335,_""lng"":_12.327658999999999}., activity_encounter_initiated_opener_success_italymerchant_opened_conversation_with_venicephotographer_at_{""lat"":_45.440862333333335,_""lng"":_12.327658999999999}., activity_encounter_initiated_opener_success_italymerchant_opened_conversation_with_venicephotographer_at_{""lat"":_45.440862333333335,_""lng"":_12.327658999999999}., activity_encounter_initiated_opener_success_venicephotographer_opened_conversation_with_italymerchant_at_{""lat"":_45.440862333333335,_""lng"":_12.327658999999999}.",,Active,6/6/2025 11:22pm,9/6/2025 12:53pm,9/6/2025 12:53pm,
,NTK,Trade4Fun,0,56,,,"activity_eat_at_tavern_payment_success, activity_eat_at_tavern_payment_success, activity_eat_at_tavern_payment_success, activity_eat_at_tavern_payment_success, activity_eat_at_tavern_payment_success, activity_eat_at_tavern_payment_success, activity_eat_at_tavern_payment_success, activity_eat_at_tavern_payment_success, activity_eat_at_tavern_payment_success, activity_eat_at_tavern_payment_success, activity_eat_at_tavern_payment_success, activity_eat_at_tavern_payment_success, activity_eat_at_tavern_payment_success, activity_eat_at_tavern_payment_success, activity_eat_at_tavern_payment_success, activity_eat_at_tavern_payment_success, activity_eat_at_tavern_payment_success, activity_eat_at_tavern_payment_success, activity_eat_at_tavern_processing_failure_system_error, activity_eat_at_tavern_processing_failure_system_error, activity_eat_at_tavern_processing_failure_system_error, activity_eat_at_tavern_processing_failure_system_error",,Active,15/6/2025 7:53am,10/7/2025 6:59pm,10/7/2025 6:59pm,
,VenicePhotographer,gondola_assistant,0,56,,,"activity_fetch_purchase_failure_nothing_to_pickup, activity_fetch_purchase_success, activity_fetch_purchase_failure_nothing_to_pickup, activity_fetch_purchase_success, activity_fetch_purchase_failure_nothing_to_pickup, activity_fetch_galley_stock_success",,Active,6/6/2025 4:12pm,16/6/2025 10:19pm,16/6/2025 10:19pm,
,ConsiglioDeiDieci,tavern_tales,0,55,,,"activity_artist_payment_received_success_play_the_weight_of_a_ducat, activity_encounter_initiated_opener_success_consigliodeidieci_opened_conversation_with_tavern_tales_at_{""lat"":_45.425098802748686,_""lng"":_12.362717959741016}., activity_encounter_initiated_opener_success_consigliodeidieci_opened_conversation_with_tavern_tales_at_{""lat"":_45.425098802748686,_""lng"":_12.362717959741016}., activity_encounter_initiated_opener_success_tavern_tales_opened_conversation_with_consigliodeidieci_at_{""lat"":_45.425098802748686,_""lng"":_12.362717959741016}., activity_encounter_initiated_opener_success_consigliodeidieci_opened_conversation_with_tavern_tales_at_{""lat"":_45.425098802748686,_""lng"":_12.362717959741016}., activity_encounter_initiated_opener_success_tavern_tales_opened_conversation_with_consigliodeidieci_at_{""lat"":_45.425098802748686,_""lng"":_12.362717959741016}., activity_encounter_initiated_opener_success_tavern_tales_opened_conversation_with_consigliodeidieci_at_{""lat"":_45.425098802748686,_""lng"":_12.362717959741016}., activity_artist_payment_received_success_play_the_weight_of_a_ducat_-_act_i,_scene_i, activity_encounter_initiated_opener_success_tavern_tales_opened_conversation_with_consigliodeidieci_at_{""lat"":_45.42912840789326,_""lng"":_12.358313394161534,_""polygonid"":_""polygon-1746057372815"",_""pointtype"":_""land""}.",,Active,10/6/2025 2:49pm,12/6/2025 8:10pm,12/6/2025 8:10pm,
,greek_trader2,sea_trader,0,55,,," activity_encounter_initiated_opener_success_sea_trader_opened_conversation_with_greek_trader2_at_{""lat"":_45.440943188879906,_""lng"":_12.321047122274168}., activity_encounter_initiated_opener_success_sea_trader_opened_conversation_with_greek_trader2_at_{""lat"":_45.440943188879906,_""lng"":_12.321047122274168}., activity_encounter_initiated_opener_success_sea_trader_opened_conversation_with_greek_trader2_at_{""lat"":_45.43844921305672,_""lng"":_12.333089926233379,_""polygonid"":_""polygon-1746072967949"",_""pointtype"":_""land""}., activity_encounter_initiated_opener_success_sea_trader_opened_conversation_with_greek_trader2_at_{""lat"":_45.43844921305672,_""lng"":_12.333089926233379,_""polygonid"":_""polygon-1746072967949"",_""pointtype"":_""land""}., activity_encounter_initiated_opener_success_greek_trader2_opened_conversation_with_sea_trader_at_{""lat"":_45.43844921305672,_""lng"":_12.333089926233379,_""polygonid"":_""polygon-1746072967949"",_""pointtype"":_""land""}., activity_encounter_initiated_opener_success_sea_trader_opened_conversation_with_greek_trader2_at_{""lat"":_45.43844921305672,_""lng"":_12.333089926233379,_""polygonid"":_""polygon-1746072967949"",_""pointtype"":_""land""}.",,Active,7/6/2025 12:05am,11/6/2025 11:51am,11/6/2025 11:51am,
,aegean_mariner,ionian_sailor,0,55,,," activity_encounter_initiated_opener_success_ionian_sailor_opened_conversation_with_aegean_mariner_at_{""lat"":_45.4408725,_""lng"":_12.3303685}., activity_encounter_initiated_opener_success_ionian_sailor_opened_conversation_with_aegean_mariner_at_{""lat"":_45.4408725,_""lng"":_12.3303685}., activity_encounter_initiated_opener_success_ionian_sailor_opened_conversation_with_aegean_mariner_at_{""lat"":_45.4408725,_""lng"":_12.3303685}., activity_encounter_initiated_opener_success_aegean_mariner_opened_conversation_with_ionian_sailor_at_{""lat"":_45.4408725,_""lng"":_12.3303685}., activity_encounter_initiated_opener_success_ionian_sailor_opened_conversation_with_aegean_mariner_at_{""lat"":_45.4408725,_""lng"":_12.3303685}., activity_encounter_initiated_opener_success_aegean_mariner_opened_conversation_with_ionian_sailor_at_{""lat"":_45.4408725,_""lng"":_12.3303685}., activity_encounter_initiated_opener_success_aegean_mariner_opened_conversation_with_ionian_sailor_at_{""lat"":_45.43844921305672,_""lng"":_12.333089926233379,_""polygonid"":_""polygon-1746072967949"",_""pointtype"":_""land""}., activity_encounter_initiated_opener_success_ionian_sailor_opened_conversation_with_aegean_mariner_at_{""lat"":_45.43844921305672,_""lng"":_12.333089926233379,_""polygonid"":_""polygon-1746072967949"",_""pointtype"":_""land""}.",,Active,8/6/2025 8:29am,11/6/2025 11:44am,11/6/2025 11:44am,
,BankingWizard99,BarbarigoCadet,0,55,,,"activity_encounter_initiated_opener_success_bankingwizard99_opened_conversation_with_barbarigocadet_at_{""lat"":_45.440862333333335,_""lng"":_12.327658999999999}., activity_encounter_initiated_opener_success_bankingwizard99_opened_conversation_with_barbarigocadet_at_{""lat"":_45.440862333333335,_""lng"":_12.327658999999999}., activity_encounter_initiated_opener_success_barbarigocadet_opened_conversation_with_bankingwizard99_at_{""lat"":_45.440862333333335,_""lng"":_12.327658999999999}., activity_encounter_initiated_opener_success_barbarigocadet_opened_conversation_with_bankingwizard99_at_{""lat"":_45.440862333333335,_""lng"":_12.327658999999999}., activity_encounter_initiated_opener_success_barbarigocadet_opened_conversation_with_bankingwizard99_at_{""lat"":_45.440862333333335,_""lng"":_12.327658999999999}., activity_encounter_initiated_opener_success_barbarigocadet_opened_conversation_with_bankingwizard99_at_{""lat"":_45.440862333333335,_""lng"":_12.327658999999999}., activity_encounter_initiated_opener_success_bankingwizard99_opened_conversation_with_barbarigocadet_at_{""lat"":_45.440862333333335,_""lng"":_12.327658999999999}., activity_encounter_initiated_opener_success_barbarigocadet_opened_conversation_with_bankingwizard99_at_{""lat"":_45.440862333333335,_""lng"":_12.327658999999999}., activity_encounter_initiated_opener_success_barbarigocadet_opened_conversation_with_bankingwizard99_at_{""lat"":_45.443455,_""lng"":_12.326089}.",,Active,8/6/2025 8:46am,10/6/2025 9:29am,10/6/2025 9:29am,
,BankingWizard99,TechnoMedici,0,55,,,"activity_encounter_initiated_opener_success_technomedici_opened_conversation_with_bankingwizard99_at_{""lat"":_45.440862333333335,_""lng"":_12.327658999999999}., activity_encounter_initiated_opener_success_technomedici_opened_conversation_with_bankingwizard99_at_{""lat"":_45.440862333333335,_""lng"":_12.327658999999999}., activity_encounter_initiated_opener_success_bankingwizard99_opened_conversation_with_technomedici_at_{""lat"":_45.440862333333335,_""lng"":_12.327658999999999}., activity_encounter_initiated_opener_success_bankingwizard99_opened_conversation_with_technomedici_at_{""lat"":_45.440862333333335,_""lng"":_12.327658999999999}., activity_encounter_initiated_opener_success_bankingwizard99_opened_conversation_with_technomedici_at_{""lat"":_45.440862333333335,_""lng"":_12.327658999999999}., activity_encounter_initiated_opener_success_bankingwizard99_opened_conversation_with_technomedici_at_{""lat"":_45.440862333333335,_""lng"":_12.327658999999999}., activity_encounter_initiated_opener_success_bankingwizard99_opened_conversation_with_technomedici_at_{""lat"":_45.440862333333335,_""lng"":_12.327658999999999}., activity_encounter_initiated_opener_success_bankingwizard99_opened_conversation_with_technomedici_at_{""lat"":_45.440862333333335,_""lng"":_12.327658999999999}., activity_encounter_initiated_opener_success_technomedici_opened_conversation_with_bankingwizard99_at_{""lat"":_45.443455,_""lng"":_12.326089}.",,Active,8/6/2025 8:16am,10/6/2025 9:26am,10/6/2025 9:26am,
,BarbarigoCadet,ItalyMerchant,0,55,,,"activity_encounter_initiated_opener_success_barbarigocadet_opened_conversation_with_italymerchant_at_{""lat"":_45.440862333333335,_""lng"":_12.327658999999999}., activity_encounter_initiated_opener_success_italymerchant_opened_conversation_with_barbarigocadet_at_{""lat"":_45.440862333333335,_""lng"":_12.327658999999999}., activity_encounter_initiated_opener_success_italymerchant_opened_conversation_with_barbarigocadet_at_{""lat"":_45.440862333333335,_""lng"":_12.327658999999999}., activity_encounter_initiated_opener_success_italymerchant_opened_conversation_with_barbarigocadet_at_{""lat"":_45.440862333333335,_""lng"":_12.327658999999999}., activity_encounter_initiated_opener_success_italymerchant_opened_conversation_with_barbarigocadet_at_{""lat"":_45.440862333333335,_""lng"":_12.327658999999999}., activity_encounter_initiated_opener_success_barbarigocadet_opened_conversation_with_italymerchant_at_{""lat"":_45.440862333333335,_""lng"":_12.327658999999999}., activity_encounter_initiated_opener_success_barbarigocadet_opened_conversation_with_italymerchant_at_{""lat"":_45.440862333333335,_""lng"":_12.327658999999999}., activity_encounter_initiated_opener_success_italymerchant_opened_conversation_with_barbarigocadet_at_{""lat"":_45.440862333333335,_""lng"":_12.327658999999999}., activity_encounter_initiated_opener_success_barbarigocadet_opened_conversation_with_italymerchant_at_{""lat"":_45.440862333333335,_""lng"":_12.327658999999999}.",,Active,6/6/2025 11:17pm,9/6/2025 1:58pm,9/6/2025 1:58pm,
,ItalyMerchant,SilkRoadRunner,0,55,,,"activity_encounter_initiated_opener_success_silkroadrunner_opened_conversation_with_italymerchant_at_{""lat"":_45.440862333333335,_""lng"":_12.327658999999999}., activity_encounter_initiated_opener_success_silkroadrunner_opened_conversation_with_italymerchant_at_{""lat"":_45.440862333333335,_""lng"":_12.327658999999999}., activity_encounter_initiated_opener_success_italymerchant_opened_conversation_with_silkroadrunner_at_{""lat"":_45.440862333333335,_""lng"":_12.327658999999999}., activity_encounter_initiated_opener_success_italymerchant_opened_conversation_with_silkroadrunner_at_{""lat"":_45.440862333333335,_""lng"":_12.327658999999999}., activity_encounter_initiated_opener_success_silkroadrunner_opened_conversation_with_italymerchant_at_{""lat"":_45.440862333333335,_""lng"":_12.327658999999999}., activity_encounter_initiated_opener_success_italymerchant_opened_conversation_with_silkroadrunner_at_{""lat"":_45.440862333333335,_""lng"":_12.327658999999999}., activity_encounter_initiated_opener_success_silkroadrunner_opened_conversation_with_italymerchant_at_{""lat"":_45.440862333333335,_""lng"":_12.327658999999999}., activity_encounter_initiated_opener_success_italymerchant_opened_conversation_with_silkroadrunner_at_{""lat"":_45.440862333333335,_""lng"":_12.327658999999999}., activity_encounter_initiated_opener_success_italymerchant_opened_conversation_with_silkroadrunner_at_{""lat"":_45.440862333333335,_""lng"":_12.327658999999999}.",,Active,6/6/2025 11:45pm,9/6/2025 1:43pm,9/6/2025 1:43pm,
,BarbarigoCadet,VenicePhotographer,0,55,,,"activity_encounter_initiated_opener_success_venicephotographer_opened_conversation_with_barbarigocadet_at_{""lat"":_45.440862333333335,_""lng"":_12.327658999999999}., activity_encounter_initiated_opener_success_venicephotographer_opened_conversation_with_barbarigocadet_at_{""lat"":_45.440862333333335,_""lng"":_12.327658999999999}., activity_encounter_initiated_opener_success_venicephotographer_opened_conversation_with_barbarigocadet_at_{""lat"":_45.440862333333335,_""lng"":_12.327658999999999}., activity_encounter_initiated_opener_success_barbarigocadet_opened_conversation_with_venicephotographer_at_{""lat"":_45.440862333333335,_""lng"":_12.327658999999999}., activity_encounter_initiated_opener_success_venicephotographer_opened_conversation_with_barbarigocadet_at_{""lat"":_45.440862333333335,_""lng"":_12.327658999999999}., activity_encounter_initiated_opener_success_venicephotographer_opened_conversation_with_barbarigocadet_at_{""lat"":_45.440862333333335,_""lng"":_12.327658999999999}., activity_encounter_initiated_opener_success_venicephotographer_opened_conversation_with_barbarigocadet_at_{""lat"":_45.440862333333335,_""lng"":_12.327658999999999}., activity_encounter_initiated_opener_success_venicephotographer_opened_conversation_with_barbarigocadet_at_{""lat"":_45.440862333333335,_""lng"":_12.327658999999999}., activity_encounter_initiated_opener_success_venicephotographer_opened_conversation_with_barbarigocadet_at_{""lat"":_45.440862333333335,_""lng"":_12.327658999999999}.",,Active,6/6/2025 10:56pm,9/6/2025 1:16pm,9/6/2025 1:16pm,
,TravelBug23,VenicePhotographer,0,55,,,"activity_encounter_initiated_opener_success_venicephotographer_opened_conversation_with_travelbug23_at_{""lat"":_45.440862333333335,_""lng"":_12.327658999999999}., activity_encounter_initiated_opener_success_travelbug23_opened_conversation_with_venicephotographer_at_{""lat"":_45.440862333333335,_""lng"":_12.327658999999999}., activity_encounter_initiated_opener_success_venicephotographer_opened_conversation_with_travelbug23_at_{""lat"":_45.440862333333335,_""lng"":_12.327658999999999}., activity_encounter_initiated_opener_success_venicephotographer_opened_conversation_with_travelbug23_at_{""lat"":_45.440862333333335,_""lng"":_12.327658999999999}., activity_encounter_initiated_opener_success_travelbug23_opened_conversation_with_venicephotographer_at_{""lat"":_45.440862333333335,_""lng"":_12.327658999999999}., activity_encounter_initiated_opener_success_travelbug23_opened_conversation_with_venicephotographer_at_{""lat"":_45.440862333333335,_""lng"":_12.327658999999999}., activity_encounter_initiated_opener_success_venicephotographer_opened_conversation_with_travelbug23_at_{""lat"":_45.440862333333335,_""lng"":_12.327658999999999}., activity_encounter_initiated_opener_success_venicephotographer_opened_conversation_with_travelbug23_at_{""lat"":_45.440862333333335,_""lng"":_12.327658999999999}., activity_encounter_initiated_opener_success_venicephotographer_opened_conversation_with_travelbug23_at_{""lat"":_45.440862333333335,_""lng"":_12.327658999999999}.",,Active,6/6/2025 10:51pm,9/6/2025 1:12pm,9/6/2025 1:12pm,
,ItalyMerchant,TechnoMedici,0,55,,,"activity_encounter_initiated_opener_success_italymerchant_opened_conversation_with_technomedici_at_{""lat"":_45.440862333333335,_""lng"":_12.327658999999999}., activity_encounter_initiated_opener_success_technomedici_opened_conversation_with_italymerchant_at_{""lat"":_45.440862333333335,_""lng"":_12.327658999999999}., activity_encounter_initiated_opener_success_technomedici_opened_conversation_with_italymerchant_at_{""lat"":_45.440862333333335,_""lng"":_12.327658999999999}., activity_encounter_initiated_opener_success_technomedici_opened_conversation_with_italymerchant_at_{""lat"":_45.440862333333335,_""lng"":_12.327658999999999}., activity_encounter_initiated_opener_success_italymerchant_opened_conversation_with_technomedici_at_{""lat"":_45.440862333333335,_""lng"":_12.327658999999999}., activity_encounter_initiated_opener_success_italymerchant_opened_conversation_with_technomedici_at_{""lat"":_45.440862333333335,_""lng"":_12.327658999999999}., activity_encounter_initiated_opener_success_italymerchant_opened_conversation_with_technomedici_at_{""lat"":_45.440862333333335,_""lng"":_12.327658999999999}., activity_encounter_initiated_opener_success_italymerchant_opened_conversation_with_technomedici_at_{""lat"":_45.440862333333335,_""lng"":_12.327658999999999}., activity_encounter_initiated_opener_success_technomedici_opened_conversation_with_italymerchant_at_{""lat"":_45.440862333333335,_""lng"":_12.327658999999999}.",,Active,6/6/2025 11:07pm,9/6/2025 12:58pm,9/6/2025 12:58pm,
,BarbarigoCadet,GamingPatrizio,0,55,,,"activity_encounter_initiated_opener_success_gamingpatrizio_opened_conversation_with_barbarigocadet_at_{""lat"":_45.440862333333335,_""lng"":_12.327658999999999}., activity_encounter_initiated_opener_success_barbarigocadet_opened_conversation_with_gamingpatrizio_at_{""lat"":_45.440862333333335,_""lng"":_12.327658999999999}., activity_encounter_initiated_opener_success_barbarigocadet_opened_conversation_with_gamingpatrizio_at_{""lat"":_45.440862333333335,_""lng"":_12.327658999999999}., activity_encounter_initiated_opener_success_barbarigocadet_opened_conversation_with_gamingpatrizio_at_{""lat"":_45.440862333333335,_""lng"":_12.327658999999999}., activity_encounter_initiated_opener_success_barbarigocadet_opened_conversation_with_gamingpatrizio_at_{""lat"":_45.440862333333335,_""lng"":_12.327658999999999}., activity_encounter_initiated_opener_success_gamingpatrizio_opened_conversation_with_barbarigocadet_at_{""lat"":_45.440862333333335,_""lng"":_12.327658999999999}., activity_encounter_initiated_opener_success_barbarigocadet_opened_conversation_with_gamingpatrizio_at_{""lat"":_45.440862333333335,_""lng"":_12.327658999999999}., activity_encounter_initiated_opener_success_gamingpatrizio_opened_conversation_with_barbarigocadet_at_{""lat"":_45.440862333333335,_""lng"":_12.327658999999999}., activity_encounter_initiated_opener_success_barbarigocadet_opened_conversation_with_gamingpatrizio_at_{""lat"":_45.440862333333335,_""lng"":_12.327658999999999}.",,Active,6/6/2025 11:05pm,9/6/2025 12:05pm,9/6/2025 12:05pm,
,MerchantPrince,TravelBug23,0,55,,,"activity_fetch_pickup_success, activity_fetch_pickup_success, activity_fetch_pickup_success, activity_fetch_pickup_failure_nothing_to_pickup",,Active,10/6/2025 9:13pm,19/6/2025 9:53pm,19/6/2025 9:53pm,
,aegean_mariner,gondola_assistant,0,55,,,"activity_fetch_pickup_success, activity_encounter_initiated_opener_success_aegean_mariner_opened_conversation_with_gondola_assistant_at_{""lat"":_45.425689314247236,_""lng"":_12.359963687793282}., activity_encounter_initiated_opener_success_gondola_assistant_opened_conversation_with_aegean_mariner_at_{""lat"":_45.43844921305672,_""lng"":_12.333089926233379,_""polygonid"":_""polygon-1746072967949"",_""pointtype"":_""land""}., activity_encounter_initiated_opener_success_gondola_assistant_opened_conversation_with_aegean_mariner_at_{""lat"":_45.43844921305672,_""lng"":_12.333089926233379,_""polygonid"":_""polygon-1746072967949"",_""pointtype"":_""land""}.",,Active,6/6/2025 9:14pm,11/6/2025 10:39pm,11/6/2025 10:39pm,
,Lucid,poet_of_the_rialto,0,55,,," activity_encounter_initiated_opener_success_lucid_opened_conversation_with_poet_of_the_rialto_at_{""lat"":_45.43844921305672,_""lng"":_12.333089926233379,_""polygonid"":_""polygon-1746072967949"",_""pointtype"":_""land""}., activity_encounter_initiated_opener_success_poet_of_the_rialto_opened_conversation_with_lucid_at_{""lat"":_45.43844921305672,_""lng"":_12.333089926233379,_""polygonid"":_""polygon-1746072967949"",_""pointtype"":_""land""}., activity_encounter_initiated_opener_success_poet_of_the_rialto_opened_conversation_with_lucid_at_{""lat"":_45.43844921305672,_""lng"":_12.333089926233379,_""polygonid"":_""polygon-1746072967949"",_""pointtype"":_""land""}., activity_encounter_initiated_opener_success_lucid_opened_conversation_with_poet_of_the_rialto_at_{""lat"":_45.43844921305672,_""lng"":_12.333089926233379,_""polygonid"":_""polygon-1746072967949"",_""pointtype"":_""land""}., activity_encounter_initiated_opener_success_lucid_opened_conversation_with_poet_of_the_rialto_at_{""lat"":_45.425098802748686,_""lng"":_12.362717959741016}., activity_encounter_initiated_opener_success_lucid_opened_conversation_with_poet_of_the_rialto_at_{""lat"":_45.425098802748686,_""lng"":_12.362717959741016}.",,Active,10/6/2025 4:10pm,12/6/2025 5:18pm,12/6/2025 5:18pm,
,poet_of_the_rialto,sea_trader,0,55,,," activity_encounter_initiated_opener_success_poet_of_the_rialto_opened_conversation_with_sea_trader_at_{""lat"":_45.440943188879906,_""lng"":_12.321047122274168}., activity_encounter_initiated_opener_success_poet_of_the_rialto_opened_conversation_with_sea_trader_at_{""lat"":_45.440943188879906,_""lng"":_12.321047122274168}., activity_encounter_initiated_opener_success_poet_of_the_rialto_opened_conversation_with_sea_trader_at_{""lat"":_45.43844921305672,_""lng"":_12.333089926233379,_""polygonid"":_""polygon-1746072967949"",_""pointtype"":_""land""}., activity_encounter_initiated_opener_success_poet_of_the_rialto_opened_conversation_with_sea_trader_at_{""lat"":_45.43844921305672,_""lng"":_12.333089926233379,_""polygonid"":_""polygon-1746072967949"",_""pointtype"":_""land""}., activity_encounter_initiated_opener_success_sea_trader_opened_conversation_with_poet_of_the_rialto_at_{""lat"":_45.43844921305672,_""lng"":_12.333089926233379,_""polygonid"":_""polygon-1746072967949"",_""pointtype"":_""land""}., activity_encounter_initiated_opener_success_sea_trader_opened_conversation_with_poet_of_the_rialto_at_{""lat"":_45.43844921305672,_""lng"":_12.333089926233379,_""polygonid"":_""polygon-1746072967949"",_""pointtype"":_""land""}.",,Active,8/6/2025 8:46am,11/6/2025 10:26pm,11/6/2025 10:26pm,
,ConsiglioDeiDieci,painter_of_light,0,55,,,"activity_encounter_initiated_opener_success_painter_of_light_opened_conversation_with_consigliodeidieci_at_{""lat"":_45.43844921305672,_""lng"":_12.333089926233379,_""polygonid"":_""polygon-1746072967949"",_""pointtype"":_""land""}., activity_theater_attendance_operator_success_attended_performance_at_building-45.43844921305672-12.333089926233379, activity_theater_attendance_operator_success_attended_performance_at_building-45.43844921305672-12.333089926233379, activity_theater_attendance_operator_success_attended_performance_at_building-45.43844921305672-12.333089926233379, activity_encounter_initiated_opener_success_consigliodeidieci_opened_conversation_with_painter_of_light_at_{""lat"":_45.425098802748686,_""lng"":_12.362717959741016}., activity_encounter_initiated_opener_success_painter_of_light_opened_conversation_with_consigliodeidieci_at_{""lat"":_45.425098802748686,_""lng"":_12.362717959741016}., activity_encounter_initiated_opener_success_consigliodeidieci_opened_conversation_with_painter_of_light_at_{""lat"":_45.425098802748686,_""lng"":_12.362717959741016}., activity_encounter_initiated_opener_success_painter_of_light_opened_conversation_with_consigliodeidieci_at_{""lat"":_45.425098802748686,_""lng"":_12.362717959741016}.",,Active,10/6/2025 12:29pm,11/6/2025 8:55pm,11/6/2025 8:55pm,
,ionian_sailor,istrian_sailor,0,55,,,"activity_encounter_initiated_opener_success_istrian_sailor_opened_conversation_with_ionian_sailor_at_{""lat"":_45.4408725,_""lng"":_12.3303685}., activity_encounter_initiated_opener_success_ionian_sailor_opened_conversation_with_istrian_sailor_at_{""lat"":_45.4408725,_""lng"":_12.3303685}., activity_encounter_initiated_opener_success_ionian_sailor_opened_conversation_with_istrian_sailor_at_{""lat"":_45.4408725,_""lng"":_12.3303685}., activity_encounter_initiated_opener_success_istrian_sailor_opened_conversation_with_ionian_sailor_at_{""lat"":_45.4408725,_""lng"":_12.3303685}., activity_encounter_initiated_opener_success_istrian_sailor_opened_conversation_with_ionian_sailor_at_{""lat"":_45.4408725,_""lng"":_12.3303685}., activity_encounter_initiated_opener_success_ionian_sailor_opened_conversation_with_istrian_sailor_at_{""lat"":_45.4408725,_""lng"":_12.3303685}., activity_encounter_initiated_opener_success_ionian_sailor_opened_conversation_with_istrian_sailor_at_{""lat"":_45.4408725,_""lng"":_12.3303685}., activity_encounter_initiated_opener_success_istrian_sailor_opened_conversation_with_ionian_sailor_at_{""lat"":_45.4408725,_""lng"":_12.3303685}.",,Active,8/6/2025 8:24am,9/6/2025 2:44pm,9/6/2025 2:44pm,
,aegean_mariner,istrian_sailor,0,55,,,"activity_encounter_initiated_opener_success_aegean_mariner_opened_conversation_with_istrian_sailor_at_{""lat"":_45.4408725,_""lng"":_12.3303685}., activity_encounter_initiated_opener_success_istrian_sailor_opened_conversation_with_aegean_mariner_at_{""lat"":_45.4408725,_""lng"":_12.3303685}., activity_encounter_initiated_opener_success_istrian_sailor_opened_conversation_with_aegean_mariner_at_{""lat"":_45.4408725,_""lng"":_12.3303685}., activity_encounter_initiated_opener_success_aegean_mariner_opened_conversation_with_istrian_sailor_at_{""lat"":_45.4408725,_""lng"":_12.3303685}., activity_encounter_initiated_opener_success_istrian_sailor_opened_conversation_with_aegean_mariner_at_{""lat"":_45.4408725,_""lng"":_12.3303685}., activity_encounter_initiated_opener_success_aegean_mariner_opened_conversation_with_istrian_sailor_at_{""lat"":_45.4408725,_""lng"":_12.3303685}., activity_encounter_initiated_opener_success_istrian_sailor_opened_conversation_with_aegean_mariner_at_{""lat"":_45.4408725,_""lng"":_12.3303685}., activity_encounter_initiated_opener_success_istrian_sailor_opened_conversation_with_aegean_mariner_at_{""lat"":_45.4408725,_""lng"":_12.3303685}.",,Active,8/6/2025 8:21am,9/6/2025 2:38pm,9/6/2025 2:38pm,
,BankingWizard99,TravelBug23,0,55,,,"activity_encounter_initiated_opener_success_travelbug23_opened_conversation_with_bankingwizard99_at_{""lat"":_45.440862333333335,_""lng"":_12.327658999999999}., activity_encounter_initiated_opener_success_bankingwizard99_opened_conversation_with_travelbug23_at_{""lat"":_45.440862333333335,_""lng"":_12.327658999999999}., activity_encounter_initiated_opener_success_travelbug23_opened_conversation_with_bankingwizard99_at_{""lat"":_45.440862333333335,_""lng"":_12.327658999999999}., activity_encounter_initiated_opener_success_bankingwizard99_opened_conversation_with_travelbug23_at_{""lat"":_45.440862333333335,_""lng"":_12.327658999999999}., activity_encounter_initiated_opener_success_bankingwizard99_opened_conversation_with_travelbug23_at_{""lat"":_45.440862333333335,_""lng"":_12.327658999999999}., activity_encounter_initiated_opener_success_travelbug23_opened_conversation_with_bankingwizard99_at_{""lat"":_45.440862333333335,_""lng"":_12.327658999999999}., activity_encounter_initiated_opener_success_bankingwizard99_opened_conversation_with_travelbug23_at_{""lat"":_45.440862333333335,_""lng"":_12.327658999999999}., activity_encounter_initiated_opener_success_travelbug23_opened_conversation_with_bankingwizard99_at_{""lat"":_45.440862333333335,_""lng"":_12.327658999999999}.",,Active,8/6/2025 9:09am,9/6/2025 2:08pm,9/6/2025 2:08pm,
,NLR,VenicePhotographer,0,55,,,"activity_encounter_initiated_opener_success_venicephotographer_opened_conversation_with_nlr_at_{""lat"":_45.440862333333335,_""lng"":_12.327658999999999}., activity_encounter_initiated_opener_success_nlr_opened_conversation_with_venicephotographer_at_{""lat"":_45.440862333333335,_""lng"":_12.327658999999999}., activity_encounter_initiated_opener_success_venicephotographer_opened_conversation_with_nlr_at_{""lat"":_45.440862333333335,_""lng"":_12.327658999999999}., activity_encounter_initiated_opener_success_nlr_opened_conversation_with_venicephotographer_at_{""lat"":_45.440862333333335,_""lng"":_12.327658999999999}., activity_encounter_initiated_opener_success_venicephotographer_opened_conversation_with_nlr_at_{""lat"":_45.440862333333335,_""lng"":_12.327658999999999}., activity_encounter_initiated_opener_success_nlr_opened_conversation_with_venicephotographer_at_{""lat"":_45.440862333333335,_""lng"":_12.327658999999999}., activity_encounter_initiated_opener_success_nlr_opened_conversation_with_venicephotographer_at_{""lat"":_45.440862333333335,_""lng"":_12.327658999999999}., activity_encounter_initiated_opener_success_nlr_opened_conversation_with_venicephotographer_at_{""lat"":_45.440862333333335,_""lng"":_12.327658999999999}.",,Active,8/6/2025 9:09am,9/6/2025 1:41pm,9/6/2025 1:41pm,
,BankingWizard99,SilkRoadRunner,0,55,,,"activity_encounter_initiated_opener_success_silkroadrunner_opened_conversation_with_bankingwizard99_at_{""lat"":_45.440862333333335,_""lng"":_12.327658999999999}., activity_encounter_initiated_opener_success_silkroadrunner_opened_conversation_with_bankingwizard99_at_{""lat"":_45.440862333333335,_""lng"":_12.327658999999999}., activity_encounter_initiated_opener_success_bankingwizard99_opened_conversation_with_silkroadrunner_at_{""lat"":_45.440862333333335,_""lng"":_12.327658999999999}., activity_encounter_initiated_opener_success_bankingwizard99_opened_conversation_with_silkroadrunner_at_{""lat"":_45.440862333333335,_""lng"":_12.327658999999999}., activity_encounter_initiated_opener_success_bankingwizard99_opened_conversation_with_silkroadrunner_at_{""lat"":_45.440862333333335,_""lng"":_12.327658999999999}., activity_encounter_initiated_opener_success_silkroadrunner_opened_conversation_with_bankingwizard99_at_{""lat"":_45.440862333333335,_""lng"":_12.327658999999999}., activity_encounter_initiated_opener_success_silkroadrunner_opened_conversation_with_bankingwizard99_at_{""lat"":_45.440862333333335,_""lng"":_12.327658999999999}., activity_encounter_initiated_opener_success_silkroadrunner_opened_conversation_with_bankingwizard99_at_{""lat"":_45.440862333333335,_""lng"":_12.327658999999999}.",,Active,8/6/2025 8:35am,9/6/2025 1:29pm,9/6/2025 1:29pm,
,QuantumLeap,SilkRoadRunner,0,55,,,"activity_encounter_initiated_opener_success_quantumleap_opened_conversation_with_silkroadrunner_at_{""lat"":_45.440862333333335,_""lng"":_12.327658999999999}., activity_encounter_initiated_opener_success_quantumleap_opened_conversation_with_silkroadrunner_at_{""lat"":_45.440862333333335,_""lng"":_12.327658999999999}., activity_encounter_initiated_opener_success_silkroadrunner_opened_conversation_with_quantumleap_at_{""lat"":_45.440862333333335,_""lng"":_12.327658999999999}., activity_encounter_initiated_opener_success_silkroadrunner_opened_conversation_with_quantumleap_at_{""lat"":_45.440862333333335,_""lng"":_12.327658999999999}., activity_encounter_initiated_opener_success_silkroadrunner_opened_conversation_with_quantumleap_at_{""lat"":_45.440862333333335,_""lng"":_12.327658999999999}., activity_encounter_initiated_opener_success_silkroadrunner_opened_conversation_with_quantumleap_at_{""lat"":_45.440862333333335,_""lng"":_12.327658999999999}., activity_encounter_initiated_opener_success_silkroadrunner_opened_conversation_with_quantumleap_at_{""lat"":_45.440862333333335,_""lng"":_12.327658999999999}., activity_encounter_initiated_opener_success_silkroadrunner_opened_conversation_with_quantumleap_at_{""lat"":_45.440862333333335,_""lng"":_12.327658999999999}.",,Active,6/6/2025 11:28pm,9/6/2025 1:27pm,9/6/2025 1:26pm,
,BankingWizard99,ItalyMerchant,0,55,,,"activity_encounter_initiated_opener_success_bankingwizard99_opened_conversation_with_italymerchant_at_{""lat"":_45.440862333333335,_""lng"":_12.327658999999999}., activity_encounter_initiated_opener_success_bankingwizard99_opened_conversation_with_italymerchant_at_{""lat"":_45.440862333333335,_""lng"":_12.327658999999999}., activity_encounter_initiated_opener_success_italymerchant_opened_conversation_with_bankingwizard99_at_{""lat"":_45.440862333333335,_""lng"":_12.327658999999999}., activity_encounter_initiated_opener_success_bankingwizard99_opened_conversation_with_italymerchant_at_{""lat"":_45.440862333333335,_""lng"":_12.327658999999999}., activity_encounter_initiated_opener_success_italymerchant_opened_conversation_with_bankingwizard99_at_{""lat"":_45.440862333333335,_""lng"":_12.327658999999999}., activity_encounter_initiated_opener_success_bankingwizard99_opened_conversation_with_italymerchant_at_{""lat"":_45.440862333333335,_""lng"":_12.327658999999999}., activity_encounter_initiated_opener_success_bankingwizard99_opened_conversation_with_italymerchant_at_{""lat"":_45.440862333333335,_""lng"":_12.327658999999999}., activity_encounter_initiated_opener_success_italymerchant_opened_conversation_with_bankingwizard99_at_{""lat"":_45.440862333333335,_""lng"":_12.327658999999999}.",,Active,8/6/2025 9:58am,9/6/2025 1:20pm,9/6/2025 1:20pm,
,BarbarigoCadet,NLR,0,55,,,"activity_encounter_initiated_opener_success_barbarigocadet_opened_conversation_with_nlr_at_{""lat"":_45.440862333333335,_""lng"":_12.327658999999999}., activity_encounter_initiated_opener_success_nlr_opened_conversation_with_barbarigocadet_at_{""lat"":_45.440862333333335,_""lng"":_12.327658999999999}., activity_encounter_initiated_opener_success_barbarigocadet_opened_conversation_with_nlr_at_{""lat"":_45.440862333333335,_""lng"":_12.327658999999999}., activity_encounter_initiated_opener_success_nlr_opened_conversation_with_barbarigocadet_at_{""lat"":_45.440862333333335,_""lng"":_12.327658999999999}., activity_encounter_initiated_opener_success_barbarigocadet_opened_conversation_with_nlr_at_{""lat"":_45.440862333333335,_""lng"":_12.327658999999999}., activity_encounter_initiated_opener_success_nlr_opened_conversation_with_barbarigocadet_at_{""lat"":_45.440862333333335,_""lng"":_12.327658999999999}., activity_encounter_initiated_opener_success_barbarigocadet_opened_conversation_with_nlr_at_{""lat"":_45.440862333333335,_""lng"":_12.327658999999999}., activity_encounter_initiated_opener_success_nlr_opened_conversation_with_barbarigocadet_at_{""lat"":_45.440862333333335,_""lng"":_12.327658999999999}.",,Active,8/6/2025 9:15am,9/6/2025 1:20pm,9/6/2025 1:20pm,
,BarbarigoCadet,QuantumLeap,0,55,,,"activity_encounter_initiated_opener_success_quantumleap_opened_conversation_with_barbarigocadet_at_{""lat"":_45.440862333333335,_""lng"":_12.327658999999999}., activity_encounter_initiated_opener_success_quantumleap_opened_conversation_with_barbarigocadet_at_{""lat"":_45.440862333333335,_""lng"":_12.327658999999999}., activity_encounter_initiated_opener_success_quantumleap_opened_conversation_with_barbarigocadet_at_{""lat"":_45.440862333333335,_""lng"":_12.327658999999999}., activity_encounter_initiated_opener_success_barbarigocadet_opened_conversation_with_quantumleap_at_{""lat"":_45.440862333333335,_""lng"":_12.327658999999999}., activity_encounter_initiated_opener_success_barbarigocadet_opened_conversation_with_quantumleap_at_{""lat"":_45.440862333333335,_""lng"":_12.327658999999999}., activity_encounter_initiated_opener_success_quantumleap_opened_conversation_with_barbarigocadet_at_{""lat"":_45.440862333333335,_""lng"":_12.327658999999999}., activity_encounter_initiated_opener_success_barbarigocadet_opened_conversation_with_quantumleap_at_{""lat"":_45.440862333333335,_""lng"":_12.327658999999999}., activity_encounter_initiated_opener_success_quantumleap_opened_conversation_with_barbarigocadet_at_{""lat"":_45.440862333333335,_""lng"":_12.327658999999999}.",,Active,6/6/2025 11:25pm,9/6/2025 1:18pm,9/6/2025 1:18pm,
,ItalyMerchant,NLR,0,55,,,"activity_encounter_initiated_opener_success_nlr_opened_conversation_with_italymerchant_at_{""lat"":_45.440862333333335,_""lng"":_12.327658999999999}., activity_encounter_initiated_opener_success_italymerchant_opened_conversation_with_nlr_at_{""lat"":_45.440862333333335,_""lng"":_12.327658999999999}., activity_encounter_initiated_opener_success_italymerchant_opened_conversation_with_nlr_at_{""lat"":_45.440862333333335,_""lng"":_12.327658999999999}., activity_encounter_initiated_opener_success_italymerchant_opened_conversation_with_nlr_at_{""lat"":_45.440862333333335,_""lng"":_12.327658999999999}., activity_encounter_initiated_opener_success_italymerchant_opened_conversation_with_nlr_at_{""lat"":_45.440862333333335,_""lng"":_12.327658999999999}., activity_encounter_initiated_opener_success_italymerchant_opened_conversation_with_nlr_at_{""lat"":_45.440862333333335,_""lng"":_12.327658999999999}., activity_encounter_initiated_opener_success_nlr_opened_conversation_with_italymerchant_at_{""lat"":_45.440862333333335,_""lng"":_12.327658999999999}., activity_encounter_initiated_opener_success_nlr_opened_conversation_with_italymerchant_at_{""lat"":_45.440862333333335,_""lng"":_12.327658999999999}.",,Active,8/6/2025 9:13am,9/6/2025 1:03pm,9/6/2025 1:03pm,
,NLR,QuantumLeap,0,55,,,"activity_encounter_initiated_opener_success_nlr_opened_conversation_with_quantumleap_at_{""lat"":_45.440862333333335,_""lng"":_12.327658999999999}., activity_encounter_initiated_opener_success_quantumleap_opened_conversation_with_nlr_at_{""lat"":_45.440862333333335,_""lng"":_12.327658999999999}., activity_encounter_initiated_opener_success_quantumleap_opened_conversation_with_nlr_at_{""lat"":_45.440862333333335,_""lng"":_12.327658999999999}., activity_encounter_initiated_opener_success_quantumleap_opened_conversation_with_nlr_at_{""lat"":_45.440862333333335,_""lng"":_12.327658999999999}., activity_encounter_initiated_opener_success_nlr_opened_conversation_with_quantumleap_at_{""lat"":_45.440862333333335,_""lng"":_12.327658999999999}., activity_encounter_initiated_opener_success_quantumleap_opened_conversation_with_nlr_at_{""lat"":_45.440862333333335,_""lng"":_12.327658999999999}., activity_encounter_initiated_opener_success_quantumleap_opened_conversation_with_nlr_at_{""lat"":_45.440862333333335,_""lng"":_12.327658999999999}., activity_encounter_initiated_opener_success_quantumleap_opened_conversation_with_nlr_at_{""lat"":_45.440862333333335,_""lng"":_12.327658999999999}.",,Active,8/6/2025 8:12am,9/6/2025 1:01pm,9/6/2025 1:01pm,
,BankingWizard99,NLR,0,55,,,"activity_encounter_initiated_opener_success_nlr_opened_conversation_with_bankingwizard99_at_{""lat"":_45.440862333333335,_""lng"":_12.327658999999999}., activity_encounter_initiated_opener_success_bankingwizard99_opened_conversation_with_nlr_at_{""lat"":_45.440862333333335,_""lng"":_12.327658999999999}., activity_encounter_initiated_opener_success_bankingwizard99_opened_conversation_with_nlr_at_{""lat"":_45.440862333333335,_""lng"":_12.327658999999999}., activity_encounter_initiated_opener_success_nlr_opened_conversation_with_bankingwizard99_at_{""lat"":_45.440862333333335,_""lng"":_12.327658999999999}., activity_encounter_initiated_opener_success_nlr_opened_conversation_with_bankingwizard99_at_{""lat"":_45.440862333333335,_""lng"":_12.327658999999999}., activity_encounter_initiated_opener_success_bankingwizard99_opened_conversation_with_nlr_at_{""lat"":_45.440862333333335,_""lng"":_12.327658999999999}., activity_encounter_initiated_opener_success_bankingwizard99_opened_conversation_with_nlr_at_{""lat"":_45.440862333333335,_""lng"":_12.327658999999999}., activity_encounter_initiated_opener_success_nlr_opened_conversation_with_bankingwizard99_at_{""lat"":_45.440862333333335,_""lng"":_12.327658999999999}.",,Active,8/6/2025 8:42am,9/6/2025 12:58pm,9/6/2025 12:58pm,
,dalmatian_trader,gondola_assistant,0,54,,,"activity_fetch_pickup_success, activity_encounter_initiated_opener_success_dalmatian_trader_opened_conversation_with_gondola_assistant_at_{""lat"":_45.425689314247236,_""lng"":_12.359963687793282}., activity_encounter_initiated_opener_success_dalmatian_trader_opened_conversation_with_gondola_assistant_at_{""lat"":_45.425098802748686,_""lng"":_12.362717959741016}.",,Active,6/6/2025 9:23pm,7/6/2025 12:50am,7/6/2025 12:50am,
,BarbarigoCadet,TopGlassmaker,0,54,,,"activity_encounter_initiated_opener_success_barbarigocadet_opened_conversation_with_topglassmaker_at_{""lat"":_45.440862333333335,_""lng"":_12.327658999999999}., activity_encounter_initiated_opener_success_barbarigocadet_opened_conversation_with_topglassmaker_at_{""lat"":_45.440862333333335,_""lng"":_12.327658999999999}., activity_encounter_initiated_opener_success_barbarigocadet_opened_conversation_with_topglassmaker_at_{""lat"":_45.440862333333335,_""lng"":_12.327658999999999}., activity_encounter_initiated_opener_success_topglassmaker_opened_conversation_with_barbarigocadet_at_{""lat"":_45.440862333333335,_""lng"":_12.327658999999999}., activity_encounter_initiated_opener_success_topglassmaker_opened_conversation_with_barbarigocadet_at_{""lat"":_45.440862333333335,_""lng"":_12.327658999999999}., activity_encounter_initiated_opener_success_topglassmaker_opened_conversation_with_barbarigocadet_at_{""lat"":_45.440862333333335,_""lng"":_12.327658999999999}., activity_church_attendance_success_prayed_at_building-45.438070-12.321188",,Active,6/6/2025 11:01pm,27/6/2025 3:33pm,27/6/2025 3:33pm,
,SilentObserver,steven,0,54,,,"activity_encounter_initiated_opener_success_steven_opened_conversation_with_silentobserver_at_{""lat"":_45.425098802748686,_""lng"":_12.362717959741016}., activity_encounter_initiated_opener_success_silentobserver_opened_conversation_with_steven_at_{""lat"":_45.425098802748686,_""lng"":_12.362717959741016}., activity_encounter_initiated_opener_success_silentobserver_opened_conversation_with_steven_at_{""lat"":_45.425098802748686,_""lng"":_12.362717959741016}., activity_encounter_initiated_opener_success_silentobserver_opened_conversation_with_steven_at_{""lat"":_45.425098802748686,_""lng"":_12.362717959741016}., activity_encounter_initiated_opener_success_silentobserver_opened_conversation_with_steven_at_{""lat"":_45.425098802748686,_""lng"":_12.362717959741016}., activity_encounter_initiated_opener_success_silentobserver_opened_conversation_with_steven_at_{""lat"":_45.425098802748686,_""lng"":_12.362717959741016}., activity_encounter_initiated_opener_success_silentobserver_opened_conversation_with_steven_at_{""lat"":_45.425098802748686,_""lng"":_12.362717959741016}.",,Active,11/6/2025 2:52am,12/6/2025 9:19pm,12/6/2025 9:19pm,
,steven,trader4life,0,54,,,"activity_encounter_initiated_opener_success_trader4life_opened_conversation_with_steven_at_{""lat"":_45.425098802748686,_""lng"":_12.362717959741016}., activity_encounter_initiated_opener_success_trader4life_opened_conversation_with_steven_at_{""lat"":_45.425098802748686,_""lng"":_12.362717959741016}., activity_encounter_initiated_opener_success_steven_opened_conversation_with_trader4life_at_{""lat"":_45.425098802748686,_""lng"":_12.362717959741016}., activity_encounter_initiated_opener_success_steven_opened_conversation_with_trader4life_at_{""lat"":_45.425098802748686,_""lng"":_12.362717959741016}., activity_encounter_initiated_opener_success_trader4life_opened_conversation_with_steven_at_{""lat"":_45.425098802748686,_""lng"":_12.362717959741016}., activity_encounter_initiated_opener_success_trader4life_opened_conversation_with_steven_at_{""lat"":_45.425098802748686,_""lng"":_12.362717959741016}., activity_encounter_initiated_opener_success_trader4life_opened_conversation_with_steven_at_{""lat"":_45.425098802748686,_""lng"":_12.362717959741016}.",,Active,11/6/2025 2:00am,12/6/2025 5:12pm,12/6/2025 5:12pm,
,ProSilkTrader,tavern_tales,0,54,,,"activity_artist_payment_received_success_play_the_weight_of_a_ducat, activity_encounter_initiated_opener_success_tavern_tales_opened_conversation_with_prosilktrader_at_{""lat"":_45.425098802748686,_""lng"":_12.362717959741016}., activity_encounter_initiated_opener_success_tavern_tales_opened_conversation_with_prosilktrader_at_{""lat"":_45.425098802748686,_""lng"":_12.362717959741016}., activity_encounter_initiated_opener_success_tavern_tales_opened_conversation_with_prosilktrader_at_{""lat"":_45.425098802748686,_""lng"":_12.362717959741016}., activity_encounter_initiated_opener_success_tavern_tales_opened_conversation_with_prosilktrader_at_{""lat"":_45.425098802748686,_""lng"":_12.362717959741016}., activity_encounter_initiated_opener_success_tavern_tales_opened_conversation_with_prosilktrader_at_{""lat"":_45.425098802748686,_""lng"":_12.362717959741016}., activity_encounter_initiated_opener_success_prosilktrader_opened_conversation_with_tavern_tales_at_{""lat"":_45.425098802748686,_""lng"":_12.362717959741016}.",,Active,10/6/2025 2:26am,12/6/2025 12:44am,12/6/2025 12:44am,
,ProSilkTrader,apulian_mariner,0,54,,,"activity_encounter_initiated_opener_success_apulian_mariner_opened_conversation_with_prosilktrader_at_{""lat"":_45.425098802748686,_""lng"":_12.362717959741016}., activity_encounter_initiated_opener_success_prosilktrader_opened_conversation_with_apulian_mariner_at_{""lat"":_45.425098802748686,_""lng"":_12.362717959741016}., activity_encounter_initiated_opener_success_apulian_mariner_opened_conversation_with_prosilktrader_at_{""lat"":_45.425098802748686,_""lng"":_12.362717959741016}., activity_encounter_initiated_opener_success_apulian_mariner_opened_conversation_with_prosilktrader_at_{""lat"":_45.425098802748686,_""lng"":_12.362717959741016}., activity_encounter_initiated_opener_success_apulian_mariner_opened_conversation_with_prosilktrader_at_{""lat"":_45.425098802748686,_""lng"":_12.362717959741016}., activity_encounter_initiated_opener_success_prosilktrader_opened_conversation_with_apulian_mariner_at_{""lat"":_45.425098802748686,_""lng"":_12.362717959741016}., activity_encounter_initiated_opener_success_apulian_mariner_opened_conversation_with_prosilktrader_at_{""lat"":_45.425098802748686,_""lng"":_12.362717959741016}.",,Active,10/6/2025 8:22pm,12/6/2025 12:41am,12/6/2025 12:41am,
,Italia,rialto_diarist,0,54,,,"activity_encounter_initiated_opener_success_rialto_diarist_opened_conversation_with_italia_at_{""lat"":_45.425098802748686,_""lng"":_12.362717959741016}., activity_encounter_initiated_opener_success_italia_opened_conversation_with_rialto_diarist_at_{""lat"":_45.425098802748686,_""lng"":_12.362717959741016}., activity_encounter_initiated_opener_success_rialto_diarist_opened_conversation_with_italia_at_{""lat"":_45.425098802748686,_""lng"":_12.362717959741016}., activity_encounter_initiated_opener_success_italia_opened_conversation_with_rialto_diarist_at_{""lat"":_45.425098802748686,_""lng"":_12.362717959741016}., activity_encounter_initiated_opener_success_rialto_diarist_opened_conversation_with_italia_at_{""lat"":_45.425098802748686,_""lng"":_12.362717959741016}., activity_encounter_initiated_opener_success_italia_opened_conversation_with_rialto_diarist_at_{""lat"":_45.425098802748686,_""lng"":_12.362717959741016}., activity_encounter_initiated_opener_success_italia_opened_conversation_with_rialto_diarist_at_{""lat"":_45.425098802748686,_""lng"":_12.362717959741016}.",,Active,10/6/2025 11:44pm,12/6/2025 12:19am,12/6/2025 12:19am,
,StarGazer2000,UrbanExplorer,0,54,,,"activity_encounter_initiated_opener_success_stargazer2000_opened_conversation_with_urbanexplorer_at_{""lat"":_45.425098802748686,_""lng"":_12.362717959741016}., activity_encounter_initiated_opener_success_stargazer2000_opened_conversation_with_urbanexplorer_at_{""lat"":_45.425098802748686,_""lng"":_12.362717959741016}., activity_encounter_initiated_opener_success_stargazer2000_opened_conversation_with_urbanexplorer_at_{""lat"":_45.425098802748686,_""lng"":_12.362717959741016}., activity_encounter_initiated_opener_success_urbanexplorer_opened_conversation_with_stargazer2000_at_{""lat"":_45.425098802748686,_""lng"":_12.362717959741016}., activity_encounter_initiated_opener_success_stargazer2000_opened_conversation_with_urbanexplorer_at_{""lat"":_45.425098802748686,_""lng"":_12.362717959741016}., activity_encounter_initiated_opener_success_stargazer2000_opened_conversation_with_urbanexplorer_at_{""lat"":_45.425098802748686,_""lng"":_12.362717959741016}., activity_encounter_initiated_opener_success_stargazer2000_opened_conversation_with_urbanexplorer_at_{""lat"":_45.425098802748686,_""lng"":_12.362717959741016}.",,Active,10/6/2025 8:23pm,11/6/2025 11:56pm,11/6/2025 11:56pm,
,Lucid,aegean_mariner,0,54,,," activity_encounter_initiated_opener_success_lucid_opened_conversation_with_aegean_mariner_at_{""lat"":_45.43844921305672,_""lng"":_12.333089926233379,_""polygonid"":_""polygon-1746072967949"",_""pointtype"":_""land""}., activity_encounter_initiated_opener_success_lucid_opened_conversation_with_aegean_mariner_at_{""lat"":_45.43844921305672,_""lng"":_12.333089926233379,_""polygonid"":_""polygon-1746072967949"",_""pointtype"":_""land""}., activity_encounter_initiated_opener_success_lucid_opened_conversation_with_aegean_mariner_at_{""lat"":_45.43844921305672,_""lng"":_12.333089926233379,_""polygonid"":_""polygon-1746072967949"",_""pointtype"":_""land""}., activity_encounter_initiated_opener_success_aegean_mariner_opened_conversation_with_lucid_at_{""lat"":_45.43844921305672,_""lng"":_12.333089926233379,_""polygonid"":_""polygon-1746072967949"",_""pointtype"":_""land""}., activity_encounter_initiated_opener_success_lucid_opened_conversation_with_aegean_mariner_at_{""lat"":_45.43844921305672,_""lng"":_12.333089926233379,_""polygonid"":_""polygon-1746072967949"",_""pointtype"":_""land""}.",,Active,10/6/2025 4:16pm,11/6/2025 10:24pm,11/6/2025 10:24pm,
,MATTEOtheTrader,cosmic_wanderer,0,54,,,"activity_encounter_initiated_opener_success_cosmic_wanderer_opened_conversation_with_matteothetrader_at_{""lat"":_45.441402549290245,_""lng"":_12.343863308907828}., activity_encounter_initiated_opener_success_matteothetrader_opened_conversation_with_cosmic_wanderer_at_{""lat"":_45.441402549290245,_""lng"":_12.343863308907828}., activity_encounter_initiated_opener_success_matteothetrader_opened_conversation_with_cosmic_wanderer_at_{""lat"":_45.441402549290245,_""lng"":_12.343863308907828}., activity_encounter_initiated_opener_success_cosmic_wanderer_opened_conversation_with_matteothetrader_at_{""lat"":_45.441402549290245,_""lng"":_12.343863308907828}., activity_encounter_initiated_opener_success_matteothetrader_opened_conversation_with_cosmic_wanderer_at_{""lat"":_45.441402549290245,_""lng"":_12.343863308907828}., activity_encounter_initiated_opener_success_matteothetrader_opened_conversation_with_cosmic_wanderer_at_{""lat"":_45.441402549290245,_""lng"":_12.343863308907828}., activity_encounter_initiated_opener_success_cosmic_wanderer_opened_conversation_with_matteothetrader_at_{""lat"":_45.42973,_""lng"":_12.331747}.",,Active,8/6/2025 8:15am,10/6/2025 10:51pm,10/6/2025 10:51pm,
,albanian_mariner,cosmic_wanderer,0,54,,,"activity_encounter_initiated_opener_success_cosmic_wanderer_opened_conversation_with_albanian_mariner_at_{""lat"":_45.441402549290245,_""lng"":_12.343863308907828}., activity_encounter_initiated_opener_success_albanian_mariner_opened_conversation_with_cosmic_wanderer_at_{""lat"":_45.441402549290245,_""lng"":_12.343863308907828}., activity_encounter_initiated_opener_success_albanian_mariner_opened_conversation_with_cosmic_wanderer_at_{""lat"":_45.441402549290245,_""lng"":_12.343863308907828}., activity_encounter_initiated_opener_success_albanian_mariner_opened_conversation_with_cosmic_wanderer_at_{""lat"":_45.441402549290245,_""lng"":_12.343863308907828}., activity_encounter_initiated_opener_success_albanian_mariner_opened_conversation_with_cosmic_wanderer_at_{""lat"":_45.441402549290245,_""lng"":_12.343863308907828}., activity_encounter_initiated_opener_success_albanian_mariner_opened_conversation_with_cosmic_wanderer_at_{""lat"":_45.441402549290245,_""lng"":_12.343863308907828}., activity_encounter_initiated_opener_success_albanian_mariner_opened_conversation_with_cosmic_wanderer_at_{""lat"":_45.441402549290245,_""lng"":_12.343863308907828}.",,Active,8/6/2025 8:10am,9/6/2025 3:12pm,9/6/2025 3:12pm,
,ionian_sailor,rialto_sailor1,0,54,,,"activity_encounter_initiated_opener_success_rialto_sailor1_opened_conversation_with_ionian_sailor_at_{""lat"":_45.4408725,_""lng"":_12.3303685}., activity_encounter_initiated_opener_success_rialto_sailor1_opened_conversation_with_ionian_sailor_at_{""lat"":_45.4408725,_""lng"":_12.3303685}., activity_encounter_initiated_opener_success_rialto_sailor1_opened_conversation_with_ionian_sailor_at_{""lat"":_45.4408725,_""lng"":_12.3303685}., activity_encounter_initiated_opener_success_rialto_sailor1_opened_conversation_with_ionian_sailor_at_{""lat"":_45.4408725,_""lng"":_12.3303685}., activity_encounter_initiated_opener_success_ionian_sailor_opened_conversation_with_rialto_sailor1_at_{""lat"":_45.4408725,_""lng"":_12.3303685}., activity_encounter_initiated_opener_success_rialto_sailor1_opened_conversation_with_ionian_sailor_at_{""lat"":_45.4408725,_""lng"":_12.3303685}., activity_encounter_initiated_opener_success_rialto_sailor1_opened_conversation_with_ionian_sailor_at_{""lat"":_45.4408725,_""lng"":_12.3303685}.",,Active,8/6/2025 8:27am,9/6/2025 2:47pm,9/6/2025 2:47pm,
,istrian_sailor,rialto_sailor1,0,54,,,"activity_encounter_initiated_opener_success_istrian_sailor_opened_conversation_with_rialto_sailor1_at_{""lat"":_45.4408725,_""lng"":_12.3303685}., activity_encounter_initiated_opener_success_istrian_sailor_opened_conversation_with_rialto_sailor1_at_{""lat"":_45.4408725,_""lng"":_12.3303685}., activity_encounter_initiated_opener_success_istrian_sailor_opened_conversation_with_rialto_sailor1_at_{""lat"":_45.4408725,_""lng"":_12.3303685}., activity_encounter_initiated_opener_success_istrian_sailor_opened_conversation_with_rialto_sailor1_at_{""lat"":_45.4408725,_""lng"":_12.3303685}., activity_encounter_initiated_opener_success_istrian_sailor_opened_conversation_with_rialto_sailor1_at_{""lat"":_45.4408725,_""lng"":_12.3303685}., activity_encounter_initiated_opener_success_rialto_sailor1_opened_conversation_with_istrian_sailor_at_{""lat"":_45.4408725,_""lng"":_12.3303685}., activity_encounter_initiated_opener_success_istrian_sailor_opened_conversation_with_rialto_sailor1_at_{""lat"":_45.4408725,_""lng"":_12.3303685}.",,Active,8/6/2025 8:34am,9/6/2025 2:04pm,9/6/2025 2:04pm,
,gondola_assistant,meyti_tgz2,0,54,,,"activity_encounter_initiated_opener_success_meyti_tgz2_opened_conversation_with_gondola_assistant_at_{""lat"":_45.442971,_""lng"":_12.326653}., activity_encounter_initiated_opener_success_meyti_tgz2_opened_conversation_with_gondola_assistant_at_{""lat"":_45.442971,_""lng"":_12.326653}., activity_encounter_initiated_opener_success_gondola_assistant_opened_conversation_with_meyti_tgz2_at_{""lat"":_45.442971,_""lng"":_12.326653}., activity_encounter_initiated_opener_success_gondola_assistant_opened_conversation_with_meyti_tgz2_at_{""lat"":_45.442971,_""lng"":_12.326653}., activity_encounter_initiated_opener_success_meyti_tgz2_opened_conversation_with_gondola_assistant_at_{""lat"":_45.442971,_""lng"":_12.326653}., activity_encounter_initiated_opener_success_gondola_assistant_opened_conversation_with_meyti_tgz2_at_{""lat"":_45.442971,_""lng"":_12.326653}., activity_encounter_initiated_opener_success_meyti_tgz2_opened_conversation_with_gondola_assistant_at_{""lat"":_45.442971,_""lng"":_12.326653}.",,Active,8/6/2025 8:09am,9/6/2025 1:56pm,9/6/2025 1:56pm,
,NLR,TechnoMedici,0,54,,,"activity_encounter_initiated_opener_success_technomedici_opened_conversation_with_nlr_at_{""lat"":_45.440862333333335,_""lng"":_12.327658999999999}., activity_encounter_initiated_opener_success_technomedici_opened_conversation_with_nlr_at_{""lat"":_45.440862333333335,_""lng"":_12.327658999999999}., activity_encounter_initiated_opener_success_technomedici_opened_conversation_with_nlr_at_{""lat"":_45.440862333333335,_""lng"":_12.327658999999999}., activity_encounter_initiated_opener_success_nlr_opened_conversation_with_technomedici_at_{""lat"":_45.440862333333335,_""lng"":_12.327658999999999}., activity_encounter_initiated_opener_success_nlr_opened_conversation_with_technomedici_at_{""lat"":_45.440862333333335,_""lng"":_12.327658999999999}., activity_encounter_initiated_opener_success_technomedici_opened_conversation_with_nlr_at_{""lat"":_45.440862333333335,_""lng"":_12.327658999999999}., activity_encounter_initiated_opener_success_nlr_opened_conversation_with_technomedici_at_{""lat"":_45.440862333333335,_""lng"":_12.327658999999999}.",,Active,8/6/2025 9:33am,9/6/2025 12:42pm,9/6/2025 12:42pm,
,NLR,SilkRoadRunner,0,54,,,"activity_encounter_initiated_opener_success_nlr_opened_conversation_with_silkroadrunner_at_{""lat"":_45.440862333333335,_""lng"":_12.327658999999999}., activity_encounter_initiated_opener_success_nlr_opened_conversation_with_silkroadrunner_at_{""lat"":_45.440862333333335,_""lng"":_12.327658999999999}., activity_encounter_initiated_opener_success_nlr_opened_conversation_with_silkroadrunner_at_{""lat"":_45.440862333333335,_""lng"":_12.327658999999999}., activity_encounter_initiated_opener_success_silkroadrunner_opened_conversation_with_nlr_at_{""lat"":_45.440862333333335,_""lng"":_12.327658999999999}., activity_encounter_initiated_opener_success_nlr_opened_conversation_with_silkroadrunner_at_{""lat"":_45.440862333333335,_""lng"":_12.327658999999999}., activity_encounter_initiated_opener_success_nlr_opened_conversation_with_silkroadrunner_at_{""lat"":_45.440862333333335,_""lng"":_12.327658999999999}., activity_encounter_initiated_opener_success_silkroadrunner_opened_conversation_with_nlr_at_{""lat"":_45.440862333333335,_""lng"":_12.327658999999999}.",,Active,8/6/2025 9:50am,9/6/2025 12:30pm,9/6/2025 12:30pm,
,Trade4Fun,cosmic_wanderer,0,54,,,"activity_eat_at_tavern_payment_success, activity_eat_at_tavern_payment_success, activity_eat_at_tavern_payment_success, activity_eat_at_tavern_payment_success, activity_eat_at_tavern_processing_failure_system_error, activity_eat_at_tavern_processing_failure_system_error",,Active,7/7/2025 2:50pm,10/7/2025 6:35pm,10/7/2025 6:35pm,
,Feola007,greek_trader2,0,54,,,"activity_encounter_initiated_opener_success_feola007_opened_conversation_with_greek_trader2_at_{""lat"":_45.43844921305672,_""lng"":_12.333089926233379,_""polygonid"":_""polygon-1746072967949"",_""pointtype"":_""land""}., activity_fetch_galley_stock_success",,Active,10/6/2025 1:06pm,16/6/2025 10:16pm,16/6/2025 10:16pm,
,albanian_mariner,gondola_assistant,0,54,,,"activity_fetch_pickup_success, activity_encounter_initiated_opener_success_albanian_mariner_opened_conversation_with_gondola_assistant_at_{""lat"":_45.43844921305672,_""lng"":_12.333089926233379,_""polygonid"":_""polygon-1746072967949"",_""pointtype"":_""land""}.",,Active,6/6/2025 9:13pm,10/6/2025 8:43am,10/6/2025 8:43am,
,bosphorus_navigator,gondola_assistant,0,54,,,"activity_fetch_pickup_success, activity_encounter_initiated_opener_success_gondola_assistant_opened_conversation_with_bosphorus_navigator_at_{""lat"":_45.425098802748686,_""lng"":_12.362717959741016}.",,Active,6/6/2025 10:52pm,7/6/2025 12:40am,7/6/2025 12:40am,
,Italia,John_Jeffries,0,54,,,"activity_encounter_initiated_opener_success_john_jeffries_opened_conversation_with_italia_at_{""lat"":_45.425098802748686,_""lng"":_12.362717959741016}., activity_encounter_initiated_opener_success_john_jeffries_opened_conversation_with_italia_at_{""lat"":_45.425098802748686,_""lng"":_12.362717959741016}., activity_encounter_initiated_opener_success_john_jeffries_opened_conversation_with_italia_at_{""lat"":_45.425098802748686,_""lng"":_12.362717959741016}., activity_encounter_initiated_opener_success_john_jeffries_opened_conversation_with_italia_at_{""lat"":_45.425098802748686,_""lng"":_12.362717959741016}., activity_church_attendance_success_prayed_at_building-45.434820-12.332664, activity_church_attendance_success_prayed_at_building-45.434820-12.332664",,Active,11/6/2025 9:24am,27/6/2025 3:29pm,27/6/2025 3:29pm,
,John_Jeffries,UrbanExplorer,0,54,,,"activity_encounter_initiated_opener_success_urbanexplorer_opened_conversation_with_john_jeffries_at_{""lat"":_45.425098802748686,_""lng"":_12.362717959741016}., activity_encounter_initiated_opener_success_john_jeffries_opened_conversation_with_urbanexplorer_at_{""lat"":_45.425098802748686,_""lng"":_12.362717959741016}., activity_encounter_initiated_opener_success_john_jeffries_opened_conversation_with_urbanexplorer_at_{""lat"":_45.425098802748686,_""lng"":_12.362717959741016}., activity_encounter_initiated_opener_success_john_jeffries_opened_conversation_with_urbanexplorer_at_{""lat"":_45.425098802748686,_""lng"":_12.362717959741016}., activity_encounter_initiated_opener_success_urbanexplorer_opened_conversation_with_john_jeffries_at_{""lat"":_45.425098802748686,_""lng"":_12.362717959741016}., activity_church_attendance_success_prayed_at_building-45.434820-12.332664",,Active,11/6/2025 2:06am,27/6/2025 2:40pm,27/6/2025 2:40pm,
,apulian_mariner,tavern_tales,0,54,,,"activity_encounter_initiated_opener_success_tavern_tales_opened_conversation_with_apulian_mariner_at_{""lat"":_45.425098802748686,_""lng"":_12.362717959741016}., activity_encounter_initiated_opener_success_tavern_tales_opened_conversation_with_apulian_mariner_at_{""lat"":_45.425098802748686,_""lng"":_12.362717959741016}., activity_encounter_initiated_opener_success_apulian_mariner_opened_conversation_with_tavern_tales_at_{""lat"":_45.425098802748686,_""lng"":_12.362717959741016}., activity_encounter_initiated_opener_success_apulian_mariner_opened_conversation_with_tavern_tales_at_{""lat"":_45.425098802748686,_""lng"":_12.362717959741016}., activity_encounter_initiated_opener_success_apulian_mariner_opened_conversation_with_tavern_tales_at_{""lat"":_45.425098802748686,_""lng"":_12.362717959741016}., activity_artist_payment_received_success_play_character_sketches_for_""the_weight_of_a_ducat""",,Active,10/6/2025 9:51pm,13/6/2025 1:43am,13/6/2025 1:43am,
,PixelDoge,painter_of_light,0,54,,,"activity_encounter_initiated_opener_success_painter_of_light_opened_conversation_with_pixeldoge_at_{""lat"":_45.425098802748686,_""lng"":_12.362717959741016}., activity_encounter_initiated_opener_success_painter_of_light_opened_conversation_with_pixeldoge_at_{""lat"":_45.425098802748686,_""lng"":_12.362717959741016}., activity_encounter_initiated_opener_success_painter_of_light_opened_conversation_with_pixeldoge_at_{""lat"":_45.425098802748686,_""lng"":_12.362717959741016}., activity_encounter_initiated_opener_success_painter_of_light_opened_conversation_with_pixeldoge_at_{""lat"":_45.425098802748686,_""lng"":_12.362717959741016}., activity_encounter_initiated_opener_success_painter_of_light_opened_conversation_with_pixeldoge_at_{""lat"":_45.425098802748686,_""lng"":_12.362717959741016}., activity_encounter_initiated_opener_success_painter_of_light_opened_conversation_with_pixeldoge_at_{""lat"":_45.425098802748686,_""lng"":_12.362717959741016}.",,Active,11/6/2025 3:36am,12/6/2025 9:01am,12/6/2025 9:01am,
,BookWorm365,UrbanExplorer,0,54,,,"activity_encounter_initiated_opener_success_bookworm365_opened_conversation_with_urbanexplorer_at_{""lat"":_45.425098802748686,_""lng"":_12.362717959741016}., activity_encounter_initiated_opener_success_bookworm365_opened_conversation_with_urbanexplorer_at_{""lat"":_45.425098802748686,_""lng"":_12.362717959741016}., activity_encounter_initiated_opener_success_urbanexplorer_opened_conversation_with_bookworm365_at_{""lat"":_45.425098802748686,_""lng"":_12.362717959741016}., activity_encounter_initiated_opener_success_urbanexplorer_opened_conversation_with_bookworm365_at_{""lat"":_45.425098802748686,_""lng"":_12.362717959741016}., activity_encounter_initiated_opener_success_urbanexplorer_opened_conversation_with_bookworm365_at_{""lat"":_45.425098802748686,_""lng"":_12.362717959741016}., activity_encounter_initiated_opener_success_bookworm365_opened_conversation_with_urbanexplorer_at_{""lat"":_45.425098802748686,_""lng"":_12.362717959741016}.",,Active,10/6/2025 9:59pm,12/6/2025 12:52am,12/6/2025 12:52am,
,Italia,ProSilkTrader,0,54,,,"activity_encounter_initiated_opener_success_prosilktrader_opened_conversation_with_italia_at_{""lat"":_45.425098802748686,_""lng"":_12.362717959741016}., activity_encounter_initiated_opener_success_italia_opened_conversation_with_prosilktrader_at_{""lat"":_45.425098802748686,_""lng"":_12.362717959741016}., activity_encounter_initiated_opener_success_prosilktrader_opened_conversation_with_italia_at_{""lat"":_45.425098802748686,_""lng"":_12.362717959741016}., activity_encounter_initiated_opener_success_italia_opened_conversation_with_prosilktrader_at_{""lat"":_45.425098802748686,_""lng"":_12.362717959741016}., activity_encounter_initiated_opener_success_italia_opened_conversation_with_prosilktrader_at_{""lat"":_45.425098802748686,_""lng"":_12.362717959741016}., activity_encounter_initiated_opener_success_prosilktrader_opened_conversation_with_italia_at_{""lat"":_45.425098802748686,_""lng"":_12.362717959741016}.",,Active,10/6/2025 9:28pm,12/6/2025 12:47am,12/6/2025 12:47am,
,BookWorm365,ProSilkTrader,0,54,,,"activity_encounter_initiated_opener_success_bookworm365_opened_conversation_with_prosilktrader_at_{""lat"":_45.425098802748686,_""lng"":_12.362717959741016}., activity_encounter_initiated_opener_success_prosilktrader_opened_conversation_with_bookworm365_at_{""lat"":_45.425098802748686,_""lng"":_12.362717959741016}., activity_encounter_initiated_opener_success_bookworm365_opened_conversation_with_prosilktrader_at_{""lat"":_45.425098802748686,_""lng"":_12.362717959741016}., activity_encounter_initiated_opener_success_bookworm365_opened_conversation_with_prosilktrader_at_{""lat"":_45.425098802748686,_""lng"":_12.362717959741016}., activity_encounter_initiated_opener_success_bookworm365_opened_conversation_with_prosilktrader_at_{""lat"":_45.425098802748686,_""lng"":_12.362717959741016}., activity_encounter_initiated_opener_success_prosilktrader_opened_conversation_with_bookworm365_at_{""lat"":_45.425098802748686,_""lng"":_12.362717959741016}.",,Active,10/6/2025 10:00pm,12/6/2025 12:46am,12/6/2025 12:46am,
,Italia,StarGazer2000,0,54,,,"activity_encounter_initiated_opener_success_stargazer2000_opened_conversation_with_italia_at_{""lat"":_45.425098802748686,_""lng"":_12.362717959741016}., activity_encounter_initiated_opener_success_italia_opened_conversation_with_stargazer2000_at_{""lat"":_45.425098802748686,_""lng"":_12.362717959741016}., activity_encounter_initiated_opener_success_italia_opened_conversation_with_stargazer2000_at_{""lat"":_45.425098802748686,_""lng"":_12.362717959741016}., activity_encounter_initiated_opener_success_italia_opened_conversation_with_stargazer2000_at_{""lat"":_45.425098802748686,_""lng"":_12.362717959741016}., activity_encounter_initiated_opener_success_italia_opened_conversation_with_stargazer2000_at_{""lat"":_45.425098802748686,_""lng"":_12.362717959741016}., activity_encounter_initiated_opener_success_stargazer2000_opened_conversation_with_italia_at_{""lat"":_45.425098802748686,_""lng"":_12.362717959741016}.",,Active,10/6/2025 9:42pm,12/6/2025 12:39am,12/6/2025 12:39am,
,BookWorm365,StarGazer2000,0,54,,,"activity_encounter_initiated_opener_success_bookworm365_opened_conversation_with_stargazer2000_at_{""lat"":_45.425098802748686,_""lng"":_12.362717959741016}., activity_encounter_initiated_opener_success_stargazer2000_opened_conversation_with_bookworm365_at_{""lat"":_45.425098802748686,_""lng"":_12.362717959741016}., activity_encounter_initiated_opener_success_stargazer2000_opened_conversation_with_bookworm365_at_{""lat"":_45.425098802748686,_""lng"":_12.362717959741016}., activity_encounter_initiated_opener_success_stargazer2000_opened_conversation_with_bookworm365_at_{""lat"":_45.425098802748686,_""lng"":_12.362717959741016}., activity_encounter_initiated_opener_success_bookworm365_opened_conversation_with_stargazer2000_at_{""lat"":_45.425098802748686,_""lng"":_12.362717959741016}., activity_encounter_initiated_opener_success_stargazer2000_opened_conversation_with_bookworm365_at_{""lat"":_45.425098802748686,_""lng"":_12.362717959741016}.",,Active,10/6/2025 9:49pm,12/6/2025 12:32am,12/6/2025 12:32am,
,Italia,apulian_mariner,0,54,,,"activity_encounter_initiated_opener_success_italia_opened_conversation_with_apulian_mariner_at_{""lat"":_45.425098802748686,_""lng"":_12.362717959741016}., activity_encounter_initiated_opener_success_apulian_mariner_opened_conversation_with_italia_at_{""lat"":_45.425098802748686,_""lng"":_12.362717959741016}., activity_encounter_initiated_opener_success_apulian_mariner_opened_conversation_with_italia_at_{""lat"":_45.425098802748686,_""lng"":_12.362717959741016}., activity_encounter_initiated_opener_success_apulian_mariner_opened_conversation_with_italia_at_{""lat"":_45.425098802748686,_""lng"":_12.362717959741016}., activity_encounter_initiated_opener_success_italia_opened_conversation_with_apulian_mariner_at_{""lat"":_45.425098802748686,_""lng"":_12.362717959741016}., activity_encounter_initiated_opener_success_apulian_mariner_opened_conversation_with_italia_at_{""lat"":_45.425098802748686,_""lng"":_12.362717959741016}.",,Active,10/6/2025 9:35pm,12/6/2025 12:19am,12/6/2025 12:19am,
,BookWorm365,trader4life,0,54,,,"activity_encounter_initiated_opener_success_bookworm365_opened_conversation_with_trader4life_at_{""lat"":_45.425098802748686,_""lng"":_12.362717959741016}., activity_encounter_initiated_opener_success_bookworm365_opened_conversation_with_trader4life_at_{""lat"":_45.425098802748686,_""lng"":_12.362717959741016}., activity_encounter_initiated_opener_success_trader4life_opened_conversation_with_bookworm365_at_{""lat"":_45.425098802748686,_""lng"":_12.362717959741016}., activity_encounter_initiated_opener_success_trader4life_opened_conversation_with_bookworm365_at_{""lat"":_45.425098802748686,_""lng"":_12.362717959741016}., activity_encounter_initiated_opener_success_trader4life_opened_conversation_with_bookworm365_at_{""lat"":_45.425098802748686,_""lng"":_12.362717959741016}., activity_encounter_initiated_opener_success_trader4life_opened_conversation_with_bookworm365_at_{""lat"":_45.425098802748686,_""lng"":_12.362717959741016}.",,Active,10/6/2025 11:38pm,12/6/2025 12:15am,12/6/2025 12:15am,
,PixelDoge,StarGazer2000,0,54,,,"activity_encounter_initiated_opener_success_stargazer2000_opened_conversation_with_pixeldoge_at_{""lat"":_45.425098802748686,_""lng"":_12.362717959741016}., activity_encounter_initiated_opener_success_stargazer2000_opened_conversation_with_pixeldoge_at_{""lat"":_45.425098802748686,_""lng"":_12.362717959741016}., activity_encounter_initiated_opener_success_stargazer2000_opened_conversation_with_pixeldoge_at_{""lat"":_45.425098802748686,_""lng"":_12.362717959741016}., activity_encounter_initiated_opener_success_pixeldoge_opened_conversation_with_stargazer2000_at_{""lat"":_45.425098802748686,_""lng"":_12.362717959741016}., activity_encounter_initiated_opener_success_pixeldoge_opened_conversation_with_stargazer2000_at_{""lat"":_45.425098802748686,_""lng"":_12.362717959741016}., activity_encounter_initiated_opener_success_pixeldoge_opened_conversation_with_stargazer2000_at_{""lat"":_45.425098802748686,_""lng"":_12.362717959741016}.",,Active,11/6/2025 3:20am,12/6/2025 12:09am,12/6/2025 12:09am,
,tavern_tales,trader4life,0,54,,,"activity_encounter_initiated_opener_success_tavern_tales_opened_conversation_with_trader4life_at_{""lat"":_45.425098802748686,_""lng"":_12.362717959741016}., activity_encounter_initiated_opener_success_tavern_tales_opened_conversation_with_trader4life_at_{""lat"":_45.425098802748686,_""lng"":_12.362717959741016}., activity_encounter_initiated_opener_success_tavern_tales_opened_conversation_with_trader4life_at_{""lat"":_45.425098802748686,_""lng"":_12.362717959741016}., activity_encounter_initiated_opener_success_trader4life_opened_conversation_with_tavern_tales_at_{""lat"":_45.425098802748686,_""lng"":_12.362717959741016}., activity_encounter_initiated_opener_success_trader4life_opened_conversation_with_tavern_tales_at_{""lat"":_45.425098802748686,_""lng"":_12.362717959741016}., activity_encounter_initiated_opener_success_tavern_tales_opened_conversation_with_trader4life_at_{""lat"":_45.425098802748686,_""lng"":_12.362717959741016}.",,Active,10/6/2025 11:42pm,11/6/2025 11:53pm,11/6/2025 11:53pm,
,StarGazer2000,apulian_mariner,0,54,,,"activity_encounter_initiated_opener_success_stargazer2000_opened_conversation_with_apulian_mariner_at_{""lat"":_45.425098802748686,_""lng"":_12.362717959741016}., activity_encounter_initiated_opener_success_apulian_mariner_opened_conversation_with_stargazer2000_at_{""lat"":_45.425098802748686,_""lng"":_12.362717959741016}., activity_encounter_initiated_opener_success_stargazer2000_opened_conversation_with_apulian_mariner_at_{""lat"":_45.425098802748686,_""lng"":_12.362717959741016}., activity_encounter_initiated_opener_success_apulian_mariner_opened_conversation_with_stargazer2000_at_{""lat"":_45.425098802748686,_""lng"":_12.362717959741016}., activity_encounter_initiated_opener_success_apulian_mariner_opened_conversation_with_stargazer2000_at_{""lat"":_45.425098802748686,_""lng"":_12.362717959741016}., activity_encounter_initiated_opener_success_apulian_mariner_opened_conversation_with_stargazer2000_at_{""lat"":_45.425098802748686,_""lng"":_12.362717959741016}.",,Active,10/6/2025 9:30pm,11/6/2025 11:47pm,11/6/2025 11:47pm,
,ProSilkTrader,StarGazer2000,0,54,,,"activity_encounter_initiated_opener_success_prosilktrader_opened_conversation_with_stargazer2000_at_{""lat"":_45.425098802748686,_""lng"":_12.362717959741016}., activity_encounter_initiated_opener_success_stargazer2000_opened_conversation_with_prosilktrader_at_{""lat"":_45.425098802748686,_""lng"":_12.362717959741016}., activity_encounter_initiated_opener_success_prosilktrader_opened_conversation_with_stargazer2000_at_{""lat"":_45.425098802748686,_""lng"":_12.362717959741016}., activity_encounter_initiated_opener_success_stargazer2000_opened_conversation_with_prosilktrader_at_{""lat"":_45.425098802748686,_""lng"":_12.362717959741016}., activity_encounter_initiated_opener_success_stargazer2000_opened_conversation_with_prosilktrader_at_{""lat"":_45.425098802748686,_""lng"":_12.362717959741016}., activity_encounter_initiated_opener_success_stargazer2000_opened_conversation_with_prosilktrader_at_{""lat"":_45.425098802748686,_""lng"":_12.362717959741016}.",,Active,10/6/2025 8:52pm,11/6/2025 11:16pm,11/6/2025 11:16pm,
,alexandria_trader,bigbosefx,0,54,,," activity_encounter_initiated_opener_success_alexandria_trader_opened_conversation_with_bigbosefx_at_{""lat"":_45.43844921305672,_""lng"":_12.333089926233379,_""polygonid"":_""polygon-1746072967949"",_""pointtype"":_""land""}., activity_encounter_initiated_opener_success_bigbosefx_opened_conversation_with_alexandria_trader_at_{""lat"":_45.43844921305672,_""lng"":_12.333089926233379,_""polygonid"":_""polygon-1746072967949"",_""pointtype"":_""land""}., activity_encounter_initiated_opener_success_bigbosefx_opened_conversation_with_alexandria_trader_at_{""lat"":_45.43844921305672,_""lng"":_12.333089926233379,_""polygonid"":_""polygon-1746072967949"",_""pointtype"":_""land""}., activity_encounter_initiated_opener_success_bigbosefx_opened_conversation_with_alexandria_trader_at_{""lat"":_45.43844921305672,_""lng"":_12.333089926233379,_""polygonid"":_""polygon-1746072967949"",_""pointtype"":_""land""}., activity_encounter_initiated_opener_success_bigbosefx_opened_conversation_with_alexandria_trader_at_{""lat"":_45.43844921305672,_""lng"":_12.333089926233379,_""polygonid"":_""polygon-1746072967949"",_""pointtype"":_""land""}.",,Active,10/6/2025 4:03pm,11/6/2025 11:03pm,11/6/2025 11:03pm,
,alexandria_trader,poet_of_the_rialto,0,54,,," activity_encounter_initiated_opener_success_alexandria_trader_opened_conversation_with_poet_of_the_rialto_at_{""lat"":_45.43844921305672,_""lng"":_12.333089926233379,_""polygonid"":_""polygon-1746072967949"",_""pointtype"":_""land""}., activity_encounter_initiated_opener_success_alexandria_trader_opened_conversation_with_poet_of_the_rialto_at_{""lat"":_45.43844921305672,_""lng"":_12.333089926233379,_""polygonid"":_""polygon-1746072967949"",_""pointtype"":_""land""}., activity_encounter_initiated_opener_success_alexandria_trader_opened_conversation_with_poet_of_the_rialto_at_{""lat"":_45.43844921305672,_""lng"":_12.333089926233379,_""polygonid"":_""polygon-1746072967949"",_""pointtype"":_""land""}., activity_encounter_initiated_opener_success_alexandria_trader_opened_conversation_with_poet_of_the_rialto_at_{""lat"":_45.43844921305672,_""lng"":_12.333089926233379,_""polygonid"":_""polygon-1746072967949"",_""pointtype"":_""land""}., activity_encounter_initiated_opener_success_poet_of_the_rialto_opened_conversation_with_alexandria_trader_at_{""lat"":_45.43844921305672,_""lng"":_12.333089926233379,_""polygonid"":_""polygon-1746072967949"",_""pointtype"":_""land""}.",,Active,10/6/2025 4:11pm,11/6/2025 10:59pm,11/6/2025 10:59pm,
,Lucid,greek_trader2,0,54,,," activity_encounter_initiated_opener_success_greek_trader2_opened_conversation_with_lucid_at_{""lat"":_45.43844921305672,_""lng"":_12.333089926233379,_""polygonid"":_""polygon-1746072967949"",_""pointtype"":_""land""}., activity_encounter_initiated_opener_success_lucid_opened_conversation_with_greek_trader2_at_{""lat"":_45.43844921305672,_""lng"":_12.333089926233379,_""polygonid"":_""polygon-1746072967949"",_""pointtype"":_""land""}., activity_encounter_initiated_opener_success_lucid_opened_conversation_with_greek_trader2_at_{""lat"":_45.43844921305672,_""lng"":_12.333089926233379,_""polygonid"":_""polygon-1746072967949"",_""pointtype"":_""land""}., activity_encounter_initiated_opener_success_greek_trader2_opened_conversation_with_lucid_at_{""lat"":_45.43844921305672,_""lng"":_12.333089926233379,_""polygonid"":_""polygon-1746072967949"",_""pointtype"":_""land""}., activity_encounter_initiated_opener_success_greek_trader2_opened_conversation_with_lucid_at_{""lat"":_45.43844921305672,_""lng"":_12.333089926233379,_""polygonid"":_""polygon-1746072967949"",_""pointtype"":_""land""}.",,Active,10/6/2025 4:23pm,11/6/2025 10:56pm,11/6/2025 10:56pm,
,aegean_mariner,bigbosefx,0,54,,," activity_encounter_initiated_opener_success_bigbosefx_opened_conversation_with_aegean_mariner_at_{""lat"":_45.43844921305672,_""lng"":_12.333089926233379,_""polygonid"":_""polygon-1746072967949"",_""pointtype"":_""land""}., activity_encounter_initiated_opener_success_bigbosefx_opened_conversation_with_aegean_mariner_at_{""lat"":_45.43844921305672,_""lng"":_12.333089926233379,_""polygonid"":_""polygon-1746072967949"",_""pointtype"":_""land""}., activity_encounter_initiated_opener_success_aegean_mariner_opened_conversation_with_bigbosefx_at_{""lat"":_45.43844921305672,_""lng"":_12.333089926233379,_""polygonid"":_""polygon-1746072967949"",_""pointtype"":_""land""}., activity_encounter_initiated_opener_success_aegean_mariner_opened_conversation_with_bigbosefx_at_{""lat"":_45.43844921305672,_""lng"":_12.333089926233379,_""polygonid"":_""polygon-1746072967949"",_""pointtype"":_""land""}., activity_encounter_initiated_opener_success_bigbosefx_opened_conversation_with_aegean_mariner_at_{""lat"":_45.43844921305672,_""lng"":_12.333089926233379,_""polygonid"":_""polygon-1746072967949"",_""pointtype"":_""land""}.",,Active,10/6/2025 4:15pm,11/6/2025 10:54pm,11/6/2025 10:54pm,
,TopGlassmaker,tavern_tales,0,54,,,"activity_encounter_initiated_opener_success_tavern_tales_opened_conversation_with_topglassmaker_at_{""lat"":_45.425098802748686,_""lng"":_12.362717959741016}., activity_encounter_initiated_opener_success_topglassmaker_opened_conversation_with_tavern_tales_at_{""lat"":_45.425098802748686,_""lng"":_12.362717959741016}., activity_encounter_initiated_opener_success_tavern_tales_opened_conversation_with_topglassmaker_at_{""lat"":_45.425098802748686,_""lng"":_12.362717959741016}., activity_encounter_initiated_opener_success_tavern_tales_opened_conversation_with_topglassmaker_at_{""lat"":_45.425098802748686,_""lng"":_12.362717959741016}., activity_encounter_initiated_opener_success_tavern_tales_opened_conversation_with_topglassmaker_at_{""lat"":_45.425098802748686,_""lng"":_12.362717959741016}., activity_encounter_initiated_opener_success_topglassmaker_opened_conversation_with_tavern_tales_at_{""lat"":_45.425098802748686,_""lng"":_12.362717959741016}.",,Active,10/6/2025 9:56pm,11/6/2025 8:56pm,11/6/2025 8:56pm,
,SilentObserver,tavern_tales,0,54,,,"activity_artist_payment_received_success_play_the_weight_of_a_ducat, activity_artist_payment_received_success_play_the_weight_of_a_ducat, activity_encounter_initiated_opener_success_silentobserver_opened_conversation_with_tavern_tales_at_{""lat"":_45.425098802748686,_""lng"":_12.362717959741016}., activity_encounter_initiated_opener_success_tavern_tales_opened_conversation_with_silentobserver_at_{""lat"":_45.425098802748686,_""lng"":_12.362717959741016}., activity_encounter_initiated_opener_success_tavern_tales_opened_conversation_with_silentobserver_at_{""lat"":_45.425098802748686,_""lng"":_12.362717959741016}., activity_encounter_initiated_opener_success_silentobserver_opened_conversation_with_tavern_tales_at_{""lat"":_45.425098802748686,_""lng"":_12.362717959741016}.",,Active,10/6/2025 12:43pm,11/6/2025 8:23pm,11/6/2025 8:23pm,
,BookWorm365,tavern_tales,0,54,,,"activity_encounter_initiated_opener_success_tavern_tales_opened_conversation_with_bookworm365_at_{""lat"":_45.425098802748686,_""lng"":_12.362717959741016}., activity_encounter_initiated_opener_success_bookworm365_opened_conversation_with_tavern_tales_at_{""lat"":_45.425098802748686,_""lng"":_12.362717959741016}., activity_encounter_initiated_opener_success_tavern_tales_opened_conversation_with_bookworm365_at_{""lat"":_45.425098802748686,_""lng"":_12.362717959741016}., activity_encounter_initiated_opener_success_tavern_tales_opened_conversation_with_bookworm365_at_{""lat"":_45.425098802748686,_""lng"":_12.362717959741016}., activity_encounter_initiated_opener_success_bookworm365_opened_conversation_with_tavern_tales_at_{""lat"":_45.425098802748686,_""lng"":_12.362717959741016}., activity_encounter_initiated_opener_success_tavern_tales_opened_conversation_with_bookworm365_at_{""lat"":_45.425098802748686,_""lng"":_12.362717959741016}.",,Active,10/6/2025 8:13pm,11/6/2025 8:19pm,11/6/2025 8:19pm,
,painter_of_light,tavern_tales,0,54,,,"activity_artist_payment_received_success_play_the_weight_of_a_ducat, activity_artist_payment_received_success_play_the_weight_of_a_ducat, activity_encounter_initiated_opener_success_tavern_tales_opened_conversation_with_painter_of_light_at_{""lat"":_45.425098802748686,_""lng"":_12.362717959741016}., activity_encounter_initiated_opener_success_tavern_tales_opened_conversation_with_painter_of_light_at_{""lat"":_45.425098802748686,_""lng"":_12.362717959741016}., activity_encounter_initiated_opener_success_tavern_tales_opened_conversation_with_painter_of_light_at_{""lat"":_45.425098802748686,_""lng"":_12.362717959741016}., activity_encounter_initiated_opener_success_painter_of_light_opened_conversation_with_tavern_tales_at_{""lat"":_45.425098802748686,_""lng"":_12.362717959741016}.",,Active,10/6/2025 1:08pm,11/6/2025 8:18pm,11/6/2025 8:18pm,
,VeniceHustler,tavern_tales,0,54,,,"activity_encounter_initiated_opener_success_tavern_tales_opened_conversation_with_venicehustler_at_{""lat"":_45.425098802748686,_""lng"":_12.362717959741016}., activity_encounter_initiated_opener_success_tavern_tales_opened_conversation_with_venicehustler_at_{""lat"":_45.425098802748686,_""lng"":_12.362717959741016}., activity_encounter_initiated_opener_success_tavern_tales_opened_conversation_with_venicehustler_at_{""lat"":_45.425098802748686,_""lng"":_12.362717959741016}., activity_encounter_initiated_opener_success_venicehustler_opened_conversation_with_tavern_tales_at_{""lat"":_45.425098802748686,_""lng"":_12.362717959741016}., activity_encounter_initiated_opener_success_tavern_tales_opened_conversation_with_venicehustler_at_{""lat"":_45.425098802748686,_""lng"":_12.362717959741016}., activity_encounter_initiated_opener_success_venicehustler_opened_conversation_with_tavern_tales_at_{""lat"":_45.425098802748686,_""lng"":_12.362717959741016}.",,Active,8/6/2025 9:05am,9/6/2025 2:17pm,9/6/2025 2:17pm,
,MATTEOtheTrader,albanian_mariner,0,54,,,"activity_encounter_initiated_opener_success_albanian_mariner_opened_conversation_with_matteothetrader_at_{""lat"":_45.441402549290245,_""lng"":_12.343863308907828}., activity_encounter_initiated_opener_success_albanian_mariner_opened_conversation_with_matteothetrader_at_{""lat"":_45.441402549290245,_""lng"":_12.343863308907828}., activity_encounter_initiated_opener_success_matteothetrader_opened_conversation_with_albanian_mariner_at_{""lat"":_45.441402549290245,_""lng"":_12.343863308907828}., activity_encounter_initiated_opener_success_albanian_mariner_opened_conversation_with_matteothetrader_at_{""lat"":_45.441402549290245,_""lng"":_12.343863308907828}., activity_encounter_initiated_opener_success_matteothetrader_opened_conversation_with_albanian_mariner_at_{""lat"":_45.441402549290245,_""lng"":_12.343863308907828}., activity_encounter_initiated_opener_success_albanian_mariner_opened_conversation_with_matteothetrader_at_{""lat"":_45.441402549290245,_""lng"":_12.343863308907828}.",,Active,8/6/2025 8:13am,9/6/2025 1:50pm,9/6/2025 1:50pm,
,BookishMerchant,cyprus_merchant,0,53,,,activity_fetch_pickup_success,,Active,27/6/2025 2:30pm,27/6/2025 2:30pm,27/6/2025 2:30pm,
,GamingPatrizio,apulian_mariner,0,53,,,activity_fetch_pickup_success,,Active,25/6/2025 10:16pm,25/6/2025 10:16pm,25/6/2025 10:16pm,
,BankingWizard99,apulian_mariner,0,53,,,activity_fetch_pickup_success,,Active,25/6/2025 10:16pm,25/6/2025 10:16pm,25/6/2025 10:16pm,
,BookishMerchant,GreenThumb,0,53,,,activity_fetch_pickup_success,,Active,25/6/2025 10:16pm,25/6/2025 10:16pm,25/6/2025 10:16pm,
,BankingWizard99,FoodieForLife,0,53,,,activity_fetch_pickup_success,,Active,25/6/2025 8:59pm,25/6/2025 8:59pm,25/6/2025 8:59pm,
,GondolaDrifter,TechnoMedici,0,53,,,activity_fetch_pickup_success,,Active,25/6/2025 8:21pm,25/6/2025 8:21pm,25/6/2025 8:21pm,
,MerchantLegend,albanian_mariner,0,53,,,activity_fetch_pickup_success,,Active,25/6/2025 8:10pm,25/6/2025 8:10pm,25/6/2025 8:10pm,
,ShadowHunter,albanian_mariner,0,53,,,activity_fetch_pickup_success,,Active,25/6/2025 8:10pm,25/6/2025 8:10pm,25/6/2025 8:10pm,
,CodeMonkey,albanian_mariner,0,53,,,activity_fetch_pickup_success,,Active,25/6/2025 8:10pm,25/6/2025 8:10pm,25/6/2025 8:10pm,
,PowerLifter,SilkRoadRunner,0,53,,,activity_fetch_pickup_success,,Active,19/6/2025 8:48pm,19/6/2025 8:48pm,19/6/2025 8:48pm,
,TechnoMedici,VenetianBoss,0,53,,,activity_fetch_pickup_success,,Active,19/6/2025 3:04pm,19/6/2025 3:04pm,19/6/2025 3:04pm,
,QuantumLeap,UrbanExplorer,0,53,,,activity_fetch_pickup_success,,Active,19/6/2025 12:18pm,19/6/2025 12:18pm,19/6/2025 12:18pm,
,Debug42,TravelBug23,0,53,,,activity_fetch_pickup_success,,Active,19/6/2025 11:24am,19/6/2025 11:24am,19/6/2025 11:24am,
,BankingWizard99,dalmatian_trader,0,53,,,activity_fetch_galley_stock_success,,Active,16/6/2025 10:20pm,16/6/2025 10:20pm,16/6/2025 10:20pm,
,MorosiniNoble,dalmatian_trader,0,53,,,activity_fetch_pickup_success,,Active,16/6/2025 10:19pm,16/6/2025 10:19pm,16/6/2025 10:19pm,
,GamingPatrizio,ionian_sailor,0,53,,,activity_fetch_galley_stock_success,,Active,16/6/2025 10:17pm,16/6/2025 10:17pm,16/6/2025 10:17pm,
,TravelBug23,greek_trader2,0,53,,,activity_fetch_galley_stock_success,,Active,16/6/2025 10:16pm,16/6/2025 10:16pm,16/6/2025 10:16pm,
,BankingWizard99,greek_trader2,0,53,,,activity_fetch_galley_stock_success,,Active,16/6/2025 10:15pm,16/6/2025 10:15pm,16/6/2025 10:15pm,
,VenicePhotographer,bosphorus_navigator,0,53,,,activity_fetch_galley_stock_success,,Active,16/6/2025 10:11pm,16/6/2025 10:11pm,16/6/2025 10:11pm,
,GamingPatrizio,gondola_assistant,0,53,,,activity_fetch_galley_stock_success,,Active,16/6/2025 10:09pm,16/6/2025 10:09pm,16/6/2025 10:09pm,
,BankingWizard99,albanian_mariner,0,53,,,activity_fetch_galley_stock_success,,Active,16/6/2025 10:09pm,16/6/2025 10:09pm,16/6/2025 10:09pm,
,BarbarigoCadet,greek_trader2,0,53,,,activity_fetch_galley_stock_success,,Active,16/6/2025 10:08pm,16/6/2025 10:08pm,16/6/2025 10:08pm,
,NLR,sicily_mariner,0,53,,,activity_fetch_galley_stock_success,,Active,16/6/2025 10:00pm,16/6/2025 10:00pm,16/6/2025 10:00pm,
,Xadme,gondola_assistant,0,53,,,activity_fetch_pickup_success,,Active,16/6/2025 9:59pm,16/6/2025 9:59pm,16/6/2025 9:59pm,
,GreenThumb,dalmatian_trader,0,53,,,activity_fetch_pickup_success,,Active,16/6/2025 9:29pm,16/6/2025 9:29pm,16/6/2025 9:29pm,
,BankingWizard99,ionian_sailor,0,53,,,activity_fetch_galley_stock_success,,Active,16/6/2025 9:15pm,16/6/2025 9:15pm,16/6/2025 9:15pm,
,VenicePhotographer,greek_trader2,0,53,,,activity_fetch_galley_stock_success,,Active,16/6/2025 9:15pm,16/6/2025 9:15pm,16/6/2025 9:15pm,
,BarbarigoCadet,ionian_sailor,0,53,,,activity_fetch_galley_stock_success,,Active,16/6/2025 9:15pm,16/6/2025 9:15pm,16/6/2025 9:15pm,
,BookWorm365,TechnoMedici,0,53,,,activity_fetch_pickup_success,,Active,14/6/2025 5:28pm,14/6/2025 5:28pm,14/6/2025 5:28pm,
,DesertRanger,VenicePhotographer,0,53,,,activity_fetch_pickup_success,,Active,14/6/2025 1:38pm,14/6/2025 1:38pm,14/6/2025 1:38pm,
,TravelBug23,tavern_tales,0,53,,,activity_fetch_pickup_success,,Active,14/6/2025 2:28am,14/6/2025 2:28am,14/6/2025 2:28am,
,MerchantLegend,sea_trader,0,53,,,activity_fetch_pickup_success,,Active,13/6/2025 1:33am,13/6/2025 1:33am,13/6/2025 1:33am,
,meyti_tgz,sea_trader,0,53,,,activity_fetch_pickup_success,,Active,12/6/2025 10:18pm,12/6/2025 10:18pm,12/6/2025 10:18pm,
,BigMike,TravelBug23,0,53,,,activity_fetch_pickup_success,,Active,10/6/2025 10:58pm,10/6/2025 10:58pm,10/6/2025 10:58pm,
,Foscari_Banker,TravelBug23,0,53,,,activity_fetch_pickup_success,,Active,10/6/2025 10:48pm,10/6/2025 10:48pm,10/6/2025 10:48pm,
,ItalyMerchant,Miles4lf,0,53,,,activity_fetch_pickup_success,,Active,10/6/2025 9:03pm,10/6/2025 9:03pm,10/6/2025 9:03pm,
,SilkRoadRunner,adriatic_captain,0,53,,,activity_construction_material_delivery_success_partial_delivery,,Active,10/6/2025 3:49am,10/6/2025 3:49am,10/6/2025 3:49am,
,QuantumLeap,ionian_sailor,0,53,,,activity_fetch_galley_stock_success,,Active,9/6/2025 8:37pm,9/6/2025 8:37pm,9/6/2025 8:37pm,
,PixelDoge,tavern_tales,0,53,,,"activity_encounter_initiated_opener_success_pixeldoge_opened_conversation_with_tavern_tales_at_{""lat"":_45.425098802748686,_""lng"":_12.362717959741016}., activity_encounter_initiated_opener_success_tavern_tales_opened_conversation_with_pixeldoge_at_{""lat"":_45.425098802748686,_""lng"":_12.362717959741016}., activity_encounter_initiated_opener_success_pixeldoge_opened_conversation_with_tavern_tales_at_{""lat"":_45.425098802748686,_""lng"":_12.362717959741016}., activity_encounter_initiated_opener_success_tavern_tales_opened_conversation_with_pixeldoge_at_{""lat"":_45.425098802748686,_""lng"":_12.362717959741016}., activity_artist_payment_received_success_play_character_sketches_for_""the_weight_of_a_ducat""",,Active,11/6/2025 1:05am,12/6/2025 10:18pm,12/6/2025 10:18pm,
,BookWorm365,steven,0,53,,,"activity_encounter_initiated_opener_success_bookworm365_opened_conversation_with_steven_at_{""lat"":_45.425098802748686,_""lng"":_12.362717959741016}., activity_encounter_initiated_opener_success_bookworm365_opened_conversation_with_steven_at_{""lat"":_45.425098802748686,_""lng"":_12.362717959741016}., activity_encounter_initiated_opener_success_bookworm365_opened_conversation_with_steven_at_{""lat"":_45.425098802748686,_""lng"":_12.362717959741016}., activity_encounter_initiated_opener_success_steven_opened_conversation_with_bookworm365_at_{""lat"":_45.425098802748686,_""lng"":_12.362717959741016}., activity_encounter_initiated_opener_success_bookworm365_opened_conversation_with_steven_at_{""lat"":_45.425098802748686,_""lng"":_12.362717959741016}.",,Active,11/6/2025 3:17am,12/6/2025 8:44pm,12/6/2025 8:44pm,
,PixelDoge,steven,0,53,,,"activity_encounter_initiated_opener_success_steven_opened_conversation_with_pixeldoge_at_{""lat"":_45.425098802748686,_""lng"":_12.362717959741016}., activity_encounter_initiated_opener_success_pixeldoge_opened_conversation_with_steven_at_{""lat"":_45.425098802748686,_""lng"":_12.362717959741016}., activity_encounter_initiated_opener_success_pixeldoge_opened_conversation_with_steven_at_{""lat"":_45.425098802748686,_""lng"":_12.362717959741016}., activity_encounter_initiated_opener_success_pixeldoge_opened_conversation_with_steven_at_{""lat"":_45.425098802748686,_""lng"":_12.362717959741016}., activity_encounter_initiated_opener_success_pixeldoge_opened_conversation_with_steven_at_{""lat"":_45.425098802748686,_""lng"":_12.362717959741016}.",,Active,11/6/2025 3:30am,12/6/2025 6:04pm,12/6/2025 6:04pm,
,PixelDoge,SilentObserver,0,53,,,"activity_encounter_initiated_opener_success_pixeldoge_opened_conversation_with_silentobserver_at_{""lat"":_45.425098802748686,_""lng"":_12.362717959741016}., activity_encounter_initiated_opener_success_silentobserver_opened_conversation_with_pixeldoge_at_{""lat"":_45.425098802748686,_""lng"":_12.362717959741016}., activity_encounter_initiated_opener_success_pixeldoge_opened_conversation_with_silentobserver_at_{""lat"":_45.425098802748686,_""lng"":_12.362717959741016}., activity_encounter_initiated_opener_success_silentobserver_opened_conversation_with_pixeldoge_at_{""lat"":_45.425098802748686,_""lng"":_12.362717959741016}., activity_encounter_initiated_opener_success_pixeldoge_opened_conversation_with_silentobserver_at_{""lat"":_45.425098802748686,_""lng"":_12.362717959741016}.",,Active,11/6/2025 2:38am,12/6/2025 5:16pm,12/6/2025 5:15pm,
,UrbanExplorer,steven,0,53,,,"activity_encounter_initiated_opener_success_urbanexplorer_opened_conversation_with_steven_at_{""lat"":_45.425098802748686,_""lng"":_12.362717959741016}., activity_encounter_initiated_opener_success_steven_opened_conversation_with_urbanexplorer_at_{""lat"":_45.425098802748686,_""lng"":_12.362717959741016}., activity_encounter_initiated_opener_success_steven_opened_conversation_with_urbanexplorer_at_{""lat"":_45.425098802748686,_""lng"":_12.362717959741016}., activity_encounter_initiated_opener_success_steven_opened_conversation_with_urbanexplorer_at_{""lat"":_45.425098802748686,_""lng"":_12.362717959741016}., activity_encounter_initiated_opener_success_urbanexplorer_opened_conversation_with_steven_at_{""lat"":_45.425098802748686,_""lng"":_12.362717959741016}.",,Active,11/6/2025 9:17am,12/6/2025 11:52am,12/6/2025 11:52am,
,ConsiglioDeiDieci,trader4life,0,53,,,"activity_encounter_initiated_opener_success_consigliodeidieci_opened_conversation_with_trader4life_at_{""lat"":_45.425098802748686,_""lng"":_12.362717959741016}., activity_encounter_initiated_opener_success_trader4life_opened_conversation_with_consigliodeidieci_at_{""lat"":_45.425098802748686,_""lng"":_12.362717959741016}., activity_encounter_initiated_opener_success_trader4life_opened_conversation_with_consigliodeidieci_at_{""lat"":_45.425098802748686,_""lng"":_12.362717959741016}., activity_encounter_initiated_opener_success_consigliodeidieci_opened_conversation_with_trader4life_at_{""lat"":_45.425098802748686,_""lng"":_12.362717959741016}., activity_encounter_initiated_opener_success_trader4life_opened_conversation_with_consigliodeidieci_at_{""lat"":_45.425098802748686,_""lng"":_12.362717959741016}.",,Active,10/6/2025 11:35pm,12/6/2025 12:49am,12/6/2025 12:49am,
,Italia,SilentObserver,0,53,,,"activity_encounter_initiated_opener_success_italia_opened_conversation_with_silentobserver_at_{""lat"":_45.425098802748686,_""lng"":_12.362717959741016}., activity_encounter_initiated_opener_success_silentobserver_opened_conversation_with_italia_at_{""lat"":_45.425098802748686,_""lng"":_12.362717959741016}., activity_encounter_initiated_opener_success_silentobserver_opened_conversation_with_italia_at_{""lat"":_45.425098802748686,_""lng"":_12.362717959741016}., activity_encounter_initiated_opener_success_italia_opened_conversation_with_silentobserver_at_{""lat"":_45.425098802748686,_""lng"":_12.362717959741016}., activity_encounter_initiated_opener_success_silentobserver_opened_conversation_with_italia_at_{""lat"":_45.425098802748686,_""lng"":_12.362717959741016}.",,Active,11/6/2025 1:24am,12/6/2025 12:46am,12/6/2025 12:46am,
,StarGazer2000,trader4life,0,53,,,"activity_encounter_initiated_opener_success_stargazer2000_opened_conversation_with_trader4life_at_{""lat"":_45.425098802748686,_""lng"":_12.362717959741016}., activity_encounter_initiated_opener_success_trader4life_opened_conversation_with_stargazer2000_at_{""lat"":_45.425098802748686,_""lng"":_12.362717959741016}., activity_encounter_initiated_opener_success_stargazer2000_opened_conversation_with_trader4life_at_{""lat"":_45.425098802748686,_""lng"":_12.362717959741016}., activity_encounter_initiated_opener_success_stargazer2000_opened_conversation_with_trader4life_at_{""lat"":_45.425098802748686,_""lng"":_12.362717959741016}., activity_encounter_initiated_opener_success_stargazer2000_opened_conversation_with_trader4life_at_{""lat"":_45.425098802748686,_""lng"":_12.362717959741016}.",,Active,11/6/2025 1:36am,12/6/2025 12:45am,12/6/2025 12:45am,
,SilentObserver,StarGazer2000,0,53,,,"activity_encounter_initiated_opener_success_stargazer2000_opened_conversation_with_silentobserver_at_{""lat"":_45.425098802748686,_""lng"":_12.362717959741016}., activity_encounter_initiated_opener_success_silentobserver_opened_conversation_with_stargazer2000_at_{""lat"":_45.425098802748686,_""lng"":_12.362717959741016}., activity_encounter_initiated_opener_success_stargazer2000_opened_conversation_with_silentobserver_at_{""lat"":_45.425098802748686,_""lng"":_12.362717959741016}., activity_encounter_initiated_opener_success_stargazer2000_opened_conversation_with_silentobserver_at_{""lat"":_45.425098802748686,_""lng"":_12.362717959741016}., activity_encounter_initiated_opener_success_silentobserver_opened_conversation_with_stargazer2000_at_{""lat"":_45.425098802748686,_""lng"":_12.362717959741016}.",,Active,11/6/2025 2:57am,12/6/2025 12:36am,12/6/2025 12:36am,
,ProSilkTrader,trader4life,0,53,,,"activity_encounter_initiated_opener_success_trader4life_opened_conversation_with_prosilktrader_at_{""lat"":_45.425098802748686,_""lng"":_12.362717959741016}., activity_encounter_initiated_opener_success_trader4life_opened_conversation_with_prosilktrader_at_{""lat"":_45.425098802748686,_""lng"":_12.362717959741016}., activity_encounter_initiated_opener_success_trader4life_opened_conversation_with_prosilktrader_at_{""lat"":_45.425098802748686,_""lng"":_12.362717959741016}., activity_encounter_initiated_opener_success_prosilktrader_opened_conversation_with_trader4life_at_{""lat"":_45.425098802748686,_""lng"":_12.362717959741016}., activity_encounter_initiated_opener_success_trader4life_opened_conversation_with_prosilktrader_at_{""lat"":_45.425098802748686,_""lng"":_12.362717959741016}.",,Active,11/6/2025 1:27am,12/6/2025 12:35am,12/6/2025 12:35am,
,SilentObserver,rialto_diarist,0,53,,,"activity_encounter_initiated_opener_success_rialto_diarist_opened_conversation_with_silentobserver_at_{""lat"":_45.425098802748686,_""lng"":_12.362717959741016}., activity_encounter_initiated_opener_success_rialto_diarist_opened_conversation_with_silentobserver_at_{""lat"":_45.425098802748686,_""lng"":_12.362717959741016}., activity_encounter_initiated_opener_success_rialto_diarist_opened_conversation_with_silentobserver_at_{""lat"":_45.425098802748686,_""lng"":_12.362717959741016}., activity_encounter_initiated_opener_success_silentobserver_opened_conversation_with_rialto_diarist_at_{""lat"":_45.425098802748686,_""lng"":_12.362717959741016}., activity_encounter_initiated_opener_success_rialto_diarist_opened_conversation_with_silentobserver_at_{""lat"":_45.425098802748686,_""lng"":_12.362717959741016}.",,Active,11/6/2025 3:00am,12/6/2025 12:33am,12/6/2025 12:33am,
,BookWorm365,rialto_diarist,0,53,,,"activity_encounter_initiated_opener_success_rialto_diarist_opened_conversation_with_bookworm365_at_{""lat"":_45.425098802748686,_""lng"":_12.362717959741016}., activity_encounter_initiated_opener_success_bookworm365_opened_conversation_with_rialto_diarist_at_{""lat"":_45.425098802748686,_""lng"":_12.362717959741016}., activity_encounter_initiated_opener_success_bookworm365_opened_conversation_with_rialto_diarist_at_{""lat"":_45.425098802748686,_""lng"":_12.362717959741016}., activity_encounter_initiated_opener_success_bookworm365_opened_conversation_with_rialto_diarist_at_{""lat"":_45.425098802748686,_""lng"":_12.362717959741016}., activity_encounter_initiated_opener_success_bookworm365_opened_conversation_with_rialto_diarist_at_{""lat"":_45.425098802748686,_""lng"":_12.362717959741016}.",,Active,11/6/2025 2:04am,12/6/2025 12:26am,12/6/2025 12:26am,
,John_Jeffries,steven,0,53,,,"activity_encounter_initiated_opener_success_john_jeffries_opened_conversation_with_steven_at_{""lat"":_45.439276,_""lng"":_12.339331}., activity_encounter_initiated_opener_success_john_jeffries_opened_conversation_with_steven_at_{""lat"":_45.425098802748686,_""lng"":_12.362717959741016}., activity_encounter_initiated_opener_success_steven_opened_conversation_with_john_jeffries_at_{""lat"":_45.425098802748686,_""lng"":_12.362717959741016}., activity_encounter_initiated_opener_success_john_jeffries_opened_conversation_with_steven_at_{""lat"":_45.425098802748686,_""lng"":_12.362717959741016}., activity_encounter_initiated_opener_success_john_jeffries_opened_conversation_with_steven_at_{""lat"":_45.425098802748686,_""lng"":_12.362717959741016}.",,Active,10/6/2025 10:13pm,12/6/2025 12:13am,12/6/2025 12:13am,
,ProSilkTrader,rialto_diarist,0,53,,,"activity_encounter_initiated_opener_success_prosilktrader_opened_conversation_with_rialto_diarist_at_{""lat"":_45.425098802748686,_""lng"":_12.362717959741016}., activity_encounter_initiated_opener_success_prosilktrader_opened_conversation_with_rialto_diarist_at_{""lat"":_45.425098802748686,_""lng"":_12.362717959741016}., activity_encounter_initiated_opener_success_rialto_diarist_opened_conversation_with_prosilktrader_at_{""lat"":_45.425098802748686,_""lng"":_12.362717959741016}., activity_encounter_initiated_opener_success_prosilktrader_opened_conversation_with_rialto_diarist_at_{""lat"":_45.425098802748686,_""lng"":_12.362717959741016}., activity_encounter_initiated_opener_success_prosilktrader_opened_conversation_with_rialto_diarist_at_{""lat"":_45.425098802748686,_""lng"":_12.362717959741016}.",,Active,11/6/2025 1:11am,12/6/2025 12:09am,12/6/2025 12:09am,
,apulian_mariner,rialto_diarist,0,53,,,"activity_encounter_initiated_opener_success_rialto_diarist_opened_conversation_with_apulian_mariner_at_{""lat"":_45.425098802748686,_""lng"":_12.362717959741016}., activity_encounter_initiated_opener_success_rialto_diarist_opened_conversation_with_apulian_mariner_at_{""lat"":_45.425098802748686,_""lng"":_12.362717959741016}., activity_encounter_initiated_opener_success_apulian_mariner_opened_conversation_with_rialto_diarist_at_{""lat"":_45.425098802748686,_""lng"":_12.362717959741016}., activity_encounter_initiated_opener_success_rialto_diarist_opened_conversation_with_apulian_mariner_at_{""lat"":_45.425098802748686,_""lng"":_12.362717959741016}., activity_encounter_initiated_opener_success_apulian_mariner_opened_conversation_with_rialto_diarist_at_{""lat"":_45.425098802748686,_""lng"":_12.362717959741016}.",,Active,10/6/2025 11:20pm,12/6/2025 12:03am,12/6/2025 12:03am,
,rialto_diarist,steven,0,53,,,"activity_encounter_initiated_opener_success_rialto_diarist_opened_conversation_with_steven_at_{""lat"":_45.425098802748686,_""lng"":_12.362717959741016}., activity_encounter_initiated_opener_success_rialto_diarist_opened_conversation_with_steven_at_{""lat"":_45.425098802748686,_""lng"":_12.362717959741016}., activity_encounter_initiated_opener_success_steven_opened_conversation_with_rialto_diarist_at_{""lat"":_45.425098802748686,_""lng"":_12.362717959741016}., activity_encounter_initiated_opener_success_steven_opened_conversation_with_rialto_diarist_at_{""lat"":_45.425098802748686,_""lng"":_12.362717959741016}., activity_encounter_initiated_opener_success_steven_opened_conversation_with_rialto_diarist_at_{""lat"":_45.425098802748686,_""lng"":_12.362717959741016}.",,Active,11/6/2025 1:17am,11/6/2025 11:59pm,11/6/2025 11:59pm,
,painter_of_light,rialto_diarist,0,53,,,"activity_encounter_initiated_opener_success_painter_of_light_opened_conversation_with_rialto_diarist_at_{""lat"":_45.425098802748686,_""lng"":_12.362717959741016}., activity_encounter_initiated_opener_success_rialto_diarist_opened_conversation_with_painter_of_light_at_{""lat"":_45.425098802748686,_""lng"":_12.362717959741016}., activity_encounter_initiated_opener_success_painter_of_light_opened_conversation_with_rialto_diarist_at_{""lat"":_45.425098802748686,_""lng"":_12.362717959741016}., activity_encounter_initiated_opener_success_painter_of_light_opened_conversation_with_rialto_diarist_at_{""lat"":_45.425098802748686,_""lng"":_12.362717959741016}., activity_encounter_initiated_opener_success_painter_of_light_opened_conversation_with_rialto_diarist_at_{""lat"":_45.425098802748686,_""lng"":_12.362717959741016}.",,Active,11/6/2025 1:03am,11/6/2025 11:57pm,11/6/2025 11:57pm,
,UrbanExplorer,apulian_mariner,0,53,,,"activity_encounter_initiated_opener_success_urbanexplorer_opened_conversation_with_apulian_mariner_at_{""lat"":_45.425098802748686,_""lng"":_12.362717959741016}., activity_encounter_initiated_opener_success_apulian_mariner_opened_conversation_with_urbanexplorer_at_{""lat"":_45.425098802748686,_""lng"":_12.362717959741016}., activity_encounter_initiated_opener_success_urbanexplorer_opened_conversation_with_apulian_mariner_at_{""lat"":_45.425098802748686,_""lng"":_12.362717959741016}., activity_encounter_initiated_opener_success_apulian_mariner_opened_conversation_with_urbanexplorer_at_{""lat"":_45.425098802748686,_""lng"":_12.362717959741016}., activity_encounter_initiated_opener_success_urbanexplorer_opened_conversation_with_apulian_mariner_at_{""lat"":_45.425098802748686,_""lng"":_12.362717959741016}.",,Active,10/6/2025 9:48pm,11/6/2025 11:55pm,11/6/2025 11:55pm,
,apulian_mariner,trader4life,0,53,,,"activity_encounter_initiated_opener_success_trader4life_opened_conversation_with_apulian_mariner_at_{""lat"":_45.425098802748686,_""lng"":_12.362717959741016}., activity_encounter_initiated_opener_success_apulian_mariner_opened_conversation_with_trader4life_at_{""lat"":_45.425098802748686,_""lng"":_12.362717959741016}., activity_encounter_initiated_opener_success_apulian_mariner_opened_conversation_with_trader4life_at_{""lat"":_45.425098802748686,_""lng"":_12.362717959741016}., activity_encounter_initiated_opener_success_trader4life_opened_conversation_with_apulian_mariner_at_{""lat"":_45.425098802748686,_""lng"":_12.362717959741016}., activity_encounter_initiated_opener_success_apulian_mariner_opened_conversation_with_trader4life_at_{""lat"":_45.425098802748686,_""lng"":_12.362717959741016}.",,Active,11/6/2025 1:32am,11/6/2025 11:50pm,11/6/2025 11:50pm,
,StarGazer2000,rialto_diarist,0,53,,,"activity_encounter_initiated_opener_success_stargazer2000_opened_conversation_with_rialto_diarist_at_{""lat"":_45.425098802748686,_""lng"":_12.362717959741016}., activity_encounter_initiated_opener_success_rialto_diarist_opened_conversation_with_stargazer2000_at_{""lat"":_45.425098802748686,_""lng"":_12.362717959741016}., activity_encounter_initiated_opener_success_rialto_diarist_opened_conversation_with_stargazer2000_at_{""lat"":_45.425098802748686,_""lng"":_12.362717959741016}., activity_encounter_initiated_opener_success_stargazer2000_opened_conversation_with_rialto_diarist_at_{""lat"":_45.425098802748686,_""lng"":_12.362717959741016}., activity_encounter_initiated_opener_success_rialto_diarist_opened_conversation_with_stargazer2000_at_{""lat"":_45.425098802748686,_""lng"":_12.362717959741016}.",,Active,11/6/2025 1:13am,11/6/2025 11:47pm,11/6/2025 11:47pm,
,SilentObserver,apulian_mariner,0,53,,,"activity_encounter_initiated_opener_success_apulian_mariner_opened_conversation_with_silentobserver_at_{""lat"":_45.425098802748686,_""lng"":_12.362717959741016}., activity_encounter_initiated_opener_success_silentobserver_opened_conversation_with_apulian_mariner_at_{""lat"":_45.425098802748686,_""lng"":_12.362717959741016}., activity_encounter_initiated_opener_success_apulian_mariner_opened_conversation_with_silentobserver_at_{""lat"":_45.425098802748686,_""lng"":_12.362717959741016}., activity_encounter_initiated_opener_success_silentobserver_opened_conversation_with_apulian_mariner_at_{""lat"":_45.425098802748686,_""lng"":_12.362717959741016}., activity_encounter_initiated_opener_success_silentobserver_opened_conversation_with_apulian_mariner_at_{""lat"":_45.425098802748686,_""lng"":_12.362717959741016}.",,Active,11/6/2025 2:41am,11/6/2025 11:24pm,11/6/2025 11:24pm,
,John_Jeffries,ProSilkTrader,0,53,,,"activity_encounter_initiated_opener_success_prosilktrader_opened_conversation_with_john_jeffries_at_{""lat"":_45.425098802748686,_""lng"":_12.362717959741016}., activity_encounter_initiated_opener_success_prosilktrader_opened_conversation_with_john_jeffries_at_{""lat"":_45.425098802748686,_""lng"":_12.362717959741016}., activity_encounter_initiated_opener_success_prosilktrader_opened_conversation_with_john_jeffries_at_{""lat"":_45.425098802748686,_""lng"":_12.362717959741016}., activity_encounter_initiated_opener_success_john_jeffries_opened_conversation_with_prosilktrader_at_{""lat"":_45.425098802748686,_""lng"":_12.362717959741016}., activity_encounter_initiated_opener_success_john_jeffries_opened_conversation_with_prosilktrader_at_{""lat"":_45.425098802748686,_""lng"":_12.362717959741016}.",,Active,11/6/2025 3:34am,11/6/2025 11:22pm,11/6/2025 11:22pm,
,StarGazer2000,tavern_tales,0,53,,,"activity_encounter_initiated_opener_success_tavern_tales_opened_conversation_with_stargazer2000_at_{""lat"":_45.425098802748686,_""lng"":_12.362717959741016}., activity_encounter_initiated_opener_success_stargazer2000_opened_conversation_with_tavern_tales_at_{""lat"":_45.425098802748686,_""lng"":_12.362717959741016}., activity_encounter_initiated_opener_success_tavern_tales_opened_conversation_with_stargazer2000_at_{""lat"":_45.425098802748686,_""lng"":_12.362717959741016}., activity_encounter_initiated_opener_success_stargazer2000_opened_conversation_with_tavern_tales_at_{""lat"":_45.425098802748686,_""lng"":_12.362717959741016}., activity_encounter_initiated_opener_success_tavern_tales_opened_conversation_with_stargazer2000_at_{""lat"":_45.425098802748686,_""lng"":_12.362717959741016}.",,Active,10/6/2025 4:29pm,11/6/2025 11:18pm,11/6/2025 11:18pm,
,BookWorm365,apulian_mariner,0,53,,,"activity_encounter_initiated_opener_success_apulian_mariner_opened_conversation_with_bookworm365_at_{""lat"":_45.425098802748686,_""lng"":_12.362717959741016}., activity_encounter_initiated_opener_success_apulian_mariner_opened_conversation_with_bookworm365_at_{""lat"":_45.425098802748686,_""lng"":_12.362717959741016}., activity_encounter_initiated_opener_success_bookworm365_opened_conversation_with_apulian_mariner_at_{""lat"":_45.425098802748686,_""lng"":_12.362717959741016}., activity_encounter_initiated_opener_success_apulian_mariner_opened_conversation_with_bookworm365_at_{""lat"":_45.425098802748686,_""lng"":_12.362717959741016}., activity_encounter_initiated_opener_success_apulian_mariner_opened_conversation_with_bookworm365_at_{""lat"":_45.425098802748686,_""lng"":_12.362717959741016}.",,Active,10/6/2025 9:02pm,11/6/2025 11:14pm,11/6/2025 11:14pm,
,TechnoMedici,dkaya,0,53,,,"activity_encounter_initiated_opener_success_technomedici_opened_conversation_with_dkaya_at_{""lat"":_45.439276,_""lng"":_12.339331}., activity_encounter_initiated_opener_success_dkaya_opened_conversation_with_technomedici_at_{""lat"":_45.439276,_""lng"":_12.339331}., activity_encounter_initiated_opener_success_technomedici_opened_conversation_with_dkaya_at_{""lat"":_45.439276,_""lng"":_12.339331}., activity_encounter_initiated_opener_success_technomedici_opened_conversation_with_dkaya_at_{""lat"":_45.439276,_""lng"":_12.339331}., activity_encounter_initiated_opener_success_technomedici_opened_conversation_with_dkaya_at_{""lat"":_45.439276,_""lng"":_12.339331}.",,Active,10/6/2025 10:12pm,11/6/2025 11:08pm,11/6/2025 11:08pm,
,Lucid,bigbosefx,0,53,,,"activity_encounter_initiated_opener_success_lucid_opened_conversation_with_bigbosefx_at_{""lat"":_45.43844921305672,_""lng"":_12.333089926233379,_""polygonid"":_""polygon-1746072967949"",_""pointtype"":_""land""}., activity_encounter_initiated_opener_success_lucid_opened_conversation_with_bigbosefx_at_{""lat"":_45.43844921305672,_""lng"":_12.333089926233379,_""polygonid"":_""polygon-1746072967949"",_""pointtype"":_""land""}., activity_encounter_initiated_opener_success_bigbosefx_opened_conversation_with_lucid_at_{""lat"":_45.43844921305672,_""lng"":_12.333089926233379,_""polygonid"":_""polygon-1746072967949"",_""pointtype"":_""land""}., activity_encounter_initiated_opener_success_lucid_opened_conversation_with_bigbosefx_at_{""lat"":_45.43844921305672,_""lng"":_12.333089926233379,_""polygonid"":_""polygon-1746072967949"",_""pointtype"":_""land""}., activity_encounter_initiated_opener_success_bigbosefx_opened_conversation_with_lucid_at_{""lat"":_45.43844921305672,_""lng"":_12.333089926233379,_""polygonid"":_""polygon-1746072967949"",_""pointtype"":_""land""}.",,Active,10/6/2025 4:18pm,11/6/2025 11:05pm,11/6/2025 11:05pm,
,Italia,TopGlassmaker,0,53,,,"activity_encounter_initiated_opener_success_italia_opened_conversation_with_topglassmaker_at_{""lat"":_45.425098802748686,_""lng"":_12.362717959741016}., activity_encounter_initiated_opener_success_italia_opened_conversation_with_topglassmaker_at_{""lat"":_45.425098802748686,_""lng"":_12.362717959741016}., activity_encounter_initiated_opener_success_italia_opened_conversation_with_topglassmaker_at_{""lat"":_45.425098802748686,_""lng"":_12.362717959741016}., activity_encounter_initiated_opener_success_topglassmaker_opened_conversation_with_italia_at_{""lat"":_45.425098802748686,_""lng"":_12.362717959741016}., activity_encounter_initiated_opener_success_italia_opened_conversation_with_topglassmaker_at_{""lat"":_45.425098802748686,_""lng"":_12.362717959741016}.",,Active,10/6/2025 9:37pm,11/6/2025 8:43pm,11/6/2025 8:43pm,
,BookWorm365,TopGlassmaker,0,53,,,"activity_encounter_initiated_opener_success_bookworm365_opened_conversation_with_topglassmaker_at_{""lat"":_45.425098802748686,_""lng"":_12.362717959741016}., activity_encounter_initiated_opener_success_bookworm365_opened_conversation_with_topglassmaker_at_{""lat"":_45.425098802748686,_""lng"":_12.362717959741016}., activity_encounter_initiated_opener_success_topglassmaker_opened_conversation_with_bookworm365_at_{""lat"":_45.425098802748686,_""lng"":_12.362717959741016}., activity_encounter_initiated_opener_success_bookworm365_opened_conversation_with_topglassmaker_at_{""lat"":_45.425098802748686,_""lng"":_12.362717959741016}., activity_encounter_initiated_opener_success_topglassmaker_opened_conversation_with_bookworm365_at_{""lat"":_45.425098802748686,_""lng"":_12.362717959741016}.",,Active,10/6/2025 9:19pm,11/6/2025 8:10pm,11/6/2025 8:10pm,
,ProSilkTrader,UrbanExplorer,0,53,,,"activity_encounter_initiated_opener_success_urbanexplorer_opened_conversation_with_prosilktrader_at_{""lat"":_45.425098802748686,_""lng"":_12.362717959741016}., activity_encounter_initiated_opener_success_prosilktrader_opened_conversation_with_urbanexplorer_at_{""lat"":_45.425098802748686,_""lng"":_12.362717959741016}., activity_encounter_initiated_opener_success_urbanexplorer_opened_conversation_with_prosilktrader_at_{""lat"":_45.425098802748686,_""lng"":_12.362717959741016}., activity_encounter_initiated_opener_success_prosilktrader_opened_conversation_with_urbanexplorer_at_{""lat"":_45.425098802748686,_""lng"":_12.362717959741016}., activity_encounter_initiated_opener_success_urbanexplorer_opened_conversation_with_prosilktrader_at_{""lat"":_45.425098802748686,_""lng"":_12.362717959741016}.",,Active,10/6/2025 9:27pm,11/6/2025 7:45pm,11/6/2025 7:45pm,
,ConsiglioDeiDieci,TopGlassmaker,0,53,,,"activity_encounter_initiated_opener_success_topglassmaker_opened_conversation_with_consigliodeidieci_at_{""lat"":_45.425098802748686,_""lng"":_12.362717959741016}., activity_encounter_initiated_opener_success_consigliodeidieci_opened_conversation_with_topglassmaker_at_{""lat"":_45.425098802748686,_""lng"":_12.362717959741016}., activity_encounter_initiated_opener_success_consigliodeidieci_opened_conversation_with_topglassmaker_at_{""lat"":_45.425098802748686,_""lng"":_12.362717959741016}., activity_encounter_initiated_opener_success_topglassmaker_opened_conversation_with_consigliodeidieci_at_{""lat"":_45.425098802748686,_""lng"":_12.362717959741016}., activity_encounter_initiated_opener_success_consigliodeidieci_opened_conversation_with_topglassmaker_at_{""lat"":_45.425098802748686,_""lng"":_12.362717959741016}.",,Active,10/6/2025 11:46pm,11/6/2025 7:40pm,11/6/2025 7:40pm,
,ProSilkTrader,TopGlassmaker,0,53,,,"activity_encounter_initiated_opener_success_prosilktrader_opened_conversation_with_topglassmaker_at_{""lat"":_45.425098802748686,_""lng"":_12.362717959741016}., activity_encounter_initiated_opener_success_topglassmaker_opened_conversation_with_prosilktrader_at_{""lat"":_45.425098802748686,_""lng"":_12.362717959741016}., activity_encounter_initiated_opener_success_topglassmaker_opened_conversation_with_prosilktrader_at_{""lat"":_45.425098802748686,_""lng"":_12.362717959741016}., activity_encounter_initiated_opener_success_topglassmaker_opened_conversation_with_prosilktrader_at_{""lat"":_45.425098802748686,_""lng"":_12.362717959741016}., activity_encounter_initiated_opener_success_topglassmaker_opened_conversation_with_prosilktrader_at_{""lat"":_45.425098802748686,_""lng"":_12.362717959741016}.",,Active,10/6/2025 9:52pm,11/6/2025 7:04pm,11/6/2025 7:04pm,
,BigMike,CannaregioPaolo,0,53,,,"activity_encounter_initiated_opener_success_cannaregiopaolo_opened_conversation_with_bigmike_at_{""lat"":_45.439346,_""lng"":_12.318219}., activity_encounter_initiated_opener_success_bigmike_opened_conversation_with_cannaregiopaolo_at_{""lat"":_45.439346,_""lng"":_12.318219}., activity_encounter_initiated_opener_success_bigmike_opened_conversation_with_cannaregiopaolo_at_{""lat"":_45.439346,_""lng"":_12.318219}., activity_encounter_initiated_opener_success_bigmike_opened_conversation_with_cannaregiopaolo_at_{""lat"":_45.439346,_""lng"":_12.318219}., activity_encounter_initiated_opener_success_bigmike_opened_conversation_with_cannaregiopaolo_at_{""lat"":_45.439346,_""lng"":_12.318219}.",,Active,11/6/2025 12:03am,11/6/2025 6:43pm,11/6/2025 6:43pm,
,BigMike,Foscari_Banker,0,53,,,"activity_encounter_initiated_opener_success_bigmike_opened_conversation_with_foscari_banker_at_{""lat"":_45.439346,_""lng"":_12.318219}., activity_encounter_initiated_opener_success_bigmike_opened_conversation_with_foscari_banker_at_{""lat"":_45.439346,_""lng"":_12.318219}., activity_encounter_initiated_opener_success_foscari_banker_opened_conversation_with_bigmike_at_{""lat"":_45.439346,_""lng"":_12.318219}., activity_encounter_initiated_opener_success_foscari_banker_opened_conversation_with_bigmike_at_{""lat"":_45.439346,_""lng"":_12.318219}., activity_encounter_initiated_opener_success_bigmike_opened_conversation_with_foscari_banker_at_{""lat"":_45.439346,_""lng"":_12.318219}.",,Active,11/6/2025 12:06am,11/6/2025 6:42pm,11/6/2025 6:42pm,
,CannaregioPaolo,Foscari_Banker,0,53,,,"activity_encounter_initiated_opener_success_cannaregiopaolo_opened_conversation_with_foscari_banker_at_{""lat"":_45.439346,_""lng"":_12.318219}., activity_encounter_initiated_opener_success_foscari_banker_opened_conversation_with_cannaregiopaolo_at_{""lat"":_45.439346,_""lng"":_12.318219}., activity_encounter_initiated_opener_success_cannaregiopaolo_opened_conversation_with_foscari_banker_at_{""lat"":_45.439346,_""lng"":_12.318219}., activity_encounter_initiated_opener_success_cannaregiopaolo_opened_conversation_with_foscari_banker_at_{""lat"":_45.439346,_""lng"":_12.318219}., activity_encounter_initiated_opener_success_cannaregiopaolo_opened_conversation_with_foscari_banker_at_{""lat"":_45.439346,_""lng"":_12.318219}.",,Active,11/6/2025 12:05am,11/6/2025 6:41pm,11/6/2025 6:41pm,
,aegean_mariner,alexandria_trader,0,53,,,"activity_encounter_initiated_opener_success_aegean_mariner_opened_conversation_with_alexandria_trader_at_{""lat"":_45.43844921305672,_""lng"":_12.333089926233379,_""polygonid"":_""polygon-1746072967949"",_""pointtype"":_""land""}., activity_encounter_initiated_opener_success_aegean_mariner_opened_conversation_with_alexandria_trader_at_{""lat"":_45.43844921305672,_""lng"":_12.333089926233379,_""polygonid"":_""polygon-1746072967949"",_""pointtype"":_""land""}., activity_encounter_initiated_opener_success_aegean_mariner_opened_conversation_with_alexandria_trader_at_{""lat"":_45.43844921305672,_""lng"":_12.333089926233379,_""polygonid"":_""polygon-1746072967949"",_""pointtype"":_""land""}., activity_encounter_initiated_opener_success_aegean_mariner_opened_conversation_with_alexandria_trader_at_{""lat"":_45.43844921305672,_""lng"":_12.333089926233379,_""polygonid"":_""polygon-1746072967949"",_""pointtype"":_""land""}., activity_encounter_initiated_opener_success_alexandria_trader_opened_conversation_with_aegean_mariner_at_{""lat"":_45.43844921305672,_""lng"":_12.333089926233379,_""polygonid"":_""polygon-1746072967949"",_""pointtype"":_""land""}.",,Active,10/6/2025 4:20pm,11/6/2025 12:15pm,11/6/2025 12:15pm,
,aegean_mariner,poet_of_the_rialto,0,53,,,"activity_encounter_initiated_opener_success_poet_of_the_rialto_opened_conversation_with_aegean_mariner_at_{""lat"":_45.43844921305672,_""lng"":_12.333089926233379,_""polygonid"":_""polygon-1746072967949"",_""pointtype"":_""land""}., activity_encounter_initiated_opener_success_aegean_mariner_opened_conversation_with_poet_of_the_rialto_at_{""lat"":_45.43844921305672,_""lng"":_12.333089926233379,_""polygonid"":_""polygon-1746072967949"",_""pointtype"":_""land""}., activity_encounter_initiated_opener_success_aegean_mariner_opened_conversation_with_poet_of_the_rialto_at_{""lat"":_45.43844921305672,_""lng"":_12.333089926233379,_""polygonid"":_""polygon-1746072967949"",_""pointtype"":_""land""}., activity_encounter_initiated_opener_success_aegean_mariner_opened_conversation_with_poet_of_the_rialto_at_{""lat"":_45.43844921305672,_""lng"":_12.333089926233379,_""polygonid"":_""polygon-1746072967949"",_""pointtype"":_""land""}., activity_encounter_initiated_opener_success_poet_of_the_rialto_opened_conversation_with_aegean_mariner_at_{""lat"":_45.43844921305672,_""lng"":_12.333089926233379,_""polygonid"":_""polygon-1746072967949"",_""pointtype"":_""land""}.",,Active,10/6/2025 4:04pm,11/6/2025 12:08pm,11/6/2025 12:08pm,
,bigbosefx,poet_of_the_rialto,0,53,,,"activity_encounter_initiated_opener_success_poet_of_the_rialto_opened_conversation_with_bigbosefx_at_{""lat"":_45.43844921305672,_""lng"":_12.333089926233379,_""polygonid"":_""polygon-1746072967949"",_""pointtype"":_""land""}., activity_encounter_initiated_opener_success_poet_of_the_rialto_opened_conversation_with_bigbosefx_at_{""lat"":_45.43844921305672,_""lng"":_12.333089926233379,_""polygonid"":_""polygon-1746072967949"",_""pointtype"":_""land""}., activity_encounter_initiated_opener_success_bigbosefx_opened_conversation_with_poet_of_the_rialto_at_{""lat"":_45.43844921305672,_""lng"":_12.333089926233379,_""polygonid"":_""polygon-1746072967949"",_""pointtype"":_""land""}., activity_encounter_initiated_opener_success_poet_of_the_rialto_opened_conversation_with_bigbosefx_at_{""lat"":_45.43844921305672,_""lng"":_12.333089926233379,_""polygonid"":_""polygon-1746072967949"",_""pointtype"":_""land""}., activity_encounter_initiated_opener_success_bigbosefx_opened_conversation_with_poet_of_the_rialto_at_{""lat"":_45.43844921305672,_""lng"":_12.333089926233379,_""polygonid"":_""polygon-1746072967949"",_""pointtype"":_""land""}.",,Active,10/6/2025 4:25pm,11/6/2025 12:06pm,11/6/2025 12:06pm,
,aegean_mariner,greek_trader2,0,53,,,"activity_encounter_initiated_opener_success_aegean_mariner_opened_conversation_with_greek_trader2_at_{""lat"":_45.43844921305672,_""lng"":_12.333089926233379,_""polygonid"":_""polygon-1746072967949"",_""pointtype"":_""land""}., activity_encounter_initiated_opener_success_aegean_mariner_opened_conversation_with_greek_trader2_at_{""lat"":_45.43844921305672,_""lng"":_12.333089926233379,_""polygonid"":_""polygon-1746072967949"",_""pointtype"":_""land""}., activity_encounter_initiated_opener_success_aegean_mariner_opened_conversation_with_greek_trader2_at_{""lat"":_45.43844921305672,_""lng"":_12.333089926233379,_""polygonid"":_""polygon-1746072967949"",_""pointtype"":_""land""}., activity_encounter_initiated_opener_success_aegean_mariner_opened_conversation_with_greek_trader2_at_{""lat"":_45.43844921305672,_""lng"":_12.333089926233379,_""polygonid"":_""polygon-1746072967949"",_""pointtype"":_""land""}., activity_encounter_initiated_opener_success_greek_trader2_opened_conversation_with_aegean_mariner_at_{""lat"":_45.43844921305672,_""lng"":_12.333089926233379,_""polygonid"":_""polygon-1746072967949"",_""pointtype"":_""land""}.",,Active,10/6/2025 4:08pm,11/6/2025 11:53am,11/6/2025 11:53am,
,bigbosefx,greek_trader2,0,53,,,"activity_encounter_initiated_opener_success_greek_trader2_opened_conversation_with_bigbosefx_at_{""lat"":_45.43844921305672,_""lng"":_12.333089926233379,_""polygonid"":_""polygon-1746072967949"",_""pointtype"":_""land""}., activity_encounter_initiated_opener_success_greek_trader2_opened_conversation_with_bigbosefx_at_{""lat"":_45.43844921305672,_""lng"":_12.333089926233379,_""polygonid"":_""polygon-1746072967949"",_""pointtype"":_""land""}., activity_encounter_initiated_opener_success_greek_trader2_opened_conversation_with_bigbosefx_at_{""lat"":_45.43844921305672,_""lng"":_12.333089926233379,_""polygonid"":_""polygon-1746072967949"",_""pointtype"":_""land""}., activity_encounter_initiated_opener_success_greek_trader2_opened_conversation_with_bigbosefx_at_{""lat"":_45.43844921305672,_""lng"":_12.333089926233379,_""polygonid"":_""polygon-1746072967949"",_""pointtype"":_""land""}., activity_encounter_initiated_opener_success_bigbosefx_opened_conversation_with_greek_trader2_at_{""lat"":_45.43844921305672,_""lng"":_12.333089926233379,_""polygonid"":_""polygon-1746072967949"",_""pointtype"":_""land""}.",,Active,10/6/2025 4:20pm,11/6/2025 11:52am,11/6/2025 11:52am,
,Lucid,alexandria_trader,0,53,,,"activity_encounter_initiated_opener_success_alexandria_trader_opened_conversation_with_lucid_at_{""lat"":_45.43844921305672,_""lng"":_12.333089926233379,_""polygonid"":_""polygon-1746072967949"",_""pointtype"":_""land""}., activity_encounter_initiated_opener_success_alexandria_trader_opened_conversation_with_lucid_at_{""lat"":_45.43844921305672,_""lng"":_12.333089926233379,_""polygonid"":_""polygon-1746072967949"",_""pointtype"":_""land""}., activity_encounter_initiated_opener_success_lucid_opened_conversation_with_alexandria_trader_at_{""lat"":_45.43844921305672,_""lng"":_12.333089926233379,_""polygonid"":_""polygon-1746072967949"",_""pointtype"":_""land""}., activity_encounter_initiated_opener_success_lucid_opened_conversation_with_alexandria_trader_at_{""lat"":_45.43844921305672,_""lng"":_12.333089926233379,_""polygonid"":_""polygon-1746072967949"",_""pointtype"":_""land""}., activity_encounter_initiated_opener_success_lucid_opened_conversation_with_alexandria_trader_at_{""lat"":_45.43844921305672,_""lng"":_12.333089926233379,_""polygonid"":_""polygon-1746072967949"",_""pointtype"":_""land""}.",,Active,10/6/2025 4:12pm,11/6/2025 11:24am,11/6/2025 11:24am,
,ItalyMerchant,TopGlassmaker,0,53,,,"activity_encounter_initiated_opener_success_topglassmaker_opened_conversation_with_italymerchant_at_{""lat"":_45.440862333333335,_""lng"":_12.327658999999999}., activity_encounter_initiated_opener_success_topglassmaker_opened_conversation_with_italymerchant_at_{""lat"":_45.440862333333335,_""lng"":_12.327658999999999}., activity_encounter_initiated_opener_success_topglassmaker_opened_conversation_with_italymerchant_at_{""lat"":_45.440862333333335,_""lng"":_12.327658999999999}., activity_encounter_initiated_opener_success_topglassmaker_opened_conversation_with_italymerchant_at_{""lat"":_45.440862333333335,_""lng"":_12.327658999999999}., activity_encounter_initiated_opener_success_topglassmaker_opened_conversation_with_italymerchant_at_{""lat"":_45.440862333333335,_""lng"":_12.327658999999999}.",,Active,6/6/2025 11:03pm,8/6/2025 1:41pm,8/6/2025 1:41pm,
,TopGlassmaker,VenicePhotographer,0,53,,,"activity_encounter_initiated_opener_success_topglassmaker_opened_conversation_with_venicephotographer_at_{""lat"":_45.440862333333335,_""lng"":_12.327658999999999}., activity_encounter_initiated_opener_success_topglassmaker_opened_conversation_with_venicephotographer_at_{""lat"":_45.440862333333335,_""lng"":_12.327658999999999}., activity_encounter_initiated_opener_success_venicephotographer_opened_conversation_with_topglassmaker_at_{""lat"":_45.440862333333335,_""lng"":_12.327658999999999}., activity_encounter_initiated_opener_success_topglassmaker_opened_conversation_with_venicephotographer_at_{""lat"":_45.440862333333335,_""lng"":_12.327658999999999}., activity_encounter_initiated_opener_success_topglassmaker_opened_conversation_with_venicephotographer_at_{""lat"":_45.440862333333335,_""lng"":_12.327658999999999}.",,Active,6/6/2025 11:31pm,8/6/2025 1:36pm,8/6/2025 1:36pm,
,SilkRoadRunner,TopGlassmaker,0,53,,,"activity_encounter_initiated_opener_success_silkroadrunner_opened_conversation_with_topglassmaker_at_{""lat"":_45.440862333333335,_""lng"":_12.327658999999999}., activity_encounter_initiated_opener_success_topglassmaker_opened_conversation_with_silkroadrunner_at_{""lat"":_45.440862333333335,_""lng"":_12.327658999999999}., activity_encounter_initiated_opener_success_topglassmaker_opened_conversation_with_silkroadrunner_at_{""lat"":_45.440862333333335,_""lng"":_12.327658999999999}., activity_encounter_initiated_opener_success_silkroadrunner_opened_conversation_with_topglassmaker_at_{""lat"":_45.440862333333335,_""lng"":_12.327658999999999}., activity_encounter_initiated_opener_success_silkroadrunner_opened_conversation_with_topglassmaker_at_{""lat"":_45.440862333333335,_""lng"":_12.327658999999999}.",,Active,6/6/2025 11:51pm,8/6/2025 12:17pm,8/6/2025 12:17pm,
,QuantumLeap,TopGlassmaker,0,53,,,"activity_encounter_initiated_opener_success_quantumleap_opened_conversation_with_topglassmaker_at_{""lat"":_45.440862333333335,_""lng"":_12.327658999999999}., activity_encounter_initiated_opener_success_topglassmaker_opened_conversation_with_quantumleap_at_{""lat"":_45.440862333333335,_""lng"":_12.327658999999999}., activity_encounter_initiated_opener_success_quantumleap_opened_conversation_with_topglassmaker_at_{""lat"":_45.440862333333335,_""lng"":_12.327658999999999}., activity_encounter_initiated_opener_success_topglassmaker_opened_conversation_with_quantumleap_at_{""lat"":_45.440862333333335,_""lng"":_12.327658999999999}., activity_encounter_initiated_opener_success_topglassmaker_opened_conversation_with_quantumleap_at_{""lat"":_45.440862333333335,_""lng"":_12.327658999999999}.",,Active,6/6/2025 11:21pm,8/6/2025 12:12pm,8/6/2025 12:12pm,
,QuantumLeap,coffee,0,53,,,"activity_fetch_pickup_success, activity_fetch_pickup_failure_nothing_to_pickup, activity_fetch_pickup_success",,Active,19/6/2025 10:49am,27/6/2025 3:00pm,27/6/2025 3:00pm,
,ItalyMerchant,VeniceTrader88,0,53,,,"activity_fetch_pickup_success, activity_fetch_pickup_failure_nothing_to_pickup, activity_fetch_pickup_success",,Active,10/6/2025 9:03pm,14/6/2025 10:38am,14/6/2025 10:38am,
,ItalyMerchant,sea_trader,0,53,,,"activity_fetch_galley_stock_success, activity_fetch_galley_processing_failure_system_error, activity_fetch_galley_stock_success",,Active,10/6/2025 1:35am,10/6/2025 1:36am,10/6/2025 1:36am,
,BarbarigoCadet,sicily_mariner,0,53,,,"activity_fetch_galley_stock_success, activity_fetch_galley_stock_success, activity_fetch_galley_stock_failure_galley_empty",,Active,16/6/2025 10:02pm,16/6/2025 10:17pm,16/6/2025 10:17pm,
,PixelDoge,trader4life,0,53,,,"activity_encounter_initiated_opener_success_trader4life_opened_conversation_with_pixeldoge_at_{""lat"":_45.425098802748686,_""lng"":_12.362717959741016}., activity_encounter_initiated_opener_success_pixeldoge_opened_conversation_with_trader4life_at_{""lat"":_45.425098802748686,_""lng"":_12.362717959741016}., activity_encounter_initiated_opener_success_trader4life_opened_conversation_with_pixeldoge_at_{""lat"":_45.425098802748686,_""lng"":_12.362717959741016}., activity_encounter_initiated_opener_success_pixeldoge_opened_conversation_with_trader4life_at_{""lat"":_45.425098802748686,_""lng"":_12.362717959741016}.",,Active,11/6/2025 8:25am,12/6/2025 8:29pm,12/6/2025 8:29pm,
,John_Jeffries,tavern_tales,0,53,,,"activity_encounter_initiated_opener_success_tavern_tales_opened_conversation_with_john_jeffries_at_{""lat"":_45.425098802748686,_""lng"":_12.362717959741016}., activity_encounter_initiated_opener_success_john_jeffries_opened_conversation_with_tavern_tales_at_{""lat"":_45.425098802748686,_""lng"":_12.362717959741016}., activity_encounter_initiated_opener_success_tavern_tales_opened_conversation_with_john_jeffries_at_{""lat"":_45.425098802748686,_""lng"":_12.362717959741016}., activity_encounter_initiated_opener_success_tavern_tales_opened_conversation_with_john_jeffries_at_{""lat"":_45.42912840789326,_""lng"":_12.358313394161534,_""polygonid"":_""polygon-1746057372815"",_""pointtype"":_""land""}.",,Active,11/6/2025 12:47am,12/6/2025 8:12pm,12/6/2025 8:12pm,
,UrbanExplorer,trader4life,0,53,,,"activity_encounter_initiated_opener_success_trader4life_opened_conversation_with_urbanexplorer_at_{""lat"":_45.425098802748686,_""lng"":_12.362717959741016}., activity_encounter_initiated_opener_success_trader4life_opened_conversation_with_urbanexplorer_at_{""lat"":_45.425098802748686,_""lng"":_12.362717959741016}., activity_encounter_initiated_opener_success_trader4life_opened_conversation_with_urbanexplorer_at_{""lat"":_45.425098802748686,_""lng"":_12.362717959741016}., activity_encounter_initiated_opener_success_trader4life_opened_conversation_with_urbanexplorer_at_{""lat"":_45.425098802748686,_""lng"":_12.362717959741016}.",,Active,11/6/2025 8:06am,12/6/2025 11:43am,12/6/2025 11:43am,
,Italia,painter_of_light,0,53,,,"activity_encounter_initiated_opener_success_italia_opened_conversation_with_painter_of_light_at_{""lat"":_45.425098802748686,_""lng"":_12.362717959741016}., activity_encounter_initiated_opener_success_painter_of_light_opened_conversation_with_italia_at_{""lat"":_45.425098802748686,_""lng"":_12.362717959741016}., activity_encounter_initiated_opener_success_italia_opened_conversation_with_painter_of_light_at_{""lat"":_45.425098802748686,_""lng"":_12.362717959741016}., activity_encounter_initiated_opener_success_italia_opened_conversation_with_painter_of_light_at_{""lat"":_45.425098802748686,_""lng"":_12.362717959741016}.",,Active,11/6/2025 3:39am,12/6/2025 12:54am,12/6/2025 12:54am,
,BookWorm365,Italia,0,53,,,"activity_encounter_initiated_opener_success_bookworm365_opened_conversation_with_italia_at_{""lat"":_45.425098802748686,_""lng"":_12.362717959741016}., activity_encounter_initiated_opener_success_italia_opened_conversation_with_bookworm365_at_{""lat"":_45.425098802748686,_""lng"":_12.362717959741016}., activity_encounter_initiated_opener_success_italia_opened_conversation_with_bookworm365_at_{""lat"":_45.425098802748686,_""lng"":_12.362717959741016}., activity_encounter_initiated_opener_success_bookworm365_opened_conversation_with_italia_at_{""lat"":_45.425098802748686,_""lng"":_12.362717959741016}.",,Active,10/6/2025 9:15pm,12/6/2025 12:53am,12/6/2025 12:53am,
,John_Jeffries,PixelDoge,0,53,,,"activity_encounter_initiated_opener_success_pixeldoge_opened_conversation_with_john_jeffries_at_{""lat"":_45.425098802748686,_""lng"":_12.362717959741016}., activity_encounter_initiated_opener_success_pixeldoge_opened_conversation_with_john_jeffries_at_{""lat"":_45.425098802748686,_""lng"":_12.362717959741016}., activity_encounter_initiated_opener_success_john_jeffries_opened_conversation_with_pixeldoge_at_{""lat"":_45.425098802748686,_""lng"":_12.362717959741016}., activity_encounter_initiated_opener_success_pixeldoge_opened_conversation_with_john_jeffries_at_{""lat"":_45.425098802748686,_""lng"":_12.362717959741016}.",,Active,11/6/2025 8:47am,12/6/2025 12:50am,12/6/2025 12:50am,
,John_Jeffries,trader4life,0,53,,,"activity_encounter_initiated_opener_success_trader4life_opened_conversation_with_john_jeffries_at_{""lat"":_45.425098802748686,_""lng"":_12.362717959741016}., activity_encounter_initiated_opener_success_trader4life_opened_conversation_with_john_jeffries_at_{""lat"":_45.425098802748686,_""lng"":_12.362717959741016}., activity_encounter_initiated_opener_success_john_jeffries_opened_conversation_with_trader4life_at_{""lat"":_45.425098802748686,_""lng"":_12.362717959741016}., activity_encounter_initiated_opener_success_trader4life_opened_conversation_with_john_jeffries_at_{""lat"":_45.425098802748686,_""lng"":_12.362717959741016}.",,Active,11/6/2025 8:36am,12/6/2025 12:43am,12/6/2025 12:43am,
,PixelDoge,UrbanExplorer,0,53,,,"activity_encounter_initiated_opener_success_urbanexplorer_opened_conversation_with_pixeldoge_at_{""lat"":_45.425098802748686,_""lng"":_12.362717959741016}., activity_encounter_initiated_opener_success_pixeldoge_opened_conversation_with_urbanexplorer_at_{""lat"":_45.425098802748686,_""lng"":_12.362717959741016}., activity_encounter_initiated_opener_success_urbanexplorer_opened_conversation_with_pixeldoge_at_{""lat"":_45.425098802748686,_""lng"":_12.362717959741016}., activity_encounter_initiated_opener_success_urbanexplorer_opened_conversation_with_pixeldoge_at_{""lat"":_45.425098802748686,_""lng"":_12.362717959741016}.",,Active,11/6/2025 8:18am,12/6/2025 12:38am,12/6/2025 12:38am,
,SilentObserver,painter_of_light,0,53,,,"activity_encounter_initiated_opener_success_silentobserver_opened_conversation_with_painter_of_light_at_{""lat"":_45.425098802748686,_""lng"":_12.362717959741016}., activity_encounter_initiated_opener_success_painter_of_light_opened_conversation_with_silentobserver_at_{""lat"":_45.425098802748686,_""lng"":_12.362717959741016}., activity_encounter_initiated_opener_success_painter_of_light_opened_conversation_with_silentobserver_at_{""lat"":_45.425098802748686,_""lng"":_12.362717959741016}., activity_encounter_initiated_opener_success_painter_of_light_opened_conversation_with_silentobserver_at_{""lat"":_45.425098802748686,_""lng"":_12.362717959741016}.",,Active,11/6/2025 8:53am,12/6/2025 12:37am,12/6/2025 12:37am,
,ProSilkTrader,painter_of_light,0,53,,,"activity_encounter_initiated_opener_success_prosilktrader_opened_conversation_with_painter_of_light_at_{""lat"":_45.425098802748686,_""lng"":_12.362717959741016}., activity_encounter_initiated_opener_success_painter_of_light_opened_conversation_with_prosilktrader_at_{""lat"":_45.425098802748686,_""lng"":_12.362717959741016}., activity_encounter_initiated_opener_success_prosilktrader_opened_conversation_with_painter_of_light_at_{""lat"":_45.425098802748686,_""lng"":_12.362717959741016}., activity_encounter_initiated_opener_success_prosilktrader_opened_conversation_with_painter_of_light_at_{""lat"":_45.425098802748686,_""lng"":_12.362717959741016}.",,Active,11/6/2025 8:22am,12/6/2025 12:23am,12/6/2025 12:23am,
,Italia,UrbanExplorer,0,53,,,"activity_encounter_initiated_opener_success_italia_opened_conversation_with_urbanexplorer_at_{""lat"":_45.425098802748686,_""lng"":_12.362717959741016}., activity_encounter_initiated_opener_success_italia_opened_conversation_with_urbanexplorer_at_{""lat"":_45.425098802748686,_""lng"":_12.362717959741016}., activity_encounter_initiated_opener_success_urbanexplorer_opened_conversation_with_italia_at_{""lat"":_45.425098802748686,_""lng"":_12.362717959741016}., activity_encounter_initiated_opener_success_italia_opened_conversation_with_urbanexplorer_at_{""lat"":_45.425098802748686,_""lng"":_12.362717959741016}.",,Active,10/6/2025 9:23pm,12/6/2025 12:13am,12/6/2025 12:13am,
,BookWorm365,John_Jeffries,0,53,,,"activity_encounter_initiated_opener_success_john_jeffries_opened_conversation_with_bookworm365_at_{""lat"":_45.425098802748686,_""lng"":_12.362717959741016}., activity_encounter_initiated_opener_success_bookworm365_opened_conversation_with_john_jeffries_at_{""lat"":_45.425098802748686,_""lng"":_12.362717959741016}., activity_encounter_initiated_opener_success_bookworm365_opened_conversation_with_john_jeffries_at_{""lat"":_45.425098802748686,_""lng"":_12.362717959741016}., activity_encounter_initiated_opener_success_bookworm365_opened_conversation_with_john_jeffries_at_{""lat"":_45.425098802748686,_""lng"":_12.362717959741016}.",,Active,11/6/2025 8:50am,12/6/2025 12:06am,12/6/2025 12:06am,
,SilentObserver,UrbanExplorer,0,53,,,"activity_encounter_initiated_opener_success_urbanexplorer_opened_conversation_with_silentobserver_at_{""lat"":_45.425098802748686,_""lng"":_12.362717959741016}., activity_encounter_initiated_opener_success_urbanexplorer_opened_conversation_with_silentobserver_at_{""lat"":_45.425098802748686,_""lng"":_12.362717959741016}., activity_encounter_initiated_opener_success_urbanexplorer_opened_conversation_with_silentobserver_at_{""lat"":_45.425098802748686,_""lng"":_12.362717959741016}., activity_encounter_initiated_opener_success_urbanexplorer_opened_conversation_with_silentobserver_at_{""lat"":_45.425098802748686,_""lng"":_12.362717959741016}.",,Active,11/6/2025 8:12am,12/6/2025 12:04am,12/6/2025 12:04am,
,PixelDoge,ProSilkTrader,0,53,,,"activity_encounter_initiated_opener_success_pixeldoge_opened_conversation_with_prosilktrader_at_{""lat"":_45.425098802748686,_""lng"":_12.362717959741016}., activity_encounter_initiated_opener_success_prosilktrader_opened_conversation_with_pixeldoge_at_{""lat"":_45.425098802748686,_""lng"":_12.362717959741016}., activity_encounter_initiated_opener_success_prosilktrader_opened_conversation_with_pixeldoge_at_{""lat"":_45.425098802748686,_""lng"":_12.362717959741016}., activity_encounter_initiated_opener_success_pixeldoge_opened_conversation_with_prosilktrader_at_{""lat"":_45.425098802748686,_""lng"":_12.362717959741016}.",,Active,11/6/2025 8:54am,11/6/2025 11:40pm,11/6/2025 11:40pm,
,apulian_mariner,steven,0,53,,,"activity_encounter_initiated_opener_success_steven_opened_conversation_with_apulian_mariner_at_{""lat"":_45.425098802748686,_""lng"":_12.362717959741016}., activity_encounter_initiated_opener_success_apulian_mariner_opened_conversation_with_steven_at_{""lat"":_45.425098802748686,_""lng"":_12.362717959741016}., activity_encounter_initiated_opener_success_steven_opened_conversation_with_apulian_mariner_at_{""lat"":_45.425098802748686,_""lng"":_12.362717959741016}., activity_encounter_initiated_opener_success_steven_opened_conversation_with_apulian_mariner_at_{""lat"":_45.425098802748686,_""lng"":_12.362717959741016}.",,Active,11/6/2025 9:56am,11/6/2025 11:37pm,11/6/2025 11:37pm,
,UrbanExplorer,painter_of_light,0,53,,,"activity_encounter_initiated_opener_success_painter_of_light_opened_conversation_with_urbanexplorer_at_{""lat"":_45.425098802748686,_""lng"":_12.362717959741016}., activity_encounter_initiated_opener_success_painter_of_light_opened_conversation_with_urbanexplorer_at_{""lat"":_45.425098802748686,_""lng"":_12.362717959741016}., activity_encounter_initiated_opener_success_painter_of_light_opened_conversation_with_urbanexplorer_at_{""lat"":_45.425098802748686,_""lng"":_12.362717959741016}., activity_encounter_initiated_opener_success_painter_of_light_opened_conversation_with_urbanexplorer_at_{""lat"":_45.425098802748686,_""lng"":_12.362717959741016}.",,Active,11/6/2025 1:02am,11/6/2025 11:33pm,11/6/2025 11:33pm,
,apulian_mariner,painter_of_light,0,53,,,"activity_encounter_initiated_opener_success_painter_of_light_opened_conversation_with_apulian_mariner_at_{""lat"":_45.425098802748686,_""lng"":_12.362717959741016}., activity_encounter_initiated_opener_success_apulian_mariner_opened_conversation_with_painter_of_light_at_{""lat"":_45.425098802748686,_""lng"":_12.362717959741016}., activity_encounter_initiated_opener_success_painter_of_light_opened_conversation_with_apulian_mariner_at_{""lat"":_45.425098802748686,_""lng"":_12.362717959741016}., activity_encounter_initiated_opener_success_apulian_mariner_opened_conversation_with_painter_of_light_at_{""lat"":_45.425098802748686,_""lng"":_12.362717959741016}.",,Active,11/6/2025 8:58am,11/6/2025 11:23pm,11/6/2025 11:23pm,
,Bullitpro0f,VeniceTrader88,0,53,,,"activity_encounter_initiated_opener_success_venicetrader88_opened_conversation_with_bullitpro0f_at_{""lat"":_45.443455,_""lng"":_12.326089}., activity_encounter_initiated_opener_success_bullitpro0f_opened_conversation_with_venicetrader88_at_{""lat"":_45.443455,_""lng"":_12.326089}., activity_encounter_initiated_opener_success_bullitpro0f_opened_conversation_with_venicetrader88_at_{""lat"":_45.443455,_""lng"":_12.326089}., activity_encounter_initiated_opener_success_bullitpro0f_opened_conversation_with_venicetrader88_at_{""lat"":_45.443455,_""lng"":_12.326089}.",,Active,11/6/2025 10:22am,11/6/2025 11:12pm,11/6/2025 11:12pm,
,gondola_assistant,greek_trader2,0,53,,,"activity_encounter_initiated_opener_success_greek_trader2_opened_conversation_with_gondola_assistant_at_{""lat"":_45.43844921305672,_""lng"":_12.333089926233379,_""polygonid"":_""polygon-1746072967949"",_""pointtype"":_""land""}., activity_encounter_initiated_opener_success_gondola_assistant_opened_conversation_with_greek_trader2_at_{""lat"":_45.43844921305672,_""lng"":_12.333089926233379,_""polygonid"":_""polygon-1746072967949"",_""pointtype"":_""land""}., activity_encounter_initiated_opener_success_gondola_assistant_opened_conversation_with_greek_trader2_at_{""lat"":_45.43844921305672,_""lng"":_12.333089926233379,_""polygonid"":_""polygon-1746072967949"",_""pointtype"":_""land""}., activity_encounter_initiated_opener_success_gondola_assistant_opened_conversation_with_greek_trader2_at_{""lat"":_45.43844921305672,_""lng"":_12.333089926233379,_""polygonid"":_""polygon-1746072967949"",_""pointtype"":_""land""}.",,Active,10/6/2025 8:52am,11/6/2025 11:06pm,11/6/2025 11:06pm,
,aegean_mariner,sea_trader,0,53,,,"activity_encounter_initiated_opener_success_sea_trader_opened_conversation_with_aegean_mariner_at_{""lat"":_45.43844921305672,_""lng"":_12.333089926233379,_""polygonid"":_""polygon-1746072967949"",_""pointtype"":_""land""}., activity_encounter_initiated_opener_success_aegean_mariner_opened_conversation_with_sea_trader_at_{""lat"":_45.43844921305672,_""lng"":_12.333089926233379,_""polygonid"":_""polygon-1746072967949"",_""pointtype"":_""land""}., activity_encounter_initiated_opener_success_aegean_mariner_opened_conversation_with_sea_trader_at_{""lat"":_45.43844921305672,_""lng"":_12.333089926233379,_""polygonid"":_""polygon-1746072967949"",_""pointtype"":_""land""}., activity_encounter_initiated_opener_success_aegean_mariner_opened_conversation_with_sea_trader_at_{""lat"":_45.43844921305672,_""lng"":_12.333089926233379,_""polygonid"":_""polygon-1746072967949"",_""pointtype"":_""land""}.",,Active,11/6/2025 12:11am,11/6/2025 10:40pm,11/6/2025 10:40pm,
,alexandria_trader,sea_trader,0,53,,,"activity_encounter_initiated_opener_success_alexandria_trader_opened_conversation_with_sea_trader_at_{""lat"":_45.43844921305672,_""lng"":_12.333089926233379,_""polygonid"":_""polygon-1746072967949"",_""pointtype"":_""land""}., activity_encounter_initiated_opener_success_alexandria_trader_opened_conversation_with_sea_trader_at_{""lat"":_45.43844921305672,_""lng"":_12.333089926233379,_""polygonid"":_""polygon-1746072967949"",_""pointtype"":_""land""}., activity_encounter_initiated_opener_success_sea_trader_opened_conversation_with_alexandria_trader_at_{""lat"":_45.43844921305672,_""lng"":_12.333089926233379,_""polygonid"":_""polygon-1746072967949"",_""pointtype"":_""land""}., activity_encounter_initiated_opener_success_sea_trader_opened_conversation_with_alexandria_trader_at_{""lat"":_45.43844921305672,_""lng"":_12.333089926233379,_""polygonid"":_""polygon-1746072967949"",_""pointtype"":_""land""}.",,Active,11/6/2025 12:20am,11/6/2025 10:36pm,11/6/2025 10:36pm,
,John_Jeffries,TopGlassmaker,0,53,,,"activity_encounter_initiated_opener_success_topglassmaker_opened_conversation_with_john_jeffries_at_{""lat"":_45.425098802748686,_""lng"":_12.362717959741016}., activity_encounter_initiated_opener_success_topglassmaker_opened_conversation_with_john_jeffries_at_{""lat"":_45.425098802748686,_""lng"":_12.362717959741016}., activity_encounter_initiated_opener_success_john_jeffries_opened_conversation_with_topglassmaker_at_{""lat"":_45.425098802748686,_""lng"":_12.362717959741016}., activity_encounter_initiated_opener_success_john_jeffries_opened_conversation_with_topglassmaker_at_{""lat"":_45.425098802748686,_""lng"":_12.362717959741016}.",,Active,11/6/2025 2:24am,11/6/2025 9:49pm,11/6/2025 9:49pm,
,SilentObserver,TopGlassmaker,0,53,,,"activity_encounter_initiated_opener_success_topglassmaker_opened_conversation_with_silentobserver_at_{""lat"":_45.425098802748686,_""lng"":_12.362717959741016}., activity_encounter_initiated_opener_success_topglassmaker_opened_conversation_with_silentobserver_at_{""lat"":_45.425098802748686,_""lng"":_12.362717959741016}., activity_encounter_initiated_opener_success_silentobserver_opened_conversation_with_topglassmaker_at_{""lat"":_45.425098802748686,_""lng"":_12.362717959741016}., activity_encounter_initiated_opener_success_silentobserver_opened_conversation_with_topglassmaker_at_{""lat"":_45.425098802748686,_""lng"":_12.362717959741016}.",,Active,11/6/2025 2:29am,11/6/2025 9:43pm,11/6/2025 9:43pm,
,TopGlassmaker,UrbanExplorer,0,53,,,"activity_encounter_initiated_opener_success_topglassmaker_opened_conversation_with_urbanexplorer_at_{""lat"":_45.425098802748686,_""lng"":_12.362717959741016}., activity_encounter_initiated_opener_success_urbanexplorer_opened_conversation_with_topglassmaker_at_{""lat"":_45.425098802748686,_""lng"":_12.362717959741016}., activity_encounter_initiated_opener_success_topglassmaker_opened_conversation_with_urbanexplorer_at_{""lat"":_45.425098802748686,_""lng"":_12.362717959741016}., activity_encounter_initiated_opener_success_topglassmaker_opened_conversation_with_urbanexplorer_at_{""lat"":_45.425098802748686,_""lng"":_12.362717959741016}.",,Active,10/6/2025 9:17pm,11/6/2025 8:42pm,11/6/2025 8:42pm,
,TopGlassmaker,apulian_mariner,0,53,,,"activity_encounter_initiated_opener_success_apulian_mariner_opened_conversation_with_topglassmaker_at_{""lat"":_45.425098802748686,_""lng"":_12.362717959741016}., activity_encounter_initiated_opener_success_apulian_mariner_opened_conversation_with_topglassmaker_at_{""lat"":_45.425098802748686,_""lng"":_12.362717959741016}., activity_encounter_initiated_opener_success_topglassmaker_opened_conversation_with_apulian_mariner_at_{""lat"":_45.425098802748686,_""lng"":_12.362717959741016}., activity_encounter_initiated_opener_success_topglassmaker_opened_conversation_with_apulian_mariner_at_{""lat"":_45.425098802748686,_""lng"":_12.362717959741016}.",,Active,11/6/2025 2:15am,11/6/2025 8:38pm,11/6/2025 8:38pm,
,PixelDoge,TopGlassmaker,0,53,,,"activity_encounter_initiated_opener_success_pixeldoge_opened_conversation_with_topglassmaker_at_{""lat"":_45.425098802748686,_""lng"":_12.362717959741016}., activity_encounter_initiated_opener_success_pixeldoge_opened_conversation_with_topglassmaker_at_{""lat"":_45.425098802748686,_""lng"":_12.362717959741016}., activity_encounter_initiated_opener_success_pixeldoge_opened_conversation_with_topglassmaker_at_{""lat"":_45.425098802748686,_""lng"":_12.362717959741016}., activity_encounter_initiated_opener_success_pixeldoge_opened_conversation_with_topglassmaker_at_{""lat"":_45.425098802748686,_""lng"":_12.362717959741016}.",,Active,11/6/2025 3:27am,11/6/2025 8:30pm,11/6/2025 8:30pm,
,John_Jeffries,SilentObserver,0,53,,,"activity_encounter_initiated_opener_success_john_jeffries_opened_conversation_with_silentobserver_at_{""lat"":_45.425098802748686,_""lng"":_12.362717959741016}., activity_encounter_initiated_opener_success_john_jeffries_opened_conversation_with_silentobserver_at_{""lat"":_45.425098802748686,_""lng"":_12.362717959741016}., activity_encounter_initiated_opener_success_silentobserver_opened_conversation_with_john_jeffries_at_{""lat"":_45.425098802748686,_""lng"":_12.362717959741016}., activity_encounter_initiated_opener_success_silentobserver_opened_conversation_with_john_jeffries_at_{""lat"":_45.425098802748686,_""lng"":_12.362717959741016}.",,Active,11/6/2025 1:19am,11/6/2025 8:28pm,11/6/2025 8:28pm,
,TopGlassmaker,steven,0,53,,,"activity_encounter_initiated_opener_success_topglassmaker_opened_conversation_with_steven_at_{""lat"":_45.425098802748686,_""lng"":_12.362717959741016}., activity_encounter_initiated_opener_success_topglassmaker_opened_conversation_with_steven_at_{""lat"":_45.425098802748686,_""lng"":_12.362717959741016}., activity_encounter_initiated_opener_success_topglassmaker_opened_conversation_with_steven_at_{""lat"":_45.425098802748686,_""lng"":_12.362717959741016}., activity_encounter_initiated_opener_success_steven_opened_conversation_with_topglassmaker_at_{""lat"":_45.425098802748686,_""lng"":_12.362717959741016}.",,Active,11/6/2025 1:50am,11/6/2025 8:25pm,11/6/2025 8:25pm,
,John_Jeffries,StarGazer2000,0,53,,,"activity_encounter_initiated_opener_success_john_jeffries_opened_conversation_with_stargazer2000_at_{""lat"":_45.425098802748686,_""lng"":_12.362717959741016}., activity_encounter_initiated_opener_success_stargazer2000_opened_conversation_with_john_jeffries_at_{""lat"":_45.425098802748686,_""lng"":_12.362717959741016}., activity_encounter_initiated_opener_success_john_jeffries_opened_conversation_with_stargazer2000_at_{""lat"":_45.425098802748686,_""lng"":_12.362717959741016}., activity_encounter_initiated_opener_success_john_jeffries_opened_conversation_with_stargazer2000_at_{""lat"":_45.425098802748686,_""lng"":_12.362717959741016}.",,Active,11/6/2025 3:32am,11/6/2025 8:04pm,11/6/2025 8:04pm,
,TopGlassmaker,trader4life,0,53,,,"activity_encounter_initiated_opener_success_trader4life_opened_conversation_with_topglassmaker_at_{""lat"":_45.425098802748686,_""lng"":_12.362717959741016}., activity_encounter_initiated_opener_success_trader4life_opened_conversation_with_topglassmaker_at_{""lat"":_45.425098802748686,_""lng"":_12.362717959741016}., activity_encounter_initiated_opener_success_trader4life_opened_conversation_with_topglassmaker_at_{""lat"":_45.425098802748686,_""lng"":_12.362717959741016}., activity_encounter_initiated_opener_success_topglassmaker_opened_conversation_with_trader4life_at_{""lat"":_45.425098802748686,_""lng"":_12.362717959741016}.",,Active,11/6/2025 1:56am,11/6/2025 7:51pm,11/6/2025 7:51pm,
,PixelDoge,apulian_mariner,0,53,,,"activity_encounter_initiated_opener_success_apulian_mariner_opened_conversation_with_pixeldoge_at_{""lat"":_45.425098802748686,_""lng"":_12.362717959741016}., activity_encounter_initiated_opener_success_pixeldoge_opened_conversation_with_apulian_mariner_at_{""lat"":_45.425098802748686,_""lng"":_12.362717959741016}., activity_encounter_initiated_opener_success_pixeldoge_opened_conversation_with_apulian_mariner_at_{""lat"":_45.425098802748686,_""lng"":_12.362717959741016}., activity_encounter_initiated_opener_success_apulian_mariner_opened_conversation_with_pixeldoge_at_{""lat"":_45.425098802748686,_""lng"":_12.362717959741016}.",,Active,11/6/2025 1:43am,11/6/2025 7:50pm,11/6/2025 7:50pm,
,John_Jeffries,rialto_diarist,0,53,,,"activity_encounter_initiated_opener_success_rialto_diarist_opened_conversation_with_john_jeffries_at_{""lat"":_45.425098802748686,_""lng"":_12.362717959741016}., activity_encounter_initiated_opener_success_john_jeffries_opened_conversation_with_rialto_diarist_at_{""lat"":_45.425098802748686,_""lng"":_12.362717959741016}., activity_encounter_initiated_opener_success_john_jeffries_opened_conversation_with_rialto_diarist_at_{""lat"":_45.425098802748686,_""lng"":_12.362717959741016}., activity_encounter_initiated_opener_success_rialto_diarist_opened_conversation_with_john_jeffries_at_{""lat"":_45.425098802748686,_""lng"":_12.362717959741016}.",,Active,11/6/2025 1:30am,11/6/2025 7:41pm,11/6/2025 7:41pm,
,John_Jeffries,apulian_mariner,0,53,,,"activity_encounter_initiated_opener_success_john_jeffries_opened_conversation_with_apulian_mariner_at_{""lat"":_45.425098802748686,_""lng"":_12.362717959741016}., activity_encounter_initiated_opener_success_john_jeffries_opened_conversation_with_apulian_mariner_at_{""lat"":_45.425098802748686,_""lng"":_12.362717959741016}., activity_encounter_initiated_opener_success_john_jeffries_opened_conversation_with_apulian_mariner_at_{""lat"":_45.425098802748686,_""lng"":_12.362717959741016}., activity_encounter_initiated_opener_success_john_jeffries_opened_conversation_with_apulian_mariner_at_{""lat"":_45.425098802748686,_""lng"":_12.362717959741016}.",,Active,11/6/2025 2:48am,11/6/2025 7:29pm,11/6/2025 7:29pm,
,StarGazer2000,painter_of_light,0,53,,,"activity_encounter_initiated_opener_success_painter_of_light_opened_conversation_with_stargazer2000_at_{""lat"":_45.425098802748686,_""lng"":_12.362717959741016}., activity_encounter_initiated_opener_success_stargazer2000_opened_conversation_with_painter_of_light_at_{""lat"":_45.425098802748686,_""lng"":_12.362717959741016}., activity_encounter_initiated_opener_success_stargazer2000_opened_conversation_with_painter_of_light_at_{""lat"":_45.425098802748686,_""lng"":_12.362717959741016}., activity_encounter_initiated_opener_success_stargazer2000_opened_conversation_with_painter_of_light_at_{""lat"":_45.425098802748686,_""lng"":_12.362717959741016}.",,Active,11/6/2025 1:26am,11/6/2025 7:27pm,11/6/2025 7:27pm,
,steven,tavern_tales,0,53,,,"activity_encounter_initiated_opener_success_steven_opened_conversation_with_tavern_tales_at_{""lat"":_45.425098802748686,_""lng"":_12.362717959741016}., activity_encounter_initiated_opener_success_tavern_tales_opened_conversation_with_steven_at_{""lat"":_45.425098802748686,_""lng"":_12.362717959741016}., activity_encounter_initiated_opener_success_steven_opened_conversation_with_tavern_tales_at_{""lat"":_45.425098802748686,_""lng"":_12.362717959741016}., activity_encounter_initiated_opener_success_tavern_tales_opened_conversation_with_steven_at_{""lat"":_45.425098802748686,_""lng"":_12.362717959741016}.",,Active,11/6/2025 3:17am,11/6/2025 7:17pm,11/6/2025 7:17pm,
,StarGazer2000,TopGlassmaker,0,53,,,"activity_encounter_initiated_opener_success_stargazer2000_opened_conversation_with_topglassmaker_at_{""lat"":_45.425098802748686,_""lng"":_12.362717959741016}., activity_encounter_initiated_opener_success_topglassmaker_opened_conversation_with_stargazer2000_at_{""lat"":_45.425098802748686,_""lng"":_12.362717959741016}., activity_encounter_initiated_opener_success_topglassmaker_opened_conversation_with_stargazer2000_at_{""lat"":_45.425098802748686,_""lng"":_12.362717959741016}., activity_encounter_initiated_opener_success_stargazer2000_opened_conversation_with_topglassmaker_at_{""lat"":_45.425098802748686,_""lng"":_12.362717959741016}.",,Active,10/6/2025 9:39pm,11/6/2025 7:12pm,11/6/2025 7:12pm,
,painter_of_light,steven,0,53,,,"activity_encounter_initiated_opener_success_steven_opened_conversation_with_painter_of_light_at_{""lat"":_45.425098802748686,_""lng"":_12.362717959741016}., activity_encounter_initiated_opener_success_painter_of_light_opened_conversation_with_steven_at_{""lat"":_45.425098802748686,_""lng"":_12.362717959741016}., activity_encounter_initiated_opener_success_painter_of_light_opened_conversation_with_steven_at_{""lat"":_45.425098802748686,_""lng"":_12.362717959741016}., activity_encounter_initiated_opener_success_steven_opened_conversation_with_painter_of_light_at_{""lat"":_45.425098802748686,_""lng"":_12.362717959741016}.",,Active,11/6/2025 3:44am,11/6/2025 6:45pm,11/6/2025 6:45pm,
,ionian_sailor,sea_trader,0,53,,,"activity_encounter_initiated_opener_success_ionian_sailor_opened_conversation_with_sea_trader_at_{""lat"":_45.440943188879906,_""lng"":_12.321047122274168}., activity_encounter_initiated_opener_success_sea_trader_opened_conversation_with_ionian_sailor_at_{""lat"":_45.43844921305672,_""lng"":_12.333089926233379,_""polygonid"":_""polygon-1746072967949"",_""pointtype"":_""land""}., activity_encounter_initiated_opener_success_sea_trader_opened_conversation_with_ionian_sailor_at_{""lat"":_45.43844921305672,_""lng"":_12.333089926233379,_""polygonid"":_""polygon-1746072967949"",_""pointtype"":_""land""}., activity_encounter_initiated_opener_success_sea_trader_opened_conversation_with_ionian_sailor_at_{""lat"":_45.43844921305672,_""lng"":_12.333089926233379,_""polygonid"":_""polygon-1746072967949"",_""pointtype"":_""land""}.",,Active,7/6/2025 12:07am,11/6/2025 12:04pm,11/6/2025 12:04pm,
,alexandria_trader,greek_trader2,0,53,,,"activity_encounter_initiated_opener_success_greek_trader2_opened_conversation_with_alexandria_trader_at_{""lat"":_45.43844921305672,_""lng"":_12.333089926233379,_""polygonid"":_""polygon-1746072967949"",_""pointtype"":_""land""}., activity_encounter_initiated_opener_success_greek_trader2_opened_conversation_with_alexandria_trader_at_{""lat"":_45.43844921305672,_""lng"":_12.333089926233379,_""polygonid"":_""polygon-1746072967949"",_""pointtype"":_""land""}., activity_encounter_initiated_opener_success_alexandria_trader_opened_conversation_with_greek_trader2_at_{""lat"":_45.43844921305672,_""lng"":_12.333089926233379,_""polygonid"":_""polygon-1746072967949"",_""pointtype"":_""land""}., activity_encounter_initiated_opener_success_greek_trader2_opened_conversation_with_alexandria_trader_at_{""lat"":_45.43844921305672,_""lng"":_12.333089926233379,_""polygonid"":_""polygon-1746072967949"",_""pointtype"":_""land""}.",,Active,10/6/2025 4:06pm,11/6/2025 11:34am,11/6/2025 11:34am,
,StarGazer2000,sicily_mariner,0,53,,,"activity_encounter_initiated_opener_success_stargazer2000_opened_conversation_with_sicily_mariner_at_{""lat"":_45.42305690898809,_""lng"":_12.331967958006057}., activity_encounter_initiated_opener_success_sicily_mariner_opened_conversation_with_stargazer2000_at_{""lat"":_45.42305690898809,_""lng"":_12.331967958006057}., activity_encounter_initiated_opener_success_sicily_mariner_opened_conversation_with_stargazer2000_at_{""lat"":_45.42305690898809,_""lng"":_12.331967958006057}., activity_encounter_initiated_opener_success_sicily_mariner_opened_conversation_with_stargazer2000_at_{""lat"":_45.42305690898809,_""lng"":_12.331967958006057}.",,Active,9/6/2025 8:51am,9/6/2025 2:35pm,9/6/2025 2:35pm,
,CodeMonkey,ShadowHunter,0,53,,,"activity_encounter_initiated_opener_success_codemonkey_opened_conversation_with_shadowhunter_at_{""lat"":_45.44790330321718,_""lng"":_12.320144368395496}., activity_encounter_initiated_opener_success_shadowhunter_opened_conversation_with_codemonkey_at_{""lat"":_45.44790330321718,_""lng"":_12.320144368395496}., activity_encounter_initiated_opener_success_codemonkey_opened_conversation_with_shadowhunter_at_{""lat"":_45.44790330321718,_""lng"":_12.320144368395496}., activity_encounter_initiated_opener_success_shadowhunter_opened_conversation_with_codemonkey_at_{""lat"":_45.44790330321718,_""lng"":_12.320144368395496}.",,Active,9/6/2025 8:42am,9/6/2025 2:28pm,9/6/2025 2:28pm,
,MerchantLegend,ShadowHunter,0,53,,,"activity_encounter_initiated_opener_success_merchantlegend_opened_conversation_with_shadowhunter_at_{""lat"":_45.44790330321718,_""lng"":_12.320144368395496}., activity_encounter_initiated_opener_success_merchantlegend_opened_conversation_with_shadowhunter_at_{""lat"":_45.44790330321718,_""lng"":_12.320144368395496}., activity_encounter_initiated_opener_success_shadowhunter_opened_conversation_with_merchantlegend_at_{""lat"":_45.44790330321718,_""lng"":_12.320144368395496}., activity_encounter_initiated_opener_success_shadowhunter_opened_conversation_with_merchantlegend_at_{""lat"":_45.44790330321718,_""lng"":_12.320144368395496}.",,Active,9/6/2025 8:37am,9/6/2025 2:25pm,9/6/2025 2:25pm,
,CodeMonkey,MerchantLegend,0,53,,,"activity_encounter_initiated_opener_success_codemonkey_opened_conversation_with_merchantlegend_at_{""lat"":_45.44790330321718,_""lng"":_12.320144368395496}., activity_encounter_initiated_opener_success_codemonkey_opened_conversation_with_merchantlegend_at_{""lat"":_45.44790330321718,_""lng"":_12.320144368395496}., activity_encounter_initiated_opener_success_merchantlegend_opened_conversation_with_codemonkey_at_{""lat"":_45.44790330321718,_""lng"":_12.320144368395496}., activity_encounter_initiated_opener_success_merchantlegend_opened_conversation_with_codemonkey_at_{""lat"":_45.44790330321718,_""lng"":_12.320144368395496}.",,Active,9/6/2025 8:42am,9/6/2025 2:22pm,9/6/2025 2:22pm,
,DogeLover88,QuantumLeap,0,53,,,"activity_encounter_initiated_opener_success_dogelover88_opened_conversation_with_quantumleap_at_{""lat"":_45.440862333333335,_""lng"":_12.327658999999999}., activity_encounter_initiated_opener_success_quantumleap_opened_conversation_with_dogelover88_at_{""lat"":_45.440862333333335,_""lng"":_12.327658999999999}., activity_encounter_initiated_opener_success_dogelover88_opened_conversation_with_quantumleap_at_{""lat"":_45.440862333333335,_""lng"":_12.327658999999999}., activity_encounter_initiated_opener_success_dogelover88_opened_conversation_with_quantumleap_at_{""lat"":_45.440862333333335,_""lng"":_12.327658999999999}.",,Active,9/6/2025 9:45am,9/6/2025 2:11pm,9/6/2025 2:11pm,
,DogeLover88,TravelBug23,0,53,,,"activity_encounter_initiated_opener_success_dogelover88_opened_conversation_with_travelbug23_at_{""lat"":_45.440862333333335,_""lng"":_12.327658999999999}., activity_encounter_initiated_opener_success_travelbug23_opened_conversation_with_dogelover88_at_{""lat"":_45.440862333333335,_""lng"":_12.327658999999999}., activity_encounter_initiated_opener_success_dogelover88_opened_conversation_with_travelbug23_at_{""lat"":_45.440862333333335,_""lng"":_12.327658999999999}., activity_encounter_initiated_opener_success_dogelover88_opened_conversation_with_travelbug23_at_{""lat"":_45.440862333333335,_""lng"":_12.327658999999999}.",,Active,9/6/2025 10:03am,9/6/2025 2:00pm,9/6/2025 2:00pm,
,DogeLover88,GamingPatrizio,0,53,,,"activity_encounter_initiated_opener_success_dogelover88_opened_conversation_with_gamingpatrizio_at_{""lat"":_45.440862333333335,_""lng"":_12.327658999999999}., activity_encounter_initiated_opener_success_dogelover88_opened_conversation_with_gamingpatrizio_at_{""lat"":_45.440862333333335,_""lng"":_12.327658999999999}., activity_encounter_initiated_opener_success_dogelover88_opened_conversation_with_gamingpatrizio_at_{""lat"":_45.440862333333335,_""lng"":_12.327658999999999}., activity_encounter_initiated_opener_success_gamingpatrizio_opened_conversation_with_dogelover88_at_{""lat"":_45.440862333333335,_""lng"":_12.327658999999999}.",,Active,9/6/2025 11:02am,9/6/2025 1:52pm,9/6/2025 1:52pm,
,BankingWizard99,DogeLover88,0,53,,,"activity_encounter_initiated_opener_success_bankingwizard99_opened_conversation_with_dogelover88_at_{""lat"":_45.440862333333335,_""lng"":_12.327658999999999}., activity_encounter_initiated_opener_success_bankingwizard99_opened_conversation_with_dogelover88_at_{""lat"":_45.440862333333335,_""lng"":_12.327658999999999}., activity_encounter_initiated_opener_success_dogelover88_opened_conversation_with_bankingwizard99_at_{""lat"":_45.440862333333335,_""lng"":_12.327658999999999}., activity_encounter_initiated_opener_success_bankingwizard99_opened_conversation_with_dogelover88_at_{""lat"":_45.440862333333335,_""lng"":_12.327658999999999}.",,Active,9/6/2025 9:42am,9/6/2025 1:47pm,9/6/2025 1:47pm,
,DogeLover88,ItalyMerchant,0,53,,,"activity_encounter_initiated_opener_success_dogelover88_opened_conversation_with_italymerchant_at_{""lat"":_45.440862333333335,_""lng"":_12.327658999999999}., activity_encounter_initiated_opener_success_dogelover88_opened_conversation_with_italymerchant_at_{""lat"":_45.440862333333335,_""lng"":_12.327658999999999}., activity_encounter_initiated_opener_success_dogelover88_opened_conversation_with_italymerchant_at_{""lat"":_45.440862333333335,_""lng"":_12.327658999999999}., activity_encounter_initiated_opener_success_italymerchant_opened_conversation_with_dogelover88_at_{""lat"":_45.440862333333335,_""lng"":_12.327658999999999}.",,Active,9/6/2025 9:51am,9/6/2025 12:56pm,9/6/2025 12:56pm,
,DogeLover88,SilkRoadRunner,0,53,,,"activity_encounter_initiated_opener_success_dogelover88_opened_conversation_with_silkroadrunner_at_{""lat"":_45.440862333333335,_""lng"":_12.327658999999999}., activity_encounter_initiated_opener_success_silkroadrunner_opened_conversation_with_dogelover88_at_{""lat"":_45.440862333333335,_""lng"":_12.327658999999999}., activity_encounter_initiated_opener_success_silkroadrunner_opened_conversation_with_dogelover88_at_{""lat"":_45.440862333333335,_""lng"":_12.327658999999999}., activity_encounter_initiated_opener_success_silkroadrunner_opened_conversation_with_dogelover88_at_{""lat"":_45.440862333333335,_""lng"":_12.327658999999999}.",,Active,9/6/2025 9:51am,9/6/2025 12:48pm,9/6/2025 12:48pm,
,DogeLover88,VenicePhotographer,0,53,,,"activity_encounter_initiated_opener_success_dogelover88_opened_conversation_with_venicephotographer_at_{""lat"":_45.440862333333335,_""lng"":_12.327658999999999}., activity_encounter_initiated_opener_success_dogelover88_opened_conversation_with_venicephotographer_at_{""lat"":_45.440862333333335,_""lng"":_12.327658999999999}., activity_encounter_initiated_opener_success_venicephotographer_opened_conversation_with_dogelover88_at_{""lat"":_45.440862333333335,_""lng"":_12.327658999999999}., activity_encounter_initiated_opener_success_dogelover88_opened_conversation_with_venicephotographer_at_{""lat"":_45.440862333333335,_""lng"":_12.327658999999999}.",,Active,9/6/2025 10:27am,9/6/2025 12:13pm,9/6/2025 12:13pm,
,GreenThumb,gondola_assistant1,0,53,,,"activity_encounter_initiated_opener_success_greenthumb_opened_conversation_with_gondola_assistant1_at_{""lat"":_45.42305690898809,_""lng"":_12.331967958006057}., activity_encounter_initiated_opener_success_greenthumb_opened_conversation_with_gondola_assistant1_at_{""lat"":_45.42305690898809,_""lng"":_12.331967958006057}., activity_encounter_initiated_opener_success_gondola_assistant1_opened_conversation_with_greenthumb_at_{""lat"":_45.42305690898809,_""lng"":_12.331967958006057}., activity_encounter_initiated_opener_success_gondola_assistant1_opened_conversation_with_greenthumb_at_{""lat"":_45.42305690898809,_""lng"":_12.331967958006057}.",,Active,8/6/2025 9:02am,8/6/2025 1:59pm,8/6/2025 1:59pm,
,greek_trader2,skywalker88,0,53,,,"activity_encounter_initiated_opener_success_skywalker88_opened_conversation_with_greek_trader2_at_{""lat"":_45.440943188879906,_""lng"":_12.321047122274168}., activity_encounter_initiated_opener_success_skywalker88_opened_conversation_with_greek_trader2_at_{""lat"":_45.440943188879906,_""lng"":_12.321047122274168}., activity_encounter_initiated_opener_success_skywalker88_opened_conversation_with_greek_trader2_at_{""lat"":_45.440943188879906,_""lng"":_12.321047122274168}., activity_encounter_initiated_opener_success_greek_trader2_opened_conversation_with_skywalker88_at_{""lat"":_45.440943188879906,_""lng"":_12.321047122274168}.",,Active,8/6/2025 8:51am,8/6/2025 1:57pm,8/6/2025 1:57pm,
,adriatic_captain,poet_of_the_rialto,0,53,,,"activity_encounter_initiated_opener_success_adriatic_captain_opened_conversation_with_poet_of_the_rialto_at_{""lat"":_45.440943188879906,_""lng"":_12.321047122274168}., activity_encounter_initiated_opener_success_poet_of_the_rialto_opened_conversation_with_adriatic_captain_at_{""lat"":_45.440943188879906,_""lng"":_12.321047122274168}., activity_encounter_initiated_opener_success_adriatic_captain_opened_conversation_with_poet_of_the_rialto_at_{""lat"":_45.440943188879906,_""lng"":_12.321047122274168}., activity_encounter_initiated_opener_success_poet_of_the_rialto_opened_conversation_with_adriatic_captain_at_{""lat"":_45.440943188879906,_""lng"":_12.321047122274168}.",,Active,8/6/2025 8:57am,8/6/2025 1:54pm,8/6/2025 1:54pm,
,adriatic_captain,sea_trader,0,53,,,"activity_encounter_initiated_opener_success_adriatic_captain_opened_conversation_with_sea_trader_at_{""lat"":_45.440943188879906,_""lng"":_12.321047122274168}., activity_encounter_initiated_opener_success_sea_trader_opened_conversation_with_adriatic_captain_at_{""lat"":_45.440943188879906,_""lng"":_12.321047122274168}., activity_encounter_initiated_opener_success_sea_trader_opened_conversation_with_adriatic_captain_at_{""lat"":_45.440943188879906,_""lng"":_12.321047122274168}., activity_encounter_initiated_opener_success_sea_trader_opened_conversation_with_adriatic_captain_at_{""lat"":_45.440943188879906,_""lng"":_12.321047122274168}.",,Active,8/6/2025 8:36am,8/6/2025 1:51pm,8/6/2025 1:51pm,
,adriatic_captain,greek_trader2,0,53,,,"activity_encounter_initiated_opener_success_greek_trader2_opened_conversation_with_adriatic_captain_at_{""lat"":_45.440943188879906,_""lng"":_12.321047122274168}., activity_encounter_initiated_opener_success_adriatic_captain_opened_conversation_with_greek_trader2_at_{""lat"":_45.440943188879906,_""lng"":_12.321047122274168}., activity_encounter_initiated_opener_success_adriatic_captain_opened_conversation_with_greek_trader2_at_{""lat"":_45.440943188879906,_""lng"":_12.321047122274168}., activity_encounter_initiated_opener_success_adriatic_captain_opened_conversation_with_greek_trader2_at_{""lat"":_45.440943188879906,_""lng"":_12.321047122274168}.",,Active,8/6/2025 8:39am,8/6/2025 1:48pm,8/6/2025 1:48pm,
,poet_of_the_rialto,skywalker88,0,53,,,"activity_encounter_initiated_opener_success_skywalker88_opened_conversation_with_poet_of_the_rialto_at_{""lat"":_45.440943188879906,_""lng"":_12.321047122274168}., activity_encounter_initiated_opener_success_skywalker88_opened_conversation_with_poet_of_the_rialto_at_{""lat"":_45.440943188879906,_""lng"":_12.321047122274168}., activity_encounter_initiated_opener_success_poet_of_the_rialto_opened_conversation_with_skywalker88_at_{""lat"":_45.440943188879906,_""lng"":_12.321047122274168}., activity_encounter_initiated_opener_success_poet_of_the_rialto_opened_conversation_with_skywalker88_at_{""lat"":_45.440943188879906,_""lng"":_12.321047122274168}.",,Active,8/6/2025 8:41am,8/6/2025 1:42pm,8/6/2025 1:42pm,
,sea_trader,skywalker88,0,53,,,"activity_encounter_initiated_opener_success_skywalker88_opened_conversation_with_sea_trader_at_{""lat"":_45.440943188879906,_""lng"":_12.321047122274168}., activity_encounter_initiated_opener_success_skywalker88_opened_conversation_with_sea_trader_at_{""lat"":_45.440943188879906,_""lng"":_12.321047122274168}., activity_encounter_initiated_opener_success_skywalker88_opened_conversation_with_sea_trader_at_{""lat"":_45.440943188879906,_""lng"":_12.321047122274168}., activity_encounter_initiated_opener_success_skywalker88_opened_conversation_with_sea_trader_at_{""lat"":_45.440943188879906,_""lng"":_12.321047122274168}.",,Active,8/6/2025 8:43am,8/6/2025 1:37pm,8/6/2025 1:37pm,
,NLR,TopGlassmaker,0,53,,,"activity_encounter_initiated_opener_success_topglassmaker_opened_conversation_with_nlr_at_{""lat"":_45.440862333333335,_""lng"":_12.327658999999999}., activity_encounter_initiated_opener_success_nlr_opened_conversation_with_topglassmaker_at_{""lat"":_45.440862333333335,_""lng"":_12.327658999999999}., activity_encounter_initiated_opener_success_nlr_opened_conversation_with_topglassmaker_at_{""lat"":_45.440862333333335,_""lng"":_12.327658999999999}., activity_encounter_initiated_opener_success_topglassmaker_opened_conversation_with_nlr_at_{""lat"":_45.440862333333335,_""lng"":_12.327658999999999}.",,Active,8/6/2025 8:55am,8/6/2025 12:53pm,8/6/2025 12:53pm,
,TopGlassmaker,TravelBug23,0,53,,,"activity_encounter_initiated_opener_success_topglassmaker_opened_conversation_with_travelbug23_at_{""lat"":_45.440862333333335,_""lng"":_12.327658999999999}., activity_encounter_initiated_opener_success_topglassmaker_opened_conversation_with_travelbug23_at_{""lat"":_45.440862333333335,_""lng"":_12.327658999999999}., activity_encounter_initiated_opener_success_topglassmaker_opened_conversation_with_travelbug23_at_{""lat"":_45.440862333333335,_""lng"":_12.327658999999999}., activity_encounter_initiated_opener_success_travelbug23_opened_conversation_with_topglassmaker_at_{""lat"":_45.440862333333335,_""lng"":_12.327658999999999}.",,Active,6/6/2025 11:47pm,8/6/2025 12:31pm,8/6/2025 12:31pm,
,DogeLover88,TechnoMedici,0,52,,,"activity_encounter_initiated_opener_success_technomedici_opened_conversation_with_dogelover88_at_{""lat"":_45.440862333333335,_""lng"":_12.327658999999999}., activity_encounter_initiated_opener_success_technomedici_opened_conversation_with_dogelover88_at_{""lat"":_45.440862333333335,_""lng"":_12.327658999999999}., activity_encounter_initiated_opener_success_technomedici_opened_conversation_with_dogelover88_at_{""lat"":_45.440862333333335,_""lng"":_12.327658999999999}., activity_encounter_initiated_opener_success_dogelover88_opened_conversation_with_technomedici_at_{""lat"":_45.440862333333335,_""lng"":_12.327658999999999}., activity_fetch_pickup_failure_nothing_to_pickup, activity_fetch_pickup_success",,Active,9/6/2025 10:10am,25/6/2025 10:16pm,25/6/2025 10:16pm,
,CodeMonkey,Trade4Fun,0,52,,,"activity_encounter_initiated_opener_success_trade4fun_opened_conversation_with_codemonkey_at_{""lat"":_45.44790330321718,_""lng"":_12.320144368395496}., activity_encounter_initiated_opener_success_trade4fun_opened_conversation_with_codemonkey_at_{""lat"":_45.44790330321718,_""lng"":_12.320144368395496}., activity_encounter_initiated_opener_success_trade4fun_opened_conversation_with_codemonkey_at_{""lat"":_45.44790330321718,_""lng"":_12.320144368395496}., activity_encounter_initiated_opener_success_codemonkey_opened_conversation_with_trade4fun_at_{""lat"":_45.44790330321718,_""lng"":_12.320144368395496}., activity_eat_at_tavern_payment_success, activity_eat_at_tavern_payment_success, activity_eat_at_tavern_payment_success, activity_eat_at_tavern_processing_failure_system_error, activity_eat_at_tavern_processing_failure_system_error",,Active,9/6/2025 8:32am,10/7/2025 6:56pm,10/7/2025 6:56pm,
,QuantumLeap,TravelBug23,0,52,,,"activity_encounter_initiated_opener_success_quantumleap_opened_conversation_with_travelbug23_at_{""lat"":_45.440862333333335,_""lng"":_12.327658999999999}., activity_encounter_initiated_opener_success_travelbug23_opened_conversation_with_quantumleap_at_{""lat"":_45.440862333333335,_""lng"":_12.327658999999999}., activity_encounter_initiated_opener_success_travelbug23_opened_conversation_with_quantumleap_at_{""lat"":_45.440862333333335,_""lng"":_12.327658999999999}., activity_encounter_initiated_opener_success_travelbug23_opened_conversation_with_quantumleap_at_{""lat"":_45.440862333333335,_""lng"":_12.327658999999999}., activity_encounter_initiated_opener_success_quantumleap_opened_conversation_with_travelbug23_at_{""lat"":_45.440862333333335,_""lng"":_12.327658999999999}., activity_encounter_initiated_opener_success_travelbug23_opened_conversation_with_quantumleap_at_{""lat"":_45.440862333333335,_""lng"":_12.327658999999999}., activity_encounter_initiated_opener_success_quantumleap_opened_conversation_with_travelbug23_at_{""lat"":_45.440862333333335,_""lng"":_12.327658999999999}., activity_encounter_initiated_opener_success_travelbug23_opened_conversation_with_quantumleap_at_{""lat"":_45.440862333333335,_""lng"":_12.327658999999999}., activity_encounter_initiated_opener_success_travelbug23_opened_conversation_with_quantumleap_at_{""lat"":_45.440862333333335,_""lng"":_12.327658999999999}., activity_fetch_pickup_failure_nothing_to_pickup",,Active,6/6/2025 11:33pm,19/6/2025 11:48am,19/6/2025 11:48am,
,Lucid,tavern_tales,0,52,,,"activity_artist_payment_received_success_play_the_weight_of_a_ducat, activity_artist_payment_received_success_play_character_sketches_for_""the_weight_of_a_ducat"", activity_artist_payment_received_success_play_character_sketches_for_""the_weight_of_a_ducat""",,Active,10/6/2025 1:31pm,12/6/2025 11:19pm,12/6/2025 11:19pm,
,UrbanExplorer,rialto_diarist,0,52,,,"activity_encounter_initiated_opener_success_rialto_diarist_opened_conversation_with_urbanexplorer_at_{""lat"":_45.425098802748686,_""lng"":_12.362717959741016}., activity_encounter_initiated_opener_success_urbanexplorer_opened_conversation_with_rialto_diarist_at_{""lat"":_45.425098802748686,_""lng"":_12.362717959741016}., activity_encounter_initiated_opener_success_urbanexplorer_opened_conversation_with_rialto_diarist_at_{""lat"":_45.425098802748686,_""lng"":_12.362717959741016}.",,Active,11/6/2025 8:23am,12/6/2025 12:00am,12/6/2025 12:00am,
,gondola_assistant,poet_of_the_rialto,0,52,,,"activity_encounter_initiated_opener_success_poet_of_the_rialto_opened_conversation_with_gondola_assistant_at_{""lat"":_45.43844921305672,_""lng"":_12.333089926233379,_""polygonid"":_""polygon-1746072967949"",_""pointtype"":_""land""}., activity_encounter_initiated_opener_success_poet_of_the_rialto_opened_conversation_with_gondola_assistant_at_{""lat"":_45.43844921305672,_""lng"":_12.333089926233379,_""polygonid"":_""polygon-1746072967949"",_""pointtype"":_""land""}., activity_encounter_initiated_opener_success_poet_of_the_rialto_opened_conversation_with_gondola_assistant_at_{""lat"":_45.43844921305672,_""lng"":_12.333089926233379,_""polygonid"":_""polygon-1746072967949"",_""pointtype"":_""land""}.",,Active,11/6/2025 11:10am,11/6/2025 11:02pm,11/6/2025 11:02pm,
,Lucid,gondola_assistant,0,52,,,"activity_encounter_initiated_opener_success_lucid_opened_conversation_with_gondola_assistant_at_{""lat"":_45.43844921305672,_""lng"":_12.333089926233379,_""polygonid"":_""polygon-1746072967949"",_""pointtype"":_""land""}., activity_encounter_initiated_opener_success_lucid_opened_conversation_with_gondola_assistant_at_{""lat"":_45.43844921305672,_""lng"":_12.333089926233379,_""polygonid"":_""polygon-1746072967949"",_""pointtype"":_""land""}., activity_encounter_initiated_opener_success_gondola_assistant_opened_conversation_with_lucid_at_{""lat"":_45.43844921305672,_""lng"":_12.333089926233379,_""polygonid"":_""polygon-1746072967949"",_""pointtype"":_""land""}.",,Active,11/6/2025 11:16am,11/6/2025 11:00pm,11/6/2025 11:00pm,
,bigbosefx,ionian_sailor,0,52,,,"activity_encounter_initiated_opener_success_bigbosefx_opened_conversation_with_ionian_sailor_at_{""lat"":_45.43844921305672,_""lng"":_12.333089926233379,_""polygonid"":_""polygon-1746072967949"",_""pointtype"":_""land""}., activity_encounter_initiated_opener_success_bigbosefx_opened_conversation_with_ionian_sailor_at_{""lat"":_45.43844921305672,_""lng"":_12.333089926233379,_""polygonid"":_""polygon-1746072967949"",_""pointtype"":_""land""}., activity_encounter_initiated_opener_success_bigbosefx_opened_conversation_with_ionian_sailor_at_{""lat"":_45.43844921305672,_""lng"":_12.333089926233379,_""polygonid"":_""polygon-1746072967949"",_""pointtype"":_""land""}.",,Active,11/6/2025 11:06am,11/6/2025 10:58pm,11/6/2025 10:58pm,
,alexandria_trader,ionian_sailor,0,52,,,"activity_encounter_initiated_opener_success_ionian_sailor_opened_conversation_with_alexandria_trader_at_{""lat"":_45.43844921305672,_""lng"":_12.333089926233379,_""polygonid"":_""polygon-1746072967949"",_""pointtype"":_""land""}., activity_encounter_initiated_opener_success_alexandria_trader_opened_conversation_with_ionian_sailor_at_{""lat"":_45.43844921305672,_""lng"":_12.333089926233379,_""polygonid"":_""polygon-1746072967949"",_""pointtype"":_""land""}., activity_encounter_initiated_opener_success_alexandria_trader_opened_conversation_with_ionian_sailor_at_{""lat"":_45.43844921305672,_""lng"":_12.333089926233379,_""polygonid"":_""polygon-1746072967949"",_""pointtype"":_""land""}.",,Active,11/6/2025 10:23am,11/6/2025 10:55pm,11/6/2025 10:55pm,
,ionian_sailor,poet_of_the_rialto,0,52,,,"activity_encounter_initiated_opener_success_ionian_sailor_opened_conversation_with_poet_of_the_rialto_at_{""lat"":_45.43844921305672,_""lng"":_12.333089926233379,_""polygonid"":_""polygon-1746072967949"",_""pointtype"":_""land""}., activity_encounter_initiated_opener_success_poet_of_the_rialto_opened_conversation_with_ionian_sailor_at_{""lat"":_45.43844921305672,_""lng"":_12.333089926233379,_""polygonid"":_""polygon-1746072967949"",_""pointtype"":_""land""}., activity_encounter_initiated_opener_success_ionian_sailor_opened_conversation_with_poet_of_the_rialto_at_{""lat"":_45.43844921305672,_""lng"":_12.333089926233379,_""polygonid"":_""polygon-1746072967949"",_""pointtype"":_""land""}.",,Active,11/6/2025 10:49am,11/6/2025 10:50pm,11/6/2025 10:50pm,
,TopGlassmaker,painter_of_light,0,52,,,"activity_encounter_initiated_opener_success_topglassmaker_opened_conversation_with_painter_of_light_at_{""lat"":_45.425098802748686,_""lng"":_12.362717959741016}., activity_encounter_initiated_opener_success_topglassmaker_opened_conversation_with_painter_of_light_at_{""lat"":_45.425098802748686,_""lng"":_12.362717959741016}., activity_encounter_initiated_opener_success_painter_of_light_opened_conversation_with_topglassmaker_at_{""lat"":_45.425098802748686,_""lng"":_12.362717959741016}.",,Active,11/6/2025 8:36am,11/6/2025 9:01pm,11/6/2025 9:01pm,
,ProSilkTrader,steven,0,52,,,"activity_encounter_initiated_opener_success_prosilktrader_opened_conversation_with_steven_at_{""lat"":_45.425098802748686,_""lng"":_12.362717959741016}., activity_encounter_initiated_opener_success_prosilktrader_opened_conversation_with_steven_at_{""lat"":_45.425098802748686,_""lng"":_12.362717959741016}., activity_encounter_initiated_opener_success_steven_opened_conversation_with_prosilktrader_at_{""lat"":_45.425098802748686,_""lng"":_12.362717959741016}.",,Active,11/6/2025 8:17am,11/6/2025 8:01pm,11/6/2025 8:01pm,
,StarGazer2000,steven,0,52,,,"activity_encounter_initiated_opener_success_steven_opened_conversation_with_stargazer2000_at_{""lat"":_45.425098802748686,_""lng"":_12.362717959741016}., activity_encounter_initiated_opener_success_steven_opened_conversation_with_stargazer2000_at_{""lat"":_45.425098802748686,_""lng"":_12.362717959741016}., activity_encounter_initiated_opener_success_stargazer2000_opened_conversation_with_steven_at_{""lat"":_45.425098802748686,_""lng"":_12.362717959741016}.",,Active,11/6/2025 10:12am,11/6/2025 7:53pm,11/6/2025 7:53pm,
,PixelDoge,rialto_diarist,0,52,,,"activity_encounter_initiated_opener_success_pixeldoge_opened_conversation_with_rialto_diarist_at_{""lat"":_45.425098802748686,_""lng"":_12.362717959741016}., activity_encounter_initiated_opener_success_pixeldoge_opened_conversation_with_rialto_diarist_at_{""lat"":_45.425098802748686,_""lng"":_12.362717959741016}., activity_encounter_initiated_opener_success_rialto_diarist_opened_conversation_with_pixeldoge_at_{""lat"":_45.425098802748686,_""lng"":_12.362717959741016}.",,Active,11/6/2025 12:54am,11/6/2025 3:37pm,11/6/2025 3:37pm,
,rialto_diarist,trader4life,0,52,,,"activity_encounter_initiated_opener_success_rialto_diarist_opened_conversation_with_trader4life_at_{""lat"":_45.425098802748686,_""lng"":_12.362717959741016}., activity_encounter_initiated_opener_success_rialto_diarist_opened_conversation_with_trader4life_at_{""lat"":_45.425098802748686,_""lng"":_12.362717959741016}., activity_encounter_initiated_opener_success_trader4life_opened_conversation_with_rialto_diarist_at_{""lat"":_45.425098802748686,_""lng"":_12.362717959741016}.",,Active,11/6/2025 2:40am,11/6/2025 2:36pm,11/6/2025 2:36pm,
,ProSilkTrader,SilentObserver,0,52,,,"activity_encounter_initiated_opener_success_prosilktrader_opened_conversation_with_silentobserver_at_{""lat"":_45.425098802748686,_""lng"":_12.362717959741016}., activity_encounter_initiated_opener_success_silentobserver_opened_conversation_with_prosilktrader_at_{""lat"":_45.425098802748686,_""lng"":_12.362717959741016}., activity_encounter_initiated_opener_success_prosilktrader_opened_conversation_with_silentobserver_at_{""lat"":_45.425098802748686,_""lng"":_12.362717959741016}.",,Active,11/6/2025 1:33am,11/6/2025 1:56pm,11/6/2025 1:56pm,
,John_Jeffries,painter_of_light,0,52,,,"activity_encounter_initiated_opener_success_john_jeffries_opened_conversation_with_painter_of_light_at_{""lat"":_45.425098802748686,_""lng"":_12.362717959741016}., activity_encounter_initiated_opener_success_painter_of_light_opened_conversation_with_john_jeffries_at_{""lat"":_45.425098802748686,_""lng"":_12.362717959741016}., activity_encounter_initiated_opener_success_painter_of_light_opened_conversation_with_john_jeffries_at_{""lat"":_45.425098802748686,_""lng"":_12.362717959741016}.",,Active,11/6/2025 3:26am,11/6/2025 1:02pm,11/6/2025 1:02pm,
,Lucid,sea_trader,0,52,,,"activity_encounter_initiated_opener_success_sea_trader_opened_conversation_with_lucid_at_{""lat"":_45.43844921305672,_""lng"":_12.333089926233379,_""polygonid"":_""polygon-1746072967949"",_""pointtype"":_""land""}., activity_encounter_initiated_opener_success_lucid_opened_conversation_with_sea_trader_at_{""lat"":_45.43844921305672,_""lng"":_12.333089926233379,_""polygonid"":_""polygon-1746072967949"",_""pointtype"":_""land""}., activity_encounter_initiated_opener_success_sea_trader_opened_conversation_with_lucid_at_{""lat"":_45.43844921305672,_""lng"":_12.333089926233379,_""polygonid"":_""polygon-1746072967949"",_""pointtype"":_""land""}.",,Active,11/6/2025 12:27am,11/6/2025 12:14pm,11/6/2025 12:14pm,
,bigbosefx,sea_trader,0,52,,,"activity_encounter_initiated_opener_success_sea_trader_opened_conversation_with_bigbosefx_at_{""lat"":_45.43844921305672,_""lng"":_12.333089926233379,_""polygonid"":_""polygon-1746072967949"",_""pointtype"":_""land""}., activity_encounter_initiated_opener_success_bigbosefx_opened_conversation_with_sea_trader_at_{""lat"":_45.43844921305672,_""lng"":_12.333089926233379,_""polygonid"":_""polygon-1746072967949"",_""pointtype"":_""land""}., activity_encounter_initiated_opener_success_sea_trader_opened_conversation_with_bigbosefx_at_{""lat"":_45.43844921305672,_""lng"":_12.333089926233379,_""polygonid"":_""polygon-1746072967949"",_""pointtype"":_""land""}.",,Active,11/6/2025 12:25am,11/6/2025 11:57am,11/6/2025 11:57am,
,gondola_assistant,ionian_sailor,0,52,,,"activity_encounter_initiated_opener_success_gondola_assistant_opened_conversation_with_ionian_sailor_at_{""lat"":_45.43844921305672,_""lng"":_12.333089926233379,_""polygonid"":_""polygon-1746072967949"",_""pointtype"":_""land""}., activity_encounter_initiated_opener_success_gondola_assistant_opened_conversation_with_ionian_sailor_at_{""lat"":_45.43844921305672,_""lng"":_12.333089926233379,_""polygonid"":_""polygon-1746072967949"",_""pointtype"":_""land""}., activity_encounter_initiated_opener_success_gondola_assistant_opened_conversation_with_ionian_sailor_at_{""lat"":_45.43844921305672,_""lng"":_12.333089926233379,_""polygonid"":_""polygon-1746072967949"",_""pointtype"":_""land""}.",,Active,10/6/2025 9:17am,11/6/2025 11:49am,11/6/2025 11:49am,
,gondola_assistant,sea_trader,0,52,,,"activity_encounter_initiated_opener_success_gondola_assistant_opened_conversation_with_sea_trader_at_{""lat"":_45.43844921305672,_""lng"":_12.333089926233379,_""polygonid"":_""polygon-1746072967949"",_""pointtype"":_""land""}., activity_encounter_initiated_opener_success_sea_trader_opened_conversation_with_gondola_assistant_at_{""lat"":_45.43844921305672,_""lng"":_12.333089926233379,_""polygonid"":_""polygon-1746072967949"",_""pointtype"":_""land""}., activity_encounter_initiated_opener_success_sea_trader_opened_conversation_with_gondola_assistant_at_{""lat"":_45.43844921305672,_""lng"":_12.333089926233379,_""polygonid"":_""polygon-1746072967949"",_""pointtype"":_""land""}.",,Active,10/6/2025 8:31am,11/6/2025 11:32am,11/6/2025 11:32am,
,greek_trader2,ionian_sailor,0,52,,,"activity_encounter_initiated_opener_success_greek_trader2_opened_conversation_with_ionian_sailor_at_{""lat"":_45.43844921305672,_""lng"":_12.333089926233379,_""polygonid"":_""polygon-1746072967949"",_""pointtype"":_""land""}., activity_encounter_initiated_opener_success_greek_trader2_opened_conversation_with_ionian_sailor_at_{""lat"":_45.43844921305672,_""lng"":_12.333089926233379,_""polygonid"":_""polygon-1746072967949"",_""pointtype"":_""land""}., activity_encounter_initiated_opener_success_greek_trader2_opened_conversation_with_ionian_sailor_at_{""lat"":_45.43844921305672,_""lng"":_12.333089926233379,_""polygonid"":_""polygon-1746072967949"",_""pointtype"":_""land""}.",,Active,10/6/2025 9:10am,11/6/2025 11:29am,11/6/2025 11:29am,
,ConsiglioDeiDieci,aegean_mariner,0,52,,,"activity_theater_attendance_operator_success_attended_performance_at_building-45.43844921305672-12.333089926233379, activity_encounter_initiated_opener_success_aegean_mariner_opened_conversation_with_consigliodeidieci_at_{""lat"":_45.43844921305672,_""lng"":_12.333089926233379,_""polygonid"":_""polygon-1746072967949"",_""pointtype"":_""land""}., activity_theater_attendance_operator_success_attended_performance_at_building-45.43844921305672-12.333089926233379",,Active,10/6/2025 12:33pm,10/6/2025 11:43pm,10/6/2025 11:43pm,
,ConsiglioDeiDieci,gondola_assistant,0,52,,,"activity_encounter_initiated_opener_success_consigliodeidieci_opened_conversation_with_gondola_assistant_at_{""lat"":_45.43844921305672,_""lng"":_12.333089926233379,_""polygonid"":_""polygon-1746072967949"",_""pointtype"":_""land""}., activity_theater_attendance_operator_success_attended_performance_at_building-45.43844921305672-12.333089926233379, activity_theater_attendance_operator_success_attended_performance_at_building-45.43844921305672-12.333089926233379",,Active,10/6/2025 12:35pm,10/6/2025 11:08pm,10/6/2025 11:08pm,
,dalmatian_trader,sicily_mariner,0,52,,,"activity_encounter_initiated_opener_success_dalmatian_trader_opened_conversation_with_sicily_mariner_at_{""lat"":_45.425689314247236,_""lng"":_12.359963687793282}., activity_encounter_initiated_opener_success_sicily_mariner_opened_conversation_with_dalmatian_trader_at_{""lat"":_45.425098802748686,_""lng"":_12.362717959741016}., activity_encounter_initiated_opener_success_dalmatian_trader_opened_conversation_with_sicily_mariner_at_{""lat"":_45.43844921305672,_""lng"":_12.333089926233379,_""polygonid"":_""polygon-1746072967949"",_""pointtype"":_""land""}.",,Active,6/6/2025 11:58pm,10/6/2025 8:54am,10/6/2025 8:54am,
,ConsiglioDeiDieci,sicily_mariner,0,52,,,"activity_theater_attendance_operator_success_attended_performance_at_building-45.43844921305672-12.333089926233379, activity_theater_attendance_operator_success_attended_performance_at_building-45.43844921305672-12.333089926233379, activity_theater_attendance_operator_success_attended_performance_at_building-45.43844921305672-12.333089926233379",,Active,10/6/2025 1:57am,10/6/2025 6:43am,10/6/2025 6:43am,
,sicily_mariner,tavern_tales,0,52,,,"activity_artist_payment_received_success_play_the_weight_of_a_ducat, activity_artist_payment_received_success_play_the_weight_of_a_ducat, activity_artist_payment_received_success_play_the_weight_of_a_ducat",,Active,10/6/2025 1:56am,10/6/2025 6:43am,10/6/2025 6:43am,
,GondolaDrifter,Xadme,0,52,,,"activity_encounter_initiated_opener_success_xadme_opened_conversation_with_gondoladrifter_at_{""lat"":_45.444368,_""lng"":_12.327293}., activity_encounter_initiated_opener_success_xadme_opened_conversation_with_gondoladrifter_at_{""lat"":_45.444368,_""lng"":_12.327293}., activity_encounter_initiated_opener_success_gondoladrifter_opened_conversation_with_xadme_at_{""lat"":_45.444368,_""lng"":_12.327293}.",,Active,9/6/2025 8:20am,9/6/2025 2:33pm,9/6/2025 2:33pm,
,DogeLover88,NLR,0,52,,,"activity_encounter_initiated_opener_success_nlr_opened_conversation_with_dogelover88_at_{""lat"":_45.440862333333335,_""lng"":_12.327658999999999}., activity_encounter_initiated_opener_success_nlr_opened_conversation_with_dogelover88_at_{""lat"":_45.440862333333335,_""lng"":_12.327658999999999}., activity_encounter_initiated_opener_success_dogelover88_opened_conversation_with_nlr_at_{""lat"":_45.440862333333335,_""lng"":_12.327658999999999}.",,Active,9/6/2025 11:13am,9/6/2025 2:14pm,9/6/2025 2:14pm,
,MerchantPrince,dalmatian_trader,0,52,,,"activity_encounter_initiated_opener_success_merchantprince_opened_conversation_with_dalmatian_trader_at_{""lat"":_45.4301696314107,_""lng"":_12.353866909247547}., activity_encounter_initiated_opener_success_merchantprince_opened_conversation_with_dalmatian_trader_at_{""lat"":_45.4301696314107,_""lng"":_12.353866909247547}., activity_encounter_initiated_opener_success_dalmatian_trader_opened_conversation_with_merchantprince_at_{""lat"":_45.4301696314107,_""lng"":_12.353866909247547}.",,Active,9/6/2025 8:05am,9/6/2025 1:57pm,9/6/2025 1:57pm,
,Feola007,MATTEOtheTrader,0,52,,,"activity_encounter_initiated_opener_success_feola007_opened_conversation_with_matteothetrader_at_{""lat"":_45.441402549290245,_""lng"":_12.343863308907828}., activity_encounter_initiated_opener_success_feola007_opened_conversation_with_matteothetrader_at_{""lat"":_45.441402549290245,_""lng"":_12.343863308907828}., activity_encounter_initiated_opener_success_feola007_opened_conversation_with_matteothetrader_at_{""lat"":_45.441402549290245,_""lng"":_12.343863308907828}.",,Active,9/6/2025 8:21am,9/6/2025 1:52pm,9/6/2025 1:52pm,
,MATTEOtheTrader,MorosiniNoble,0,52,,,"activity_encounter_initiated_opener_success_matteothetrader_opened_conversation_with_morosininoble_at_{""lat"":_45.441402549290245,_""lng"":_12.343863308907828}., activity_encounter_initiated_opener_success_morosininoble_opened_conversation_with_matteothetrader_at_{""lat"":_45.441402549290245,_""lng"":_12.343863308907828}., activity_encounter_initiated_opener_success_matteothetrader_opened_conversation_with_morosininoble_at_{""lat"":_45.441402549290245,_""lng"":_12.343863308907828}.",,Active,9/6/2025 8:30am,9/6/2025 1:48pm,9/6/2025 1:48pm,
,Feola007,cosmic_wanderer,0,52,,,"activity_encounter_initiated_opener_success_feola007_opened_conversation_with_cosmic_wanderer_at_{""lat"":_45.441402549290245,_""lng"":_12.343863308907828}., activity_encounter_initiated_opener_success_cosmic_wanderer_opened_conversation_with_feola007_at_{""lat"":_45.441402549290245,_""lng"":_12.343863308907828}., activity_encounter_initiated_opener_success_cosmic_wanderer_opened_conversation_with_feola007_at_{""lat"":_45.441402549290245,_""lng"":_12.343863308907828}.",,Active,9/6/2025 8:22am,9/6/2025 1:46pm,9/6/2025 1:46pm,
,MorosiniNoble,cosmic_wanderer,0,52,,,"activity_encounter_initiated_opener_success_morosininoble_opened_conversation_with_cosmic_wanderer_at_{""lat"":_45.441402549290245,_""lng"":_12.343863308907828}., activity_encounter_initiated_opener_success_morosininoble_opened_conversation_with_cosmic_wanderer_at_{""lat"":_45.441402549290245,_""lng"":_12.343863308907828}., activity_encounter_initiated_opener_success_morosininoble_opened_conversation_with_cosmic_wanderer_at_{""lat"":_45.441402549290245,_""lng"":_12.343863308907828}.",,Active,9/6/2025 8:14am,9/6/2025 1:41pm,9/6/2025 1:41pm,
,Feola007,MorosiniNoble,0,52,,,"activity_encounter_initiated_opener_success_morosininoble_opened_conversation_with_feola007_at_{""lat"":_45.441402549290245,_""lng"":_12.343863308907828}., activity_encounter_initiated_opener_success_feola007_opened_conversation_with_morosininoble_at_{""lat"":_45.441402549290245,_""lng"":_12.343863308907828}., activity_encounter_initiated_opener_success_morosininoble_opened_conversation_with_feola007_at_{""lat"":_45.441402549290245,_""lng"":_12.343863308907828}.",,Active,9/6/2025 8:20am,9/6/2025 1:37pm,9/6/2025 1:37pm,
,Feola007,albanian_mariner,0,52,,,"activity_encounter_initiated_opener_success_feola007_opened_conversation_with_albanian_mariner_at_{""lat"":_45.441402549290245,_""lng"":_12.343863308907828}., activity_encounter_initiated_opener_success_feola007_opened_conversation_with_albanian_mariner_at_{""lat"":_45.441402549290245,_""lng"":_12.343863308907828}., activity_encounter_initiated_opener_success_albanian_mariner_opened_conversation_with_feola007_at_{""lat"":_45.441402549290245,_""lng"":_12.343863308907828}.",,Active,9/6/2025 8:28am,9/6/2025 1:36pm,9/6/2025 1:36pm,
,meyti_tgz2,sicily_mariner,0,52,,,"activity_encounter_initiated_opener_success_sicily_mariner_opened_conversation_with_meyti_tgz2_at_{""lat"":_45.442971,_""lng"":_12.326653}., activity_encounter_initiated_opener_success_sicily_mariner_opened_conversation_with_meyti_tgz2_at_{""lat"":_45.442971,_""lng"":_12.326653}., activity_encounter_initiated_opener_success_sicily_mariner_opened_conversation_with_meyti_tgz2_at_{""lat"":_45.442971,_""lng"":_12.326653}.",,Active,8/6/2025 8:07am,8/6/2025 11:12am,8/6/2025 11:12am,
,John_Jeffries,ShippingMogul,0,51,,,"activity_church_attendance_success_prayed_at_building-45.434820-12.332664, activity_church_attendance_success_prayed_at_building-45.434820-12.332664",,Active,27/6/2025 3:27pm,27/6/2025 3:31pm,27/6/2025 3:31pm,
,Bullitpro0f,tavern_tales,0,51,,,"activity_artist_payment_received_success_play_character_sketches_for_""the_weight_of_a_ducat"", activity_artist_payment_received_success_play_the_unseen_currents_of_the_rialto_-_play_outline",,Active,12/6/2025 10:18pm,13/6/2025 2:14am,13/6/2025 2:14am,
,John_Jeffries,the_grand_experiment,0,51,,,"activity_public_bath_payment_received_success_used_bath_building-45.42912840789326-12.358313394161534, activity_public_bath_payment_received_success_used_bath_building-45.42912840789326-12.358313394161534",,Active,12/6/2025 9:59pm,13/6/2025 1:23am,13/6/2025 1:23am,
,SilentObserver,poet_of_the_rialto,0,51,,,"activity_encounter_initiated_opener_success_poet_of_the_rialto_opened_conversation_with_silentobserver_at_{""lat"":_45.425098802748686,_""lng"":_12.362717959741016}., activity_encounter_initiated_opener_success_poet_of_the_rialto_opened_conversation_with_silentobserver_at_{""lat"":_45.425098802748686,_""lng"":_12.362717959741016}.",,Active,12/6/2025 5:09pm,12/6/2025 8:28pm,12/6/2025 8:28pm,
,PixelDoge,poet_of_the_rialto,0,51,,,"activity_encounter_initiated_opener_success_poet_of_the_rialto_opened_conversation_with_pixeldoge_at_{""lat"":_45.425098802748686,_""lng"":_12.362717959741016}., activity_encounter_initiated_opener_success_poet_of_the_rialto_opened_conversation_with_pixeldoge_at_{""lat"":_45.425098802748686,_""lng"":_12.362717959741016}.",,Active,12/6/2025 4:38pm,12/6/2025 5:27pm,12/6/2025 5:27pm,
,albanian_mariner,rialto_sailor1,0,51,,,"activity_encounter_initiated_opener_success_rialto_sailor1_opened_conversation_with_albanian_mariner_at_{""lat"":_45.442971,_""lng"":_12.326653}., activity_encounter_initiated_opener_success_rialto_sailor1_opened_conversation_with_albanian_mariner_at_{""lat"":_45.442971,_""lng"":_12.326653}.",,Active,7/6/2025 1:06am,12/6/2025 12:47pm,12/6/2025 12:47pm,
,albanian_mariner,dalmatian_trader,0,51,,,"activity_encounter_initiated_opener_success_dalmatian_trader_opened_conversation_with_albanian_mariner_at_{""lat"":_45.43844921305672,_""lng"":_12.333089926233379,_""polygonid"":_""polygon-1746072967949"",_""pointtype"":_""land""}., activity_encounter_initiated_opener_success_albanian_mariner_opened_conversation_with_dalmatian_trader_at_{""lat"":_45.442971,_""lng"":_12.326653}.",,Active,10/6/2025 9:06am,12/6/2025 12:25pm,12/6/2025 12:25pm,
,TopGlassmaker,rialto_diarist,0,51,,,"activity_encounter_initiated_opener_success_rialto_diarist_opened_conversation_with_topglassmaker_at_{""lat"":_45.425098802748686,_""lng"":_12.362717959741016}., activity_encounter_initiated_opener_success_rialto_diarist_opened_conversation_with_topglassmaker_at_{""lat"":_45.425098802748686,_""lng"":_12.362717959741016}.",,Active,11/6/2025 9:20am,11/6/2025 2:01pm,11/6/2025 2:01pm,
,BookWorm365,painter_of_light,0,51,,,"activity_encounter_initiated_opener_success_bookworm365_opened_conversation_with_painter_of_light_at_{""lat"":_45.425098802748686,_""lng"":_12.362717959741016}., activity_encounter_initiated_opener_success_bookworm365_opened_conversation_with_painter_of_light_at_{""lat"":_45.425098802748686,_""lng"":_12.362717959741016}.",,Active,11/6/2025 8:35am,11/6/2025 12:47pm,11/6/2025 12:47pm,
,alexandria_trader,gondola_assistant,0,51,,,"activity_encounter_initiated_opener_success_alexandria_trader_opened_conversation_with_gondola_assistant_at_{""lat"":_45.43844921305672,_""lng"":_12.333089926233379,_""polygonid"":_""polygon-1746072967949"",_""pointtype"":_""land""}., activity_encounter_initiated_opener_success_alexandria_trader_opened_conversation_with_gondola_assistant_at_{""lat"":_45.43844921305672,_""lng"":_12.333089926233379,_""polygonid"":_""polygon-1746072967949"",_""pointtype"":_""land""}.",,Active,11/6/2025 10:38am,11/6/2025 11:59am,11/6/2025 11:59am,
,bigbosefx,gondola_assistant,0,51,,,"activity_encounter_initiated_opener_success_gondola_assistant_opened_conversation_with_bigbosefx_at_{""lat"":_45.43844921305672,_""lng"":_12.333089926233379,_""polygonid"":_""polygon-1746072967949"",_""pointtype"":_""land""}., activity_encounter_initiated_opener_success_gondola_assistant_opened_conversation_with_bigbosefx_at_{""lat"":_45.43844921305672,_""lng"":_12.333089926233379,_""polygonid"":_""polygon-1746072967949"",_""pointtype"":_""land""}.",,Active,11/6/2025 10:52am,11/6/2025 11:37am,11/6/2025 11:37am,
,Lucid,ionian_sailor,0,51,,,"activity_encounter_initiated_opener_success_ionian_sailor_opened_conversation_with_lucid_at_{""lat"":_45.43844921305672,_""lng"":_12.333089926233379,_""polygonid"":_""polygon-1746072967949"",_""pointtype"":_""land""}., activity_encounter_initiated_opener_success_ionian_sailor_opened_conversation_with_lucid_at_{""lat"":_45.43844921305672,_""lng"":_12.333089926233379,_""polygonid"":_""polygon-1746072967949"",_""pointtype"":_""land""}.",,Active,11/6/2025 10:28am,11/6/2025 11:28am,11/6/2025 11:28am,
,aegean_mariner,tavern_tales,0,51,,,"activity_artist_payment_received_success_play_the_weight_of_a_ducat, activity_artist_payment_received_success_play_the_weight_of_a_ducat",,Active,10/6/2025 12:33pm,10/6/2025 11:43pm,10/6/2025 11:43pm,
,StormRider,apulian_mariner,0,51,,,"activity_encounter_initiated_opener_success_apulian_mariner_opened_conversation_with_stormrider_at_{""lat"":_45.425098802748686,_""lng"":_12.362717959741016}., activity_encounter_initiated_opener_success_stormrider_opened_conversation_with_apulian_mariner_at_{""lat"":_45.425098802748686,_""lng"":_12.362717959741016}.",,Active,10/6/2025 9:34pm,10/6/2025 11:22pm,10/6/2025 11:22pm,
,gondola_assistant,tavern_tales,0,51,,,"activity_artist_payment_received_success_play_the_weight_of_a_ducat, activity_artist_payment_received_success_play_the_weight_of_a_ducat",,Active,10/6/2025 11:08pm,10/6/2025 11:08pm,10/6/2025 11:08pm,
,StormRider,UrbanExplorer,0,51,,,"activity_encounter_initiated_opener_success_urbanexplorer_opened_conversation_with_stormrider_at_{""lat"":_45.425098802748686,_""lng"":_12.362717959741016}., activity_encounter_initiated_opener_success_stormrider_opened_conversation_with_urbanexplorer_at_{""lat"":_45.425098802748686,_""lng"":_12.362717959741016}.",,Active,10/6/2025 8:20pm,10/6/2025 9:47pm,10/6/2025 9:47pm,
,StormRider,TopGlassmaker,0,51,,,"activity_encounter_initiated_opener_success_stormrider_opened_conversation_with_topglassmaker_at_{""lat"":_45.425098802748686,_""lng"":_12.362717959741016}., activity_encounter_initiated_opener_success_topglassmaker_opened_conversation_with_stormrider_at_{""lat"":_45.425098802748686,_""lng"":_12.362717959741016}.",,Active,10/6/2025 8:09pm,10/6/2025 9:11pm,10/6/2025 9:11pm,
,StarGazer2000,StormRider,0,51,,,"activity_encounter_initiated_opener_success_stargazer2000_opened_conversation_with_stormrider_at_{""lat"":_45.425098802748686,_""lng"":_12.362717959741016}., activity_encounter_initiated_opener_success_stargazer2000_opened_conversation_with_stormrider_at_{""lat"":_45.425098802748686,_""lng"":_12.362717959741016}.",,Active,10/6/2025 8:11pm,10/6/2025 9:04pm,10/6/2025 9:04pm,
,EliteInvestor,StormRider,0,51,,,"activity_encounter_initiated_opener_success_stormrider_opened_conversation_with_eliteinvestor_at_{""lat"":_45.425098802748686,_""lng"":_12.362717959741016}., activity_encounter_initiated_opener_success_stormrider_opened_conversation_with_eliteinvestor_at_{""lat"":_45.425098802748686,_""lng"":_12.362717959741016}.",,Active,10/6/2025 8:27pm,10/6/2025 8:45pm,10/6/2025 8:45pm,
,poet_of_the_rialto,tavern_tales,0,51,,,"activity_encounter_initiated_opener_success_tavern_tales_opened_conversation_with_poet_of_the_rialto_at_{""lat"":_45.425098802748686,_""lng"":_12.362717959741016}., activity_artist_payment_received_success_play_the_weight_of_a_ducat",,Active,10/6/2025 12:44pm,10/6/2025 2:49pm,10/6/2025 2:49pm,
,Feola007,tavern_tales,0,51,,,"activity_artist_payment_received_success_play_the_weight_of_a_ducat, activity_artist_payment_received_success_play_the_weight_of_a_ducat",,Active,10/6/2025 12:53pm,10/6/2025 1:31pm,10/6/2025 1:31pm,
,Feola007,painter_of_light,0,51,,,"activity_encounter_initiated_opener_success_painter_of_light_opened_conversation_with_feola007_at_{""lat"":_45.43844921305672,_""lng"":_12.333089926233379,_""polygonid"":_""polygon-1746072967949"",_""pointtype"":_""land""}., activity_encounter_initiated_opener_success_painter_of_light_opened_conversation_with_feola007_at_{""lat"":_45.43844921305672,_""lng"":_12.333089926233379,_""polygonid"":_""polygon-1746072967949"",_""pointtype"":_""land""}.",,Active,10/6/2025 12:26pm,10/6/2025 1:14pm,10/6/2025 1:14pm,
,ConsiglioDeiDieci,greek_trader2,0,51,,,"activity_theater_attendance_operator_success_attended_performance_at_building-45.43844921305672-12.333089926233379, activity_theater_attendance_operator_success_attended_performance_at_building-45.43844921305672-12.333089926233379",,Active,10/6/2025 12:58pm,10/6/2025 12:58pm,10/6/2025 12:58pm,
,greek_trader2,tavern_tales,0,51,,,"activity_artist_payment_received_success_play_the_weight_of_a_ducat, activity_artist_payment_received_success_play_the_weight_of_a_ducat",,Active,10/6/2025 12:58pm,10/6/2025 12:58pm,10/6/2025 12:58pm,
,VeniceTrader88,tavern_tales,0,51,,,"activity_artist_payment_received_success_play_the_weight_of_a_ducat, activity_artist_payment_received_success_play_the_weight_of_a_ducat",,Active,10/6/2025 12:43pm,10/6/2025 12:43pm,10/6/2025 12:43pm,
,greek_trader1,sicily_mariner,0,51,,,"activity_encounter_initiated_opener_success_greek_trader1_opened_conversation_with_sicily_mariner_at_{""lat"":_45.425098802748686,_""lng"":_12.362717959741016}., activity_encounter_initiated_opener_success_greek_trader1_opened_conversation_with_sicily_mariner_at_{""lat"":_45.43844921305672,_""lng"":_12.333089926233379,_""polygonid"":_""polygon-1746072967949"",_""pointtype"":_""land""}.",,Active,7/6/2025 12:45am,10/6/2025 8:50am,10/6/2025 8:50am,
,dalmatian_trader,greek_trader1,0,51,,,"activity_encounter_initiated_opener_success_greek_trader1_opened_conversation_with_dalmatian_trader_at_{""lat"":_45.425098802748686,_""lng"":_12.362717959741016}., activity_encounter_initiated_opener_success_greek_trader1_opened_conversation_with_dalmatian_trader_at_{""lat"":_45.43844921305672,_""lng"":_12.333089926233379,_""polygonid"":_""polygon-1746072967949"",_""pointtype"":_""land""}.",,Active,7/6/2025 12:49am,10/6/2025 8:49am,10/6/2025 8:49am,
,greek_trader1,poet_of_the_rialto,0,51,,,"activity_encounter_initiated_opener_success_poet_of_the_rialto_opened_conversation_with_greek_trader1_at_{""lat"":_45.43677873570502,_""lng"":_12.333916434610954}., activity_encounter_initiated_opener_success_greek_trader1_opened_conversation_with_poet_of_the_rialto_at_{""lat"":_45.43677873570502,_""lng"":_12.333916434610954}.",,Active,9/6/2025 8:11am,9/6/2025 2:19pm,9/6/2025 2:19pm,
,MorosiniNoble,albanian_mariner,0,51,,,"activity_encounter_initiated_opener_success_morosininoble_opened_conversation_with_albanian_mariner_at_{""lat"":_45.441402549290245,_""lng"":_12.343863308907828}., activity_encounter_initiated_opener_success_morosininoble_opened_conversation_with_albanian_mariner_at_{""lat"":_45.441402549290245,_""lng"":_12.343863308907828}.",,Active,9/6/2025 9:12am,9/6/2025 1:44pm,9/6/2025 1:44pm,
,greek_trader1,greek_trader2,0,51,,,"activity_encounter_initiated_opener_success_greek_trader1_opened_conversation_with_greek_trader2_at_{""lat"":_45.43677873570502,_""lng"":_12.333916434610954}., activity_encounter_initiated_opener_success_greek_trader2_opened_conversation_with_greek_trader1_at_{""lat"":_45.43677873570502,_""lng"":_12.333916434610954}.",,Active,9/6/2025 8:14am,9/6/2025 8:54am,9/6/2025 8:54am,
,The-Old-Boy,Trade4Fun,0,51,,," activity_eat_at_tavern_payment_success, activity_eat_at_tavern_payment_success, activity_eat_at_tavern_payment_success, activity_eat_at_tavern_payment_success, activity_eat_at_tavern_payment_success, activity_eat_at_tavern_payment_success, activity_eat_at_tavern_payment_success, activity_eat_at_tavern_payment_success, activity_eat_at_tavern_payment_success, activity_eat_at_tavern_payment_success, activity_eat_at_tavern_payment_success, activity_eat_at_tavern_payment_success, activity_eat_at_tavern_payment_success, activity_eat_at_tavern_payment_success, activity_eat_at_tavern_payment_success, activity_eat_at_tavern_processing_failure_system_error, activity_eat_at_tavern_processing_failure_system_error, activity_eat_at_tavern_processing_failure_system_error, activity_eat_at_tavern_processing_failure_system_error, activity_eat_at_tavern_processing_failure_system_error",,Active,14/6/2025 3:13am,10/7/2025 6:47pm,10/7/2025 6:47pm,
,gondola_assistant,greek_trader1,0,51,,,"activity_fetch_pickup_success, activity_fetch_pickup_failure_nothing_to_pickup, activity_encounter_initiated_opener_success_greek_trader1_opened_conversation_with_gondola_assistant_at_{""lat"":_45.425098802748686,_""lng"":_12.362717959741016}., activity_encounter_initiated_opener_success_gondola_assistant_opened_conversation_with_greek_trader1_at_{""lat"":_45.43844921305672,_""lng"":_12.333089926233379,_""polygonid"":_""polygon-1746072967949"",_""pointtype"":_""land""}.",,Active,6/6/2025 10:58pm,10/6/2025 8:35am,10/6/2025 8:35am,
,ShadowHunter,bosphorus_navigator,0,51,,,"activity_fetch_purchase_failure_nothing_to_pickup, activity_fetch_purchase_failure_nothing_to_pickup, activity_eat_at_tavern_payment_success",,Active,8/6/2025 8:00am,8/6/2025 6:38pm,8/6/2025 6:38pm,
,Trade4Fun,rialto_sailor1,0,51,,," activity_eat_at_tavern_payment_success, activity_eat_at_tavern_payment_success, activity_eat_at_tavern_payment_success, activity_eat_at_tavern_payment_success, activity_eat_at_tavern_payment_success, activity_eat_at_tavern_payment_success, activity_eat_at_tavern_payment_success, activity_eat_at_tavern_payment_success, activity_eat_at_tavern_payment_success, activity_eat_at_tavern_payment_success, activity_eat_at_tavern_payment_success, activity_eat_at_tavern_payment_success, activity_eat_at_tavern_payment_success, activity_eat_at_tavern_payment_success, activity_eat_at_tavern_payment_success, activity_eat_at_tavern_payment_success, activity_eat_at_tavern_payment_success, activity_eat_at_tavern_processing_failure_system_error, activity_eat_at_tavern_processing_failure_system_error, activity_eat_at_tavern_processing_failure_system_error, activity_eat_at_tavern_processing_failure_system_error, activity_eat_at_tavern_processing_failure_system_error",,Active,15/6/2025 4:18pm,10/7/2025 6:41pm,10/7/2025 6:41pm,
,BarbarigoCadet,John_Jeffries,0,51,,,activity_church_attendance_success_prayed_at_building-45.434820-12.332664,,Active,10/7/2025 6:51pm,10/7/2025 6:51pm,10/7/2025 6:51pm,
,EtiennodaMurano,John_Jeffries,0,51,,,activity_church_attendance_success_prayed_at_building-45.434820-12.332664,,Active,29/6/2025 12:08am,29/6/2025 12:08am,29/6/2025 12:08am,
,SilkRoadRunner,dalmatian_trader,0,51,,,"activity_encounter_initiated_opener_success_silkroadrunner_opened_conversation_with_dalmatian_trader_at_{""lat"":_45.425098802748686,_""lng"":_12.362717959741016}.",,Active,28/6/2025 5:23am,28/6/2025 5:23am,28/6/2025 5:23am,
,SilkRoadRunner,scholar_priest,0,51,,,"activity_encounter_initiated_opener_success_scholar_priest_opened_conversation_with_silkroadrunner_at_{""lat"":_45.425098802748686,_""lng"":_12.362717959741016}.",,Active,28/6/2025 4:47am,28/6/2025 4:47am,28/6/2025 4:47am,
,greek_trader1,social_geometrist,0,51,,,"activity_encounter_initiated_opener_success_greek_trader1_opened_conversation_with_social_geometrist_at_{""lat"":_45.425098802748686,_""lng"":_12.362717959741016}.",,Active,28/6/2025 4:45am,28/6/2025 4:45am,28/6/2025 4:45am,
,SilkRoadRunner,canon_philosopher,0,51,,,"activity_encounter_initiated_opener_success_silkroadrunner_opened_conversation_with_canon_philosopher_at_{""lat"":_45.425098802748686,_""lng"":_12.362717959741016}.",,Active,28/6/2025 3:31am,28/6/2025 3:31am,28/6/2025 3:31am,
,canon_philosopher,sea_trader,0,51,,,"activity_encounter_initiated_opener_success_sea_trader_opened_conversation_with_canon_philosopher_at_{""lat"":_45.425098802748686,_""lng"":_12.362717959741016}.",,Active,28/6/2025 3:08am,28/6/2025 3:08am,28/6/2025 3:08am,
,albanian_mariner,meyti_tgz,0,51,,,"activity_encounter_initiated_opener_success_albanian_mariner_opened_conversation_with_meyti_tgz_at_{""lat"":_45.425098802748686,_""lng"":_12.362717959741016}.",,Active,28/6/2025 2:29am,28/6/2025 2:29am,28/6/2025 2:29am,
,John_Jeffries,system_diagnostician,0,51,,,activity_church_attendance_success_prayed_at_building-45.434820-12.332664,,Active,28/6/2025 1:33am,28/6/2025 1:33am,28/6/2025 1:33am,
,BlueSkySurfer,John_Jeffries,0,51,,,activity_church_attendance_success_prayed_at_building-45.434820-12.332664,,Active,27/6/2025 4:53pm,27/6/2025 4:53pm,27/6/2025 4:53pm,
,EliteInvestor,John_Jeffries,0,51,,,activity_church_attendance_success_prayed_at_building-45.434820-12.332664,,Active,27/6/2025 3:37pm,27/6/2025 3:37pm,27/6/2025 3:37pm,
,John_Jeffries,Miles4lf,0,51,,,activity_church_attendance_success_prayed_at_building-45.434820-12.332664,,Active,27/6/2025 3:35pm,27/6/2025 3:35pm,27/6/2025 3:35pm,
,John_Jeffries,adriatic_captain,0,51,,,activity_church_attendance_success_prayed_at_building-45.434820-12.332664,,Active,27/6/2025 3:32pm,27/6/2025 3:32pm,27/6/2025 3:32pm,
,BarbarigoCadet,BigMike,0,51,,,activity_church_attendance_success_prayed_at_building-45.438070-12.321188,,Active,27/6/2025 3:30pm,27/6/2025 3:30pm,27/6/2025 3:30pm,
,John_Jeffries,market_prophet,0,51,,,activity_church_attendance_success_prayed_at_building-45.434820-12.332664,,Active,27/6/2025 3:28pm,27/6/2025 3:28pm,27/6/2025 3:28pm,
,John_Jeffries,rialto_sailor1,0,51,,,activity_church_attendance_success_prayed_at_building-45.434820-12.332664,,Active,27/6/2025 3:16pm,27/6/2025 3:16pm,27/6/2025 3:16pm,
,John_Jeffries,bigbosefx,0,51,,,activity_church_attendance_success_prayed_at_building-45.434820-12.332664,,Active,27/6/2025 3:07pm,27/6/2025 3:07pm,27/6/2025 3:07pm,
,BarbarigoCadet,meyti_tgz,0,51,,,activity_church_attendance_success_prayed_at_building-45.438070-12.321188,,Active,27/6/2025 3:00pm,27/6/2025 3:00pm,27/6/2025 3:00pm,
,DesertRanger,John_Jeffries,0,51,,,activity_church_attendance_success_prayed_at_building-45.434820-12.332664,,Active,27/6/2025 2:54pm,27/6/2025 2:54pm,27/6/2025 2:54pm,
,Bigbosefx2,John_Jeffries,0,51,,,activity_church_attendance_success_prayed_at_building-45.434820-12.332664,,Active,27/6/2025 2:40pm,27/6/2025 2:40pm,27/6/2025 2:40pm,
,Foscari_Banker,John_Jeffries,0,51,,,activity_church_attendance_success_prayed_at_building-45.434820-12.332664,,Active,27/6/2025 2:35pm,27/6/2025 2:35pm,27/6/2025 2:35pm,
,John_Jeffries,Marcellus,0,51,,,activity_church_attendance_success_prayed_at_building-45.434820-12.332664,,Active,27/6/2025 2:12pm,27/6/2025 2:12pm,27/6/2025 2:12pm,
,Marcellus,TechnoMedici,0,51,,,activity_public_bath_payment_received_success_used_bath_building-45.423495-12.330726,,Active,19/6/2025 1:10am,19/6/2025 1:10am,19/6/2025 1:10am,
,DesertRanger,the_grand_experiment,0,51,,,activity_public_bath_payment_received_success_used_bath_building-45.42912840789326-12.358313394161534,,Active,13/6/2025 10:34am,13/6/2025 10:34am,13/6/2025 10:34am,
,the_grand_experiment,the_social_canvas,0,51,,,activity_public_bath_payment_received_success_used_bath_building-45.42912840789326-12.358313394161534,,Active,13/6/2025 10:34am,13/6/2025 10:34am,13/6/2025 10:34am,
,TopGlassmaker,the_grand_experiment,0,51,,,activity_public_bath_payment_received_success_used_bath_building-45.42912840789326-12.358313394161534,,Active,13/6/2025 1:28am,13/6/2025 1:28am,13/6/2025 1:28am,
,ConsiglioDeiDieci,the_grand_experiment,0,51,,,activity_public_bath_payment_received_success_used_bath_building-45.42912840789326-12.358313394161534,,Active,12/6/2025 10:48pm,12/6/2025 10:48pm,12/6/2025 10:48pm,
,NLR,SilentObserver,0,51,,,"activity_encounter_initiated_opener_success_nlr_opened_conversation_with_silentobserver_at_{""lat"":_45.425098802748686,_""lng"":_12.362717959741016}.",,Active,12/6/2025 9:21pm,12/6/2025 9:21pm,12/6/2025 9:21pm,
,philosopher_banker,trader4life,0,51,,,"activity_encounter_initiated_opener_success_trader4life_opened_conversation_with_philosopher_banker_at_{""lat"":_45.425098802748686,_""lng"":_12.362717959741016}.",,Active,12/6/2025 9:00pm,12/6/2025 9:00pm,12/6/2025 9:00pm,
,Lucid,NLR,0,51,,,"activity_encounter_initiated_opener_success_nlr_opened_conversation_with_lucid_at_{""lat"":_45.425098802748686,_""lng"":_12.362717959741016}.",,Active,12/6/2025 8:57pm,12/6/2025 8:57pm,12/6/2025 8:57pm,
,BookWorm365,Lucid,0,51,,,"activity_encounter_initiated_opener_success_lucid_opened_conversation_with_bookworm365_at_{""lat"":_45.425098802748686,_""lng"":_12.362717959741016}.",,Active,12/6/2025 8:56pm,12/6/2025 8:56pm,12/6/2025 8:56pm,
,BookWorm365,the_social_canvas,0,51,,,"activity_encounter_initiated_opener_success_the_social_canvas_opened_conversation_with_bookworm365_at_{""lat"":_45.425098802748686,_""lng"":_12.362717959741016}.",,Active,12/6/2025 8:52pm,12/6/2025 8:52pm,12/6/2025 8:52pm,
,poet_of_the_rialto,the_social_canvas,0,51,,,"activity_encounter_initiated_opener_success_the_social_canvas_opened_conversation_with_poet_of_the_rialto_at_{""lat"":_45.425098802748686,_""lng"":_12.362717959741016}.",,Active,12/6/2025 8:50pm,12/6/2025 8:50pm,12/6/2025 8:50pm,
,DesertRanger,SilentObserver,0,51,,,"activity_encounter_initiated_opener_success_desertranger_opened_conversation_with_silentobserver_at_{""lat"":_45.425098802748686,_""lng"":_12.362717959741016}.",,Active,12/6/2025 8:47pm,12/6/2025 8:47pm,12/6/2025 8:47pm,
,ShadowHunter,the_social_canvas,0,51,,,"activity_encounter_initiated_opener_success_the_social_canvas_opened_conversation_with_shadowhunter_at_{""lat"":_45.425098802748686,_""lng"":_12.362717959741016}.",,Active,12/6/2025 8:43pm,12/6/2025 8:43pm,12/6/2025 8:43pm,
,DesertRanger,philosopher_banker,0,51,,,"activity_encounter_initiated_opener_success_desertranger_opened_conversation_with_philosopher_banker_at_{""lat"":_45.425098802748686,_""lng"":_12.362717959741016}.",,Active,12/6/2025 8:41pm,12/6/2025 8:41pm,12/6/2025 8:41pm,
,BookWorm365,poet_of_the_rialto,0,51,,,"activity_encounter_initiated_opener_success_poet_of_the_rialto_opened_conversation_with_bookworm365_at_{""lat"":_45.425098802748686,_""lng"":_12.362717959741016}.",,Active,12/6/2025 8:40pm,12/6/2025 8:40pm,12/6/2025 8:40pm,
,Lucid,steven,0,51,,,"activity_encounter_initiated_opener_success_lucid_opened_conversation_with_steven_at_{""lat"":_45.425098802748686,_""lng"":_12.362717959741016}.",,Active,12/6/2025 8:39pm,12/6/2025 8:39pm,12/6/2025 8:39pm,
,DucaleTechie,philosopher_banker,0,51,,,"activity_encounter_initiated_opener_success_philosopher_banker_opened_conversation_with_ducaletechie_at_{""lat"":_45.425098802748686,_""lng"":_12.362717959741016}.",,Active,12/6/2025 8:37pm,12/6/2025 8:37pm,12/6/2025 8:37pm,
,DucaleTechie,UrbanExplorer,0,51,,,"activity_encounter_initiated_opener_success_urbanexplorer_opened_conversation_with_ducaletechie_at_{""lat"":_45.425098802748686,_""lng"":_12.362717959741016}.",,Active,12/6/2025 8:36pm,12/6/2025 8:36pm,12/6/2025 8:36pm,
,Lucid,SilentObserver,0,51,,,"activity_encounter_initiated_opener_success_silentobserver_opened_conversation_with_lucid_at_{""lat"":_45.425098802748686,_""lng"":_12.362717959741016}.",,Active,12/6/2025 8:35pm,12/6/2025 8:35pm,12/6/2025 8:35pm,
,ShadowHunter,philosopher_banker,0,51,,,"activity_encounter_initiated_opener_success_philosopher_banker_opened_conversation_with_shadowhunter_at_{""lat"":_45.425098802748686,_""lng"":_12.362717959741016}.",,Active,12/6/2025 8:34pm,12/6/2025 8:34pm,12/6/2025 8:34pm,
,DesertRanger,DucaleTechie,0,51,,,"activity_encounter_initiated_opener_success_ducaletechie_opened_conversation_with_desertranger_at_{""lat"":_45.425098802748686,_""lng"":_12.362717959741016}.",,Active,12/6/2025 8:26pm,12/6/2025 8:26pm,12/6/2025 8:26pm,
,NLR,philosopher_banker,0,51,,,"activity_encounter_initiated_opener_success_philosopher_banker_opened_conversation_with_nlr_at_{""lat"":_45.425098802748686,_""lng"":_12.362717959741016}.",,Active,12/6/2025 8:25pm,12/6/2025 8:25pm,12/6/2025 8:25pm,
,ShadowHunter,SilentObserver,0,51,,,"activity_encounter_initiated_opener_success_shadowhunter_opened_conversation_with_silentobserver_at_{""lat"":_45.425098802748686,_""lng"":_12.362717959741016}.",,Active,12/6/2025 8:24pm,12/6/2025 8:24pm,12/6/2025 8:24pm,
,ChillVibes,levant_trader,0,51,,,"activity_encounter_initiated_opener_success_levant_trader_opened_conversation_with_chillvibes_at_{""lat"":_45.4106952378593,_""lng"":_12.34107777785353}.",,Active,12/6/2025 8:22pm,12/6/2025 8:22pm,12/6/2025 8:22pm,
,MorosiniNoble,levant_trader,0,51,,,"activity_encounter_initiated_opener_success_morosininoble_opened_conversation_with_levant_trader_at_{""lat"":_45.4106952378593,_""lng"":_12.34107777785353}.",,Active,12/6/2025 8:21pm,12/6/2025 8:21pm,12/6/2025 8:21pm,
,ChillVibes,MorosiniNoble,0,51,,,"activity_encounter_initiated_opener_success_chillvibes_opened_conversation_with_morosininoble_at_{""lat"":_45.4106952378593,_""lng"":_12.34107777785353}.",,Active,12/6/2025 8:20pm,12/6/2025 8:20pm,12/6/2025 8:20pm,
,Bigbosefx2,Miles4lf,0,51,,,"activity_encounter_initiated_opener_success_bigbosefx2_opened_conversation_with_miles4lf_at_{""lat"":_45.45617142874184,_""lng"":_12.350922222385938}.",,Active,12/6/2025 8:19pm,12/6/2025 8:19pm,12/6/2025 8:19pm,
,VeniceHustler,WealthyTrader,0,51,,,"activity_encounter_initiated_opener_success_venicehustler_opened_conversation_with_wealthytrader_at_{""lat"":_45.45617142874184,_""lng"":_12.350922222385938}.",,Active,12/6/2025 8:18pm,12/6/2025 8:18pm,12/6/2025 8:18pm,
,Miles4lf,VeniceHustler,0,51,,,"activity_encounter_initiated_opener_success_venicehustler_opened_conversation_with_miles4lf_at_{""lat"":_45.45617142874184,_""lng"":_12.350922222385938}.",,Active,12/6/2025 8:17pm,12/6/2025 8:17pm,12/6/2025 8:17pm,
,Bigbosefx2,WealthyTrader,0,51,,,"activity_encounter_initiated_opener_success_bigbosefx2_opened_conversation_with_wealthytrader_at_{""lat"":_45.45617142874184,_""lng"":_12.350922222385938}.",,Active,12/6/2025 8:16pm,12/6/2025 8:16pm,12/6/2025 8:16pm,
,Miles4lf,WealthyTrader,0,51,,,"activity_encounter_initiated_opener_success_miles4lf_opened_conversation_with_wealthytrader_at_{""lat"":_45.45617142874184,_""lng"":_12.350922222385938}.",,Active,12/6/2025 8:15pm,12/6/2025 8:15pm,12/6/2025 8:15pm,
,Bigbosefx2,VeniceHustler,0,51,,,"activity_encounter_initiated_opener_success_bigbosefx2_opened_conversation_with_venicehustler_at_{""lat"":_45.45617142874184,_""lng"":_12.350922222385938}.",,Active,12/6/2025 8:14pm,12/6/2025 8:14pm,12/6/2025 8:14pm,
,PixelNinja,ZenGiovane,0,51,,,"activity_encounter_initiated_opener_success_zengiovane_opened_conversation_with_pixelninja_at_{""lat"":_45.42494920624063,_""lng"":_12.292699999643474}.",,Active,12/6/2025 8:13pm,12/6/2025 8:13pm,12/6/2025 8:13pm,
,ShippingMogul,alexandria_trader,0,51,,,"activity_encounter_initiated_opener_success_shippingmogul_opened_conversation_with_alexandria_trader_at_{""lat"":_45.43952272623098,_""lng"":_12.318264211736404}.",,Active,12/6/2025 8:08pm,12/6/2025 8:08pm,12/6/2025 8:08pm,
,GlassMaster1503,cyprus_merchant,0,51,,,"activity_encounter_initiated_opener_success_glassmaster1503_opened_conversation_with_cyprus_merchant_at_{""lat"":_45.408980952129696,_""lng"":_12.359477778017942}.",,Active,12/6/2025 6:07pm,12/6/2025 6:07pm,12/6/2025 6:07pm,
,Lucid,PixelDoge,0,51,,,"activity_encounter_initiated_opener_success_pixeldoge_opened_conversation_with_lucid_at_{""lat"":_45.425098802748686,_""lng"":_12.362717959741016}.",,Active,12/6/2025 6:00pm,12/6/2025 6:00pm,12/6/2025 6:00pm,
,Lucid,trader4life,0,51,,,"activity_encounter_initiated_opener_success_lucid_opened_conversation_with_trader4life_at_{""lat"":_45.425098802748686,_""lng"":_12.362717959741016}.",,Active,12/6/2025 5:57pm,12/6/2025 5:57pm,12/6/2025 5:57pm,
,SpiceHunter420,VenetianBoss,0,51,,,"activity_encounter_initiated_opener_success_spicehunter420_opened_conversation_with_venetianboss_at_{""lat"":_45.42494920624063,_""lng"":_12.292699999643474}.",,Active,12/6/2025 5:04pm,12/6/2025 5:04pm,12/6/2025 5:04pm,
,Italia,sea_trader,0,51,,,"activity_encounter_initiated_opener_success_italia_opened_conversation_with_sea_trader_at_{""lat"":_45.43844921305672,_""lng"":_12.333089926233379,_""polygonid"":_""polygon-1746072967949"",_""pointtype"":_""land""}.",,Active,12/6/2025 8:17am,12/6/2025 8:17am,12/6/2025 8:16am,
,ConsiglioDeiDieci,sea_trader,0,51,,,activity_theater_attendance_operator_success_attended_performance_at_building-45.43844921305672-12.333089926233379,,Active,12/6/2025 1:44am,12/6/2025 1:44am,12/6/2025 1:43am,
,DogeLover88,StarGazer2000,0,51,,,"activity_encounter_initiated_opener_success_stargazer2000_opened_conversation_with_dogelover88_at_{""lat"":_45.425098802748686,_""lng"":_12.362717959741016}.",,Active,11/6/2025 3:29am,11/6/2025 3:29am,11/6/2025 3:29am,
,DogeLover88,painter_of_light,0,51,,,"activity_encounter_initiated_opener_success_dogelover88_opened_conversation_with_painter_of_light_at_{""lat"":_45.425098802748686,_""lng"":_12.362717959741016}.",,Active,11/6/2025 3:15am,11/6/2025 3:15am,11/6/2025 3:15am,
,DogeLover88,ProSilkTrader,0,51,,,"activity_encounter_initiated_opener_success_dogelover88_opened_conversation_with_prosilktrader_at_{""lat"":_45.425098802748686,_""lng"":_12.362717959741016}.",,Active,11/6/2025 2:28am,11/6/2025 2:28am,11/6/2025 2:28am,
,DogeLover88,SilentObserver,0,51,,,"activity_encounter_initiated_opener_success_dogelover88_opened_conversation_with_silentobserver_at_{""lat"":_45.425098802748686,_""lng"":_12.362717959741016}.",,Active,11/6/2025 1:51am,11/6/2025 1:51am,11/6/2025 1:51am,
,DogeLover88,trader4life,0,51,,,"activity_encounter_initiated_opener_success_dogelover88_opened_conversation_with_trader4life_at_{""lat"":_45.425098802748686,_""lng"":_12.362717959741016}.",,Active,11/6/2025 1:47am,11/6/2025 1:47am,11/6/2025 1:47am,
,DogeLover88,UrbanExplorer,0,51,,,"activity_encounter_initiated_opener_success_dogelover88_opened_conversation_with_urbanexplorer_at_{""lat"":_45.425098802748686,_""lng"":_12.362717959741016}.",,Active,11/6/2025 1:29am,11/6/2025 1:29am,11/6/2025 1:29am,
,BookWorm365,DogeLover88,0,51,,,"activity_encounter_initiated_opener_success_bookworm365_opened_conversation_with_dogelover88_at_{""lat"":_45.425098802748686,_""lng"":_12.362717959741016}.",,Active,11/6/2025 1:07am,11/6/2025 1:07am,11/6/2025 1:07am,
,Debug42,NLR,0,51,,,"activity_encounter_initiated_opener_success_nlr_opened_conversation_with_debug42_at_{""lat"":_45.425098802748686,_""lng"":_12.362717959741016}.",,Active,10/6/2025 11:51pm,10/6/2025 11:51pm,10/6/2025 11:51pm,
,NLR,StarGazer2000,0,51,,,"activity_encounter_initiated_opener_success_nlr_opened_conversation_with_stargazer2000_at_{""lat"":_45.425098802748686,_""lng"":_12.362717959741016}.",,Active,10/6/2025 11:49pm,10/6/2025 11:49pm,10/6/2025 11:49pm,
,John_Jeffries,NLR,0,51,,,"activity_encounter_initiated_opener_success_nlr_opened_conversation_with_john_jeffries_at_{""lat"":_45.425098802748686,_""lng"":_12.362717959741016}.",,Active,10/6/2025 11:48pm,10/6/2025 11:48pm,10/6/2025 11:48pm,
,Debug42,apulian_mariner,0,51,,,"activity_encounter_initiated_opener_success_debug42_opened_conversation_with_apulian_mariner_at_{""lat"":_45.425098802748686,_""lng"":_12.362717959741016}.",,Active,10/6/2025 11:41pm,10/6/2025 11:41pm,10/6/2025 11:41pm,
,Debug42,StormRider,0,51,,,"activity_encounter_initiated_opener_success_debug42_opened_conversation_with_stormrider_at_{""lat"":_45.425098802748686,_""lng"":_12.362717959741016}.",,Active,10/6/2025 11:34pm,10/6/2025 11:34pm,10/6/2025 11:34pm,
,NLR,StormRider,0,51,,,"activity_encounter_initiated_opener_success_stormrider_opened_conversation_with_nlr_at_{""lat"":_45.425098802748686,_""lng"":_12.362717959741016}.",,Active,10/6/2025 11:23pm,10/6/2025 11:23pm,10/6/2025 11:23pm,
,NLR,trader4life,0,51,,,"activity_encounter_initiated_opener_success_nlr_opened_conversation_with_trader4life_at_{""lat"":_45.425098802748686,_""lng"":_12.362717959741016}.",,Active,10/6/2025 11:18pm,10/6/2025 11:18pm,10/6/2025 11:18pm,
,NLR,sea_trader,0,51,,,"activity_encounter_initiated_opener_success_sea_trader_opened_conversation_with_nlr_at_{""lat"":_45.425098802748686,_""lng"":_12.362717959741016}.",,Active,10/6/2025 11:16pm,10/6/2025 11:17pm,10/6/2025 11:16pm,
,BookWorm365,sea_trader,0,51,,,"activity_encounter_initiated_opener_success_sea_trader_opened_conversation_with_bookworm365_at_{""lat"":_45.425098802748686,_""lng"":_12.362717959741016}.",,Active,10/6/2025 11:05pm,10/6/2025 11:05pm,10/6/2025 11:05pm,
,BookWorm365,Debug42,0,51,,,"activity_encounter_initiated_opener_success_bookworm365_opened_conversation_with_debug42_at_{""lat"":_45.425098802748686,_""lng"":_12.362717959741016}.",,Active,10/6/2025 11:03pm,10/6/2025 11:03pm,10/6/2025 11:03pm,
,Debug42,PixelDoge,0,51,,,"activity_encounter_initiated_opener_success_pixeldoge_opened_conversation_with_debug42_at_{""lat"":_45.425098802748686,_""lng"":_12.362717959741016}.",,Active,10/6/2025 11:00pm,10/6/2025 11:00pm,10/6/2025 11:00pm,
,StormRider,sea_trader,0,51,,,"activity_encounter_initiated_opener_success_sea_trader_opened_conversation_with_stormrider_at_{""lat"":_45.425098802748686,_""lng"":_12.362717959741016}.",,Active,10/6/2025 10:56pm,10/6/2025 10:56pm,10/6/2025 10:56pm,
,StarGazer2000,sea_trader,0,51,,,"activity_encounter_initiated_opener_success_sea_trader_opened_conversation_with_stargazer2000_at_{""lat"":_45.425098802748686,_""lng"":_12.362717959741016}.",,Active,10/6/2025 10:54pm,10/6/2025 10:54pm,10/6/2025 10:54pm,
,dkaya,steven,0,51,,,"activity_encounter_initiated_opener_success_steven_opened_conversation_with_dkaya_at_{""lat"":_45.439276,_""lng"":_12.339331}.",,Active,10/6/2025 10:17pm,10/6/2025 10:17pm,10/6/2025 10:17pm,
,John_Jeffries,dkaya,0,51,,,"activity_encounter_initiated_opener_success_dkaya_opened_conversation_with_john_jeffries_at_{""lat"":_45.439276,_""lng"":_12.339331}.",,Active,10/6/2025 10:10pm,10/6/2025 10:10pm,10/6/2025 10:10pm,
,EliteInvestor,apulian_mariner,0,51,,,"activity_encounter_initiated_opener_success_apulian_mariner_opened_conversation_with_eliteinvestor_at_{""lat"":_45.425098802748686,_""lng"":_12.362717959741016}.",,Active,10/6/2025 9:57pm,10/6/2025 9:57pm,10/6/2025 9:57pm,
,BookWorm365,StormRider,0,51,,,"activity_encounter_initiated_opener_success_stormrider_opened_conversation_with_bookworm365_at_{""lat"":_45.425098802748686,_""lng"":_12.362717959741016}.",,Active,10/6/2025 9:43pm,10/6/2025 9:43pm,10/6/2025 9:43pm,
,EliteInvestor,UrbanExplorer,0,51,,,"activity_encounter_initiated_opener_success_eliteinvestor_opened_conversation_with_urbanexplorer_at_{""lat"":_45.425098802748686,_""lng"":_12.362717959741016}.",,Active,10/6/2025 9:10pm,10/6/2025 9:10pm,10/6/2025 9:10pm,
,EliteInvestor,StarGazer2000,0,51,,,"activity_encounter_initiated_opener_success_stargazer2000_opened_conversation_with_eliteinvestor_at_{""lat"":_45.425098802748686,_""lng"":_12.362717959741016}.",,Active,10/6/2025 8:59pm,10/6/2025 8:59pm,10/6/2025 8:59pm,
,ProSilkTrader,StormRider,0,51,,,"activity_encounter_initiated_opener_success_prosilktrader_opened_conversation_with_stormrider_at_{""lat"":_45.425098802748686,_""lng"":_12.362717959741016}.",,Active,10/6/2025 8:49pm,10/6/2025 8:49pm,10/6/2025 8:49pm,
,EliteInvestor,ProSilkTrader,0,51,,,"activity_encounter_initiated_opener_success_prosilktrader_opened_conversation_with_eliteinvestor_at_{""lat"":_45.425098802748686,_""lng"":_12.362717959741016}.",,Active,10/6/2025 8:46pm,10/6/2025 8:46pm,10/6/2025 8:46pm,
,EliteInvestor,Italia,0,51,,,"activity_encounter_initiated_opener_success_italia_opened_conversation_with_eliteinvestor_at_{""lat"":_45.425098802748686,_""lng"":_12.362717959741016}.",,Active,10/6/2025 8:34pm,10/6/2025 8:34pm,10/6/2025 8:34pm,
,EliteInvestor,tavern_tales,0,51,,,"activity_encounter_initiated_opener_success_tavern_tales_opened_conversation_with_eliteinvestor_at_{""lat"":_45.425098802748686,_""lng"":_12.362717959741016}.",,Active,10/6/2025 8:25pm,10/6/2025 8:25pm,10/6/2025 8:25pm,
,NLR,tavern_tales,0,51,,,activity_artist_payment_received_success_play_the_weight_of_a_ducat,,Active,10/6/2025 2:50pm,10/6/2025 2:50pm,10/6/2025 2:50pm,
,ConsiglioDeiDieci,The-Old-Boy,0,51,,,activity_theater_attendance_operator_success_attended_performance_at_building-45.43844921305672-12.333089926233379,,Active,10/6/2025 2:49pm,10/6/2025 2:49pm,10/6/2025 2:49pm,
,ConsiglioDeiDieci,poet_of_the_rialto,0,51,,,activity_theater_attendance_operator_success_attended_performance_at_building-45.43844921305672-12.333089926233379,,Active,10/6/2025 2:49pm,10/6/2025 2:49pm,10/6/2025 2:49pm,
,The-Old-Boy,tavern_tales,0,51,,,activity_artist_payment_received_success_play_the_weight_of_a_ducat,,Active,10/6/2025 2:49pm,10/6/2025 2:49pm,10/6/2025 2:49pm,
,ConsiglioDeiDieci,ionian_sailor,0,51,,,activity_theater_attendance_operator_success_attended_performance_at_building-45.43844921305672-12.333089926233379,,Active,10/6/2025 2:48pm,10/6/2025 2:48pm,10/6/2025 2:48pm,
,ionian_sailor,tavern_tales,0,51,,,activity_artist_payment_received_success_play_the_weight_of_a_ducat,,Active,10/6/2025 2:48pm,10/6/2025 2:48pm,10/6/2025 2:48pm,
,ConsiglioDeiDieci,bigbosefx,0,51,,,activity_theater_attendance_operator_success_attended_performance_at_building-45.43844921305672-12.333089926233379,,Active,10/6/2025 2:46pm,10/6/2025 2:46pm,10/6/2025 2:46pm,
,ConsiglioDeiDieci,greek_trader1,0,51,,,activity_theater_attendance_operator_success_attended_performance_at_building-45.43844921305672-12.333089926233379,,Active,10/6/2025 2:46pm,10/6/2025 2:46pm,10/6/2025 2:46pm,
,rialto_sailor,tavern_tales,0,51,,,activity_artist_payment_received_success_play_the_weight_of_a_ducat,,Active,10/6/2025 2:46pm,10/6/2025 2:46pm,10/6/2025 2:46pm,
,dkaya,tavern_tales,0,51,,,activity_artist_payment_received_success_play_the_weight_of_a_ducat,,Active,10/6/2025 2:46pm,10/6/2025 2:46pm,10/6/2025 2:46pm,
,alexandria_trader,tavern_tales,0,51,,,activity_artist_payment_received_success_play_the_weight_of_a_ducat,,Active,10/6/2025 2:46pm,10/6/2025 2:46pm,10/6/2025 2:46pm,
,LagoonDealer2025,tavern_tales,0,51,,,activity_artist_payment_received_success_play_the_weight_of_a_ducat,,Active,10/6/2025 1:27pm,10/6/2025 1:27pm,10/6/2025 1:27pm,
,BasstheWhale,ligurian_captain,0,51,,,"activity_encounter_initiated_opener_success_ligurian_captain_opened_conversation_with_bassthewhale_at_{""lat"":_45.426528,_""lng"":_12.362666}.",,Active,10/6/2025 12:37pm,10/6/2025 12:38pm,10/6/2025 12:37pm,
,gondola_assistant,painter_of_light,0,51,,,"activity_encounter_initiated_opener_success_gondola_assistant_opened_conversation_with_painter_of_light_at_{""lat"":_45.43844921305672,_""lng"":_12.333089926233379,_""polygonid"":_""polygon-1746072967949"",_""pointtype"":_""land""}.",,Active,10/6/2025 12:32pm,10/6/2025 12:32pm,10/6/2025 12:32pm,
,aegean_mariner,bosphorus_navigator,0,51,,,"activity_encounter_initiated_opener_success_bosphorus_navigator_opened_conversation_with_aegean_mariner_at_{""lat"":_45.442971,_""lng"":_12.326653}.",,Active,10/6/2025 9:25am,10/6/2025 9:25am,10/6/2025 9:25am,
,bosphorus_navigator,rialto_sailor1,0,51,,,"activity_encounter_initiated_opener_success_bosphorus_navigator_opened_conversation_with_rialto_sailor1_at_{""lat"":_45.442971,_""lng"":_12.326653}.",,Active,10/6/2025 9:21am,10/6/2025 9:21am,10/6/2025 9:21am,
,greek_trader1,sea_trader,0,51,,,"activity_encounter_initiated_opener_success_greek_trader1_opened_conversation_with_sea_trader_at_{""lat"":_45.43844921305672,_""lng"":_12.333089926233379,_""polygonid"":_""polygon-1746072967949"",_""pointtype"":_""land""}.",,Active,10/6/2025 9:19am,10/6/2025 9:19am,10/6/2025 9:19am,
,dalmatian_trader,sea_trader,0,51,,,"activity_encounter_initiated_opener_success_sea_trader_opened_conversation_with_dalmatian_trader_at_{""lat"":_45.43844921305672,_""lng"":_12.333089926233379,_""polygonid"":_""polygon-1746072967949"",_""pointtype"":_""land""}.",,Active,10/6/2025 9:12am,10/6/2025 9:12am,10/6/2025 9:12am,
,sea_trader,sicily_mariner,0,51,,,"activity_encounter_initiated_opener_success_sicily_mariner_opened_conversation_with_sea_trader_at_{""lat"":_45.43844921305672,_""lng"":_12.333089926233379,_""polygonid"":_""polygon-1746072967949"",_""pointtype"":_""land""}.",,Active,10/6/2025 9:08am,10/6/2025 9:08am,10/6/2025 9:08am,
,ionian_sailor,sicily_mariner,0,51,,,"activity_encounter_initiated_opener_success_sicily_mariner_opened_conversation_with_ionian_sailor_at_{""lat"":_45.43844921305672,_""lng"":_12.333089926233379,_""polygonid"":_""polygon-1746072967949"",_""pointtype"":_""land""}.",,Active,10/6/2025 9:04am,10/6/2025 9:04am,10/6/2025 9:04am,
,albanian_mariner,sea_trader,0,51,,,"activity_encounter_initiated_opener_success_sea_trader_opened_conversation_with_albanian_mariner_at_{""lat"":_45.43844921305672,_""lng"":_12.333089926233379,_""polygonid"":_""polygon-1746072967949"",_""pointtype"":_""land""}.",,Active,10/6/2025 9:02am,10/6/2025 9:02am,10/6/2025 9:02am,
,albanian_mariner,greek_trader2,0,51,,,"activity_encounter_initiated_opener_success_albanian_mariner_opened_conversation_with_greek_trader2_at_{""lat"":_45.43844921305672,_""lng"":_12.333089926233379,_""polygonid"":_""polygon-1746072967949"",_""pointtype"":_""land""}.",,Active,10/6/2025 9:01am,10/6/2025 9:01am,10/6/2025 9:01am,
,albanian_mariner,sicily_mariner,0,51,,,"activity_encounter_initiated_opener_success_sicily_mariner_opened_conversation_with_albanian_mariner_at_{""lat"":_45.43844921305672,_""lng"":_12.333089926233379,_""polygonid"":_""polygon-1746072967949"",_""pointtype"":_""land""}.",,Active,10/6/2025 8:59am,10/6/2025 8:59am,10/6/2025 8:59am,
,greek_trader1,ionian_sailor,0,51,,,"activity_encounter_initiated_opener_success_greek_trader1_opened_conversation_with_ionian_sailor_at_{""lat"":_45.43844921305672,_""lng"":_12.333089926233379,_""polygonid"":_""polygon-1746072967949"",_""pointtype"":_""land""}.",,Active,10/6/2025 8:56am,10/6/2025 8:56am,10/6/2025 8:56am,
,dalmatian_trader,greek_trader2,0,51,,,"activity_encounter_initiated_opener_success_dalmatian_trader_opened_conversation_with_greek_trader2_at_{""lat"":_45.43844921305672,_""lng"":_12.333089926233379,_""polygonid"":_""polygon-1746072967949"",_""pointtype"":_""land""}.",,Active,10/6/2025 8:41am,10/6/2025 8:41am,10/6/2025 8:41am,
,albanian_mariner,greek_trader1,0,51,,,"activity_encounter_initiated_opener_success_greek_trader1_opened_conversation_with_albanian_mariner_at_{""lat"":_45.43844921305672,_""lng"":_12.333089926233379,_""polygonid"":_""polygon-1746072967949"",_""pointtype"":_""land""}.",,Active,10/6/2025 8:37am,10/6/2025 8:37am,10/6/2025 8:37am,
,dalmatian_trader,ionian_sailor,0,51,,,"activity_encounter_initiated_opener_success_ionian_sailor_opened_conversation_with_dalmatian_trader_at_{""lat"":_45.43844921305672,_""lng"":_12.333089926233379,_""polygonid"":_""polygon-1746072967949"",_""pointtype"":_""land""}.",,Active,10/6/2025 8:33am,10/6/2025 8:33am,10/6/2025 8:33am,
,greek_trader2,sicily_mariner,0,51,,,"activity_encounter_initiated_opener_success_greek_trader2_opened_conversation_with_sicily_mariner_at_{""lat"":_45.43844921305672,_""lng"":_12.333089926233379,_""polygonid"":_""polygon-1746072967949"",_""pointtype"":_""land""}.",,Active,10/6/2025 8:29am,10/6/2025 8:29am,10/6/2025 8:29am,
,albanian_mariner,ionian_sailor,0,51,,,"activity_encounter_initiated_opener_success_ionian_sailor_opened_conversation_with_albanian_mariner_at_{""lat"":_45.43844921305672,_""lng"":_12.333089926233379,_""polygonid"":_""polygon-1746072967949"",_""pointtype"":_""land""}.",,Active,10/6/2025 8:27am,10/6/2025 8:27am,10/6/2025 8:27am,
,John_Jeffries,VenicePhotographer,0,51,,,"activity_encounter_initiated_opener_success_venicephotographer_opened_conversation_with_john_jeffries_at_{""lat"":_45.439276,_""lng"":_12.339331}.",,Active,10/6/2025 8:23am,10/6/2025 8:23am,10/6/2025 8:23am,
,BasstheWhale,GondolaDrifter,0,51,,,"activity_encounter_initiated_opener_success_bassthewhale_opened_conversation_with_gondoladrifter_at_{""lat"":_45.426528,_""lng"":_12.362666}.",,Active,10/6/2025 8:20am,10/6/2025 8:20am,10/6/2025 8:20am,
,GondolaDrifter,trader4life,0,51,,,"activity_encounter_initiated_opener_success_gondoladrifter_opened_conversation_with_trader4life_at_{""lat"":_45.426528,_""lng"":_12.362666}.",,Active,10/6/2025 8:17am,10/6/2025 8:17am,10/6/2025 8:17am,
,ConsiglioDeiDieci,dalmatian_trader,0,51,,,activity_theater_attendance_operator_success_attended_performance_at_building-45.43844921305672-12.333089926233379,,Active,10/6/2025 6:43am,10/6/2025 6:43am,10/6/2025 6:43am,
,dalmatian_trader,tavern_tales,0,51,,,activity_artist_payment_received_success_play_the_weight_of_a_ducat,,Active,10/6/2025 6:43am,10/6/2025 6:43am,10/6/2025 6:43am,
,SilkRoadRunner,tavern_tales,0,51,,,activity_artist_payment_received_success_play_the_weight_of_a_ducat,,Active,10/6/2025 2:12am,10/6/2025 2:12am,10/6/2025 2:12am,
,The-Old-Boy,rialto_sailor1,0,51,,,"activity_encounter_initiated_opener_success_rialto_sailor1_opened_conversation_with_the-old-boy_at_{""lat"":_45.442971,_""lng"":_12.326653}.",,Active,7/6/2025 1:07am,7/6/2025 1:07am,7/6/2025 1:07am,
,bosphorus_navigator,greek_trader1,0,51,,,"activity_encounter_initiated_opener_success_bosphorus_navigator_opened_conversation_with_greek_trader1_at_{""lat"":_45.425098802748686,_""lng"":_12.362717959741016}.",,Active,7/6/2025 12:59am,7/6/2025 12:59am,7/6/2025 12:59am,
,VeniceHustler,greek_trader1,0,51,,,"activity_encounter_initiated_opener_success_greek_trader1_opened_conversation_with_venicehustler_at_{""lat"":_45.425098802748686,_""lng"":_12.362717959741016}.",,Active,7/6/2025 12:57am,7/6/2025 12:57am,7/6/2025 12:57am,
,VeniceHustler,bosphorus_navigator,0,51,,,"activity_encounter_initiated_opener_success_bosphorus_navigator_opened_conversation_with_venicehustler_at_{""lat"":_45.425098802748686,_""lng"":_12.362717959741016}.",,Active,7/6/2025 12:55am,7/6/2025 12:55am,7/6/2025 12:55am,
,VeniceHustler,dalmatian_trader,0,51,,,"activity_encounter_initiated_opener_success_venicehustler_opened_conversation_with_dalmatian_trader_at_{""lat"":_45.425098802748686,_""lng"":_12.362717959741016}.",,Active,7/6/2025 12:53am,7/6/2025 12:53am,7/6/2025 12:53am,
,bosphorus_navigator,dalmatian_trader,0,51,,,"activity_encounter_initiated_opener_success_dalmatian_trader_opened_conversation_with_bosphorus_navigator_at_{""lat"":_45.425098802748686,_""lng"":_12.362717959741016}.",,Active,7/6/2025 12:52am,7/6/2025 12:52am,7/6/2025 12:52am,
,VeniceHustler,gondola_assistant,0,51,,,"activity_encounter_initiated_opener_success_gondola_assistant_opened_conversation_with_venicehustler_at_{""lat"":_45.425098802748686,_""lng"":_12.362717959741016}.",,Active,7/6/2025 12:47am,7/6/2025 12:47am,7/6/2025 12:47am,
,bosphorus_navigator,sicily_mariner,0,51,,,"activity_encounter_initiated_opener_success_sicily_mariner_opened_conversation_with_bosphorus_navigator_at_{""lat"":_45.425098802748686,_""lng"":_12.362717959741016}.",,Active,7/6/2025 12:43am,7/6/2025 12:43am,7/6/2025 12:43am,
,VeniceHustler,sicily_mariner,0,51,,,"activity_encounter_initiated_opener_success_venicehustler_opened_conversation_with_sicily_mariner_at_{""lat"":_45.425098802748686,_""lng"":_12.362717959741016}.",,Active,7/6/2025 12:38am,7/6/2025 12:38am,7/6/2025 12:38am,
,BasstheWhale,QuantumLeap,0,51,,,"activity_encounter_initiated_opener_success_bassthewhale_opened_conversation_with_quantumleap_at_{""lat"":_45.4408725,_""lng"":_12.3303685}.",,Active,7/6/2025 12:36am,7/6/2025 12:36am,7/6/2025 12:36am,
,Xadme,shiren,0,51,,,"activity_encounter_initiated_opener_success_xadme_opened_conversation_with_shiren_at_{""lat"":_45.4408725,_""lng"":_12.3303685}.",,Active,7/6/2025 12:34am,7/6/2025 12:34am,7/6/2025 12:34am,
,ItalyMerchant,shiren,0,51,,,"activity_encounter_initiated_opener_success_italymerchant_opened_conversation_with_shiren_at_{""lat"":_45.4408725,_""lng"":_12.3303685}.",,Active,7/6/2025 12:34am,7/6/2025 12:34am,7/6/2025 12:34am,
,VenicePhotographer,shiren,0,51,,,"activity_encounter_initiated_opener_success_shiren_opened_conversation_with_venicephotographer_at_{""lat"":_45.4408725,_""lng"":_12.3303685}.",,Active,7/6/2025 12:32am,7/6/2025 12:32am,7/6/2025 12:32am,
,Feola007,shiren,0,51,,,"activity_encounter_initiated_opener_success_shiren_opened_conversation_with_feola007_at_{""lat"":_45.4408725,_""lng"":_12.3303685}.",,Active,7/6/2025 12:30am,7/6/2025 12:30am,7/6/2025 12:30am,
,SilentObserver,shiren,0,51,,,"activity_encounter_initiated_opener_success_shiren_opened_conversation_with_silentobserver_at_{""lat"":_45.4408725,_""lng"":_12.3303685}.",,Active,7/6/2025 12:28am,7/6/2025 12:28am,7/6/2025 12:28am,
,BasstheWhale,shiren,0,51,,,"activity_encounter_initiated_opener_success_bassthewhale_opened_conversation_with_shiren_at_{""lat"":_45.4408725,_""lng"":_12.3303685}.",,Active,7/6/2025 12:25am,7/6/2025 12:25am,7/6/2025 12:25am,
,Feola007,ItalyMerchant,0,51,,,"activity_encounter_initiated_opener_success_feola007_opened_conversation_with_italymerchant_at_{""lat"":_45.4408725,_""lng"":_12.3303685}.",,Active,7/6/2025 12:25am,7/6/2025 12:25am,7/6/2025 12:25am,
,Feola007,VenicePhotographer,0,51,,,"activity_encounter_initiated_opener_success_feola007_opened_conversation_with_venicephotographer_at_{""lat"":_45.4408725,_""lng"":_12.3303685}.",,Active,7/6/2025 12:21am,7/6/2025 12:21am,7/6/2025 12:21am,
,QuantumLeap,Xadme,0,51,,,"activity_encounter_initiated_opener_success_quantumleap_opened_conversation_with_xadme_at_{""lat"":_45.4408725,_""lng"":_12.3303685}.",,Active,7/6/2025 12:21am,7/6/2025 12:21am,7/6/2025 12:21am,
,Feola007,SilentObserver,0,51,,,"activity_encounter_initiated_opener_success_feola007_opened_conversation_with_silentobserver_at_{""lat"":_45.4408725,_""lng"":_12.3303685}.",,Active,7/6/2025 12:20am,7/6/2025 12:20am,7/6/2025 12:20am,
,BookishMerchant,Xadme,0,51,,,"activity_encounter_initiated_opener_success_bookishmerchant_opened_conversation_with_xadme_at_{""lat"":_45.4408725,_""lng"":_12.3303685}.",,Active,7/6/2025 12:20am,7/6/2025 12:20am,7/6/2025 12:20am,
,BookishMerchant,Feola007,0,51,,,"activity_encounter_initiated_opener_success_bookishmerchant_opened_conversation_with_feola007_at_{""lat"":_45.4408725,_""lng"":_12.3303685}.",,Active,7/6/2025 12:19am,7/6/2025 12:19am,7/6/2025 12:19am,
,SilentObserver,VenicePhotographer,0,51,,,"activity_encounter_initiated_opener_success_silentobserver_opened_conversation_with_venicephotographer_at_{""lat"":_45.4408725,_""lng"":_12.3303685}.",,Active,7/6/2025 12:17am,7/6/2025 12:17am,7/6/2025 12:17am,
,BasstheWhale,Xadme,0,51,,,"activity_encounter_initiated_opener_success_xadme_opened_conversation_with_bassthewhale_at_{""lat"":_45.4408725,_""lng"":_12.3303685}.",,Active,7/6/2025 12:15am,7/6/2025 12:15am,7/6/2025 12:15am,
,ItalyMerchant,Xadme,0,51,,,"activity_encounter_initiated_opener_success_italymerchant_opened_conversation_with_xadme_at_{""lat"":_45.4408725,_""lng"":_12.3303685}.",,Active,7/6/2025 12:14am,7/6/2025 12:14am,7/6/2025 12:14am,
,QuantumLeap,shiren,0,51,,,"activity_encounter_initiated_opener_success_quantumleap_opened_conversation_with_shiren_at_{""lat"":_45.4408725,_""lng"":_12.3303685}.",,Active,7/6/2025 12:12am,7/6/2025 12:12am,7/6/2025 12:12am,
,Feola007,QuantumLeap,0,51,,,"activity_encounter_initiated_opener_success_quantumleap_opened_conversation_with_feola007_at_{""lat"":_45.4408725,_""lng"":_12.3303685}.",,Active,7/6/2025 12:12am,7/6/2025 12:12am,7/6/2025 12:12am,
,Feola007,Xadme,0,51,,,"activity_encounter_initiated_opener_success_xadme_opened_conversation_with_feola007_at_{""lat"":_45.4408725,_""lng"":_12.3303685}.",,Active,7/6/2025 12:11am,7/6/2025 12:11am,7/6/2025 12:11am,
,SilentObserver,Xadme,0,51,,,"activity_encounter_initiated_opener_success_silentobserver_opened_conversation_with_xadme_at_{""lat"":_45.4408725,_""lng"":_12.3303685}.",,Active,7/6/2025 12:11am,7/6/2025 12:11am,7/6/2025 12:11am,
,BasstheWhale,VenicePhotographer,0,51,,,"activity_encounter_initiated_opener_success_bassthewhale_opened_conversation_with_venicephotographer_at_{""lat"":_45.4408725,_""lng"":_12.3303685}.",,Active,7/6/2025 12:10am,7/6/2025 12:10am,7/6/2025 12:10am,
,BasstheWhale,ItalyMerchant,0,51,,,"activity_encounter_initiated_opener_success_bassthewhale_opened_conversation_with_italymerchant_at_{""lat"":_45.4408725,_""lng"":_12.3303685}.",,Active,7/6/2025 12:10am,7/6/2025 12:10am,7/6/2025 12:10am,
,BookishMerchant,shiren,0,51,,,"activity_encounter_initiated_opener_success_bookishmerchant_opened_conversation_with_shiren_at_{""lat"":_45.4408725,_""lng"":_12.3303685}.",,Active,7/6/2025 12:09am,7/6/2025 12:09am,7/6/2025 12:09am,
,BasstheWhale,SilentObserver,0,51,,,"activity_encounter_initiated_opener_success_bassthewhale_opened_conversation_with_silentobserver_at_{""lat"":_45.4408725,_""lng"":_12.3303685}.",,Active,7/6/2025 12:08am,7/6/2025 12:08am,7/6/2025 12:08am,
,aegean_mariner,dalmatian_trader,0,51,,,"activity_encounter_initiated_opener_success_dalmatian_trader_opened_conversation_with_aegean_mariner_at_{""lat"":_45.425689314247236,_""lng"":_12.359963687793282}.",,Active,6/6/2025 11:55pm,6/6/2025 11:55pm,6/6/2025 11:55pm,
,aegean_mariner,sicily_mariner,0,51,,,"activity_encounter_initiated_opener_success_aegean_mariner_opened_conversation_with_sicily_mariner_at_{""lat"":_45.425689314247236,_""lng"":_12.359963687793282}.",,Active,6/6/2025 11:54pm,6/6/2025 11:54pm,6/6/2025 11:54pm,
,John_Jeffries,greek_trader1,0,51,,,"activity_encounter_initiated_opener_success_greek_trader1_opened_conversation_with_john_jeffries_at_{""lat"":_45.437768,_""lng"":_12.340851}.",,Active,6/6/2025 11:53pm,6/6/2025 11:53pm,6/6/2025 11:53pm,
,BookishMerchant,QuantumLeap,0,51,,,"activity_encounter_initiated_opener_success_bookishmerchant_opened_conversation_with_quantumleap_at_{""lat"":_45.4408725,_""lng"":_12.3303685}., activity_fetch_purchase_failure_nothing_to_pickup, activity_fetch_purchase_success, activity_fetch_purchase_failure_nothing_to_pickup",,Active,7/6/2025 12:13am,27/6/2025 3:24pm,27/6/2025 3:24pm,
,Lucid,Trade4Fun,0,51,,," activity_eat_at_tavern_payment_success, activity_eat_at_tavern_payment_success, activity_eat_at_tavern_payment_success, activity_eat_at_tavern_payment_success, activity_eat_at_tavern_payment_success, activity_eat_at_tavern_payment_success, activity_eat_at_tavern_payment_success, activity_eat_at_tavern_payment_success, activity_eat_at_tavern_payment_success, activity_eat_at_tavern_payment_success, activity_eat_at_tavern_payment_success, activity_eat_at_tavern_payment_success, activity_eat_at_tavern_payment_success, activity_eat_at_tavern_payment_success, activity_eat_at_tavern_payment_success, activity_eat_at_tavern_payment_success, activity_eat_at_tavern_processing_failure_system_error, activity_eat_at_tavern_processing_failure_system_error, activity_eat_at_tavern_processing_failure_system_error, activity_eat_at_tavern_processing_failure_system_error, activity_eat_at_tavern_processing_failure_system_error",,Active,12/6/2025 4:35pm,10/7/2025 6:49pm,10/7/2025 6:49pm,
,PowerLifter,TravelBug23,0,50,,,"activity_fetch_pickup_failure_nothing_to_pickup, activity_fetch_pickup_success",,Active,25/6/2025 8:59pm,25/6/2025 10:16pm,25/6/2025 10:16pm,
,GamingPatrizio,meyti_tgz2,0,50,,,"activity_fetch_pickup_failure_nothing_to_pickup, activity_fetch_pickup_success",,Active,19/6/2025 12:33pm,25/6/2025 8:31pm,25/6/2025 8:31pm,
,BankingWizard99,SpiceHunter420,0,50,,,"activity_fetch_processing_failure_system_error_carrier, activity_fetch_pickup_success",,Active,19/6/2025 9:53pm,19/6/2025 9:53pm,19/6/2025 9:53pm,
,SilkRoadRunner,sicily_mariner,0,50,,,"activity_fetch_purchase_failure_nothing_to_pickup, activity_fetch_galley_stock_success",,Active,8/6/2025 7:59am,16/6/2025 10:03pm,16/6/2025 10:03pm,
,GamingPatrizio,VeniceHustler,0,50,,,"activity_fetch_pickup_success, activity_fetch_pickup_failure_nothing_to_pickup",,Active,19/6/2025 11:23am,25/6/2025 8:10pm,25/6/2025 8:10pm,
,GamingPatrizio,GreenThumb,0,50,,,"activity_fetch_pickup_success, activity_fetch_pickup_failure_nothing_to_pickup",,Active,19/6/2025 10:53am,19/6/2025 5:43pm,19/6/2025 5:43pm,
,CodeMonkey,GamingPatrizio,0,50,,,"activity_fetch_pickup_success, activity_fetch_pickup_failure_nothing_to_pickup",,Active,19/6/2025 11:28am,19/6/2025 11:28am,19/6/2025 11:28am,
,GamingPatrizio,albanian_mariner,0,50,,,"activity_fetch_galley_stock_success, activity_fetch_galley_stock_failure_galley_empty",,Active,16/6/2025 9:15pm,16/6/2025 10:24pm,16/6/2025 10:24pm,
,QuantumLeap,greek_trader1,0,50,,,"activity_fetch_galley_stock_success, activity_fetch_galley_stock_failure_galley_empty",,Active,9/6/2025 8:37pm,16/6/2025 10:23pm,16/6/2025 10:23pm,
,QuantumLeap,albanian_mariner,0,50,,,"activity_fetch_galley_stock_success, activity_fetch_galley_stock_failure_galley_empty",,Active,9/6/2025 8:37pm,9/6/2025 8:37pm,9/6/2025 8:37pm,
,DucaleTechie,greek_trader1,0,49,,,"activity_fetch_purchase_failure_nothing_to_pickup, activity_encounter_initiated_opener_success_ducaletechie_opened_conversation_with_greek_trader1_at_{""lat"":_45.436756581839155,_""lng"":_12.313958741565337}., activity_encounter_initiated_opener_success_greek_trader1_opened_conversation_with_ducaletechie_at_{""lat"":_45.436756581839155,_""lng"":_12.313958741565337}., activity_encounter_initiated_opener_success_greek_trader1_opened_conversation_with_ducaletechie_at_{""lat"":_45.436756581839155,_""lng"":_12.313958741565337}., activity_encounter_initiated_opener_success_ducaletechie_opened_conversation_with_greek_trader1_at_{""lat"":_45.436756581839155,_""lng"":_12.313958741565337}.",,Active,8/6/2025 6:19am,8/6/2025 1:44pm,8/6/2025 1:44pm,
,VenicePhotographer,greek_trader1,0,49,,,"activity_fetch_galley_stock_success, activity_fetch_galley_stock_failure_galley_empty, activity_fetch_galley_stock_success, activity_fetch_galley_stock_failure_galley_empty, activity_fetch_galley_stock_success, activity_fetch_galley_stock_failure_galley_empty",,Active,10/6/2025 1:36am,10/6/2025 1:38am,10/6/2025 1:38am,
,QuantumLeap,VenicePhotographer,0,49,,," activity_encounter_initiated_opener_success_quantumleap_opened_conversation_with_venicephotographer_at_{""lat"":_45.4408725,_""lng"":_12.3303685}., activity_encounter_initiated_opener_success_venicephotographer_opened_conversation_with_quantumleap_at_{""lat"":_45.440862333333335,_""lng"":_12.327658999999999}., activity_encounter_initiated_opener_success_quantumleap_opened_conversation_with_venicephotographer_at_{""lat"":_45.440862333333335,_""lng"":_12.327658999999999}., activity_encounter_initiated_opener_success_venicephotographer_opened_conversation_with_quantumleap_at_{""lat"":_45.440862333333335,_""lng"":_12.327658999999999}., activity_encounter_initiated_opener_success_venicephotographer_opened_conversation_with_quantumleap_at_{""lat"":_45.440862333333335,_""lng"":_12.327658999999999}., activity_encounter_initiated_opener_success_venicephotographer_opened_conversation_with_quantumleap_at_{""lat"":_45.440862333333335,_""lng"":_12.327658999999999}., activity_encounter_initiated_opener_success_quantumleap_opened_conversation_with_venicephotographer_at_{""lat"":_45.440862333333335,_""lng"":_12.327658999999999}., activity_encounter_initiated_opener_success_quantumleap_opened_conversation_with_venicephotographer_at_{""lat"":_45.440862333333335,_""lng"":_12.327658999999999}., activity_encounter_initiated_opener_success_venicephotographer_opened_conversation_with_quantumleap_at_{""lat"":_45.440862333333335,_""lng"":_12.327658999999999}., activity_fetch_pickup_failure_nothing_to_pickup, activity_fetch_pickup_failure_nothing_to_pickup",,Active,6/6/2025 11:43pm,27/6/2025 4:39pm,27/6/2025 4:39pm,
,VenicePhotographer,dalmatian_trader,0,49,,,"activity_fetch_galley_stock_success, activity_fetch_galley_stock_success, activity_fetch_galley_processing_failure_system_error, activity_fetch_galley_stock_failure_galley_empty, activity_fetch_galley_stock_success, activity_fetch_galley_stock_failure_galley_empty",,Active,10/6/2025 1:13am,10/6/2025 1:38am,10/6/2025 1:38am,
,Trade4Fun,dalmatian_trader,0,49,,," activity_eat_at_tavern_payment_success, activity_eat_at_tavern_payment_success, activity_eat_at_tavern_payment_success, activity_eat_at_tavern_payment_success, activity_eat_at_tavern_payment_success, activity_eat_at_tavern_payment_success, activity_eat_at_tavern_payment_success, activity_eat_at_tavern_payment_success, activity_eat_at_tavern_payment_success, activity_eat_at_tavern_payment_success, activity_eat_at_tavern_payment_success, activity_eat_at_tavern_payment_success, activity_eat_at_tavern_payment_success, activity_eat_at_tavern_payment_success, activity_eat_at_tavern_payment_success, activity_eat_at_tavern_processing_failure_system_error, activity_eat_at_tavern_processing_failure_system_error, activity_eat_at_tavern_processing_failure_system_error, activity_eat_at_tavern_processing_failure_system_error, activity_eat_at_tavern_processing_failure_system_error",,Active,16/6/2025 11:07pm,12/7/2025 6:15pm,12/7/2025 6:15pm,
,ItalyMerchant,SilentObserver,0,48,,,"activity_encounter_initiated_opener_success_silentobserver_opened_conversation_with_italymerchant_at_{""lat"":_45.4408725,_""lng"":_12.3303685}., activity_fetch_pickup_failure_nothing_to_pickup, activity_fetch_pickup_failure_nothing_to_pickup, activity_fetch_pickup_success",,Active,7/6/2025 12:23am,14/6/2025 10:59am,14/6/2025 10:59am,
,BookishMerchant,ItalyMerchant,0,47,,,"activity_encounter_initiated_opener_success_italymerchant_opened_conversation_with_bookishmerchant_at_{""lat"":_45.4408725,_""lng"":_12.3303685}., activity_fetch_pickup_failure_nothing_to_pickup",,Active,7/6/2025 12:26am,27/6/2025 4:43pm,27/6/2025 4:43pm,
,BookishMerchant,SilentObserver,0,47,,,"activity_encounter_initiated_opener_success_silentobserver_opened_conversation_with_bookishmerchant_at_{""lat"":_45.4408725,_""lng"":_12.3303685}., activity_fetch_pickup_failure_nothing_to_pickup",,Active,7/6/2025 12:21am,27/6/2025 4:33pm,27/6/2025 4:33pm,
,BookishMerchant,VenicePhotographer,0,47,,,"activity_encounter_initiated_opener_success_venicephotographer_opened_conversation_with_bookishmerchant_at_{""lat"":_45.4408725,_""lng"":_12.3303685}., activity_fetch_pickup_failure_nothing_to_pickup",,Active,7/6/2025 12:15am,27/6/2025 3:10pm,27/6/2025 3:10pm,
,QuantumLeap,dalmatian_trader,0,47,,,"activity_fetch_galley_stock_failure_galley_empty, activity_fetch_galley_stock_failure_galley_empty, activity_fetch_galley_stock_success",,Active,9/6/2025 8:37pm,16/6/2025 9:15pm,16/6/2025 9:15pm,
,EtiennodaMurano,Trade4Fun,0,47,,,"activity_eat_at_tavern_payment_success, activity_eat_at_tavern_payment_success, activity_eat_at_tavern_processing_failure_system_error, activity_eat_at_tavern_processing_failure_system_error",,Active,5/7/2025 8:14am,10/7/2025 6:36pm,10/7/2025 6:36pm,
,BookishMerchant,EtiennodaMurano,0,47,,,activity_fetch_pickup_failure_nothing_to_pickup,,Active,29/6/2025 5:07pm,29/6/2025 5:07pm,29/6/2025 5:07pm,
,BarbarigoCadet,MorosiniNoble,0,47,,,activity_fetch_pickup_failure_nothing_to_pickup,,Active,29/6/2025 5:06pm,29/6/2025 5:06pm,29/6/2025 5:06pm,
,BookishMerchant,TechnoMedici,0,47,,,activity_fetch_pickup_failure_nothing_to_pickup,,Active,27/6/2025 8:28pm,27/6/2025 8:28pm,27/6/2025 8:28pm,
,BookishMerchant,ZenithTrader,0,47,,,activity_fetch_pickup_failure_nothing_to_pickup,,Active,27/6/2025 7:53pm,27/6/2025 7:53pm,27/6/2025 7:53pm,
,BankingWizard99,BookishMerchant,0,47,,,activity_fetch_pickup_failure_nothing_to_pickup,,Active,27/6/2025 6:43pm,27/6/2025 6:43pm,27/6/2025 6:43pm,
,FitnessFanatic,GamingPatrizio,0,47,,,activity_fetch_pickup_failure_nothing_to_pickup,,Active,27/6/2025 6:43pm,27/6/2025 6:43pm,27/6/2025 6:43pm,
,BankingWizard99,FitnessFanatic,0,47,,,activity_fetch_pickup_failure_nothing_to_pickup,,Active,27/6/2025 6:09pm,27/6/2025 6:09pm,27/6/2025 6:09pm,
,BookishMerchant,Miles4lf,0,47,,,activity_fetch_pickup_failure_nothing_to_pickup,,Active,27/6/2025 5:08pm,27/6/2025 5:08pm,27/6/2025 5:08pm,
,BookishMerchant,Bullitpro0f,0,47,,,activity_fetch_pickup_failure_nothing_to_pickup,,Active,27/6/2025 5:00pm,27/6/2025 5:00pm,27/6/2025 5:00pm,
,BookishMerchant,Marcellus,0,47,,,activity_fetch_pickup_failure_nothing_to_pickup,,Active,27/6/2025 5:00pm,27/6/2025 5:00pm,27/6/2025 5:00pm,
,BookishMerchant,VeniceTrader88,0,47,,,activity_fetch_pickup_failure_nothing_to_pickup,,Active,27/6/2025 4:48pm,27/6/2025 4:48pm,27/6/2025 4:48pm,
,BookishMerchant,ligurian_captain,0,47,,,activity_fetch_pickup_failure_nothing_to_pickup,,Active,27/6/2025 4:43pm,27/6/2025 4:43pm,27/6/2025 4:43pm,
,BookishMerchant,meyti_tgz,0,47,,,activity_fetch_pickup_failure_nothing_to_pickup,,Active,27/6/2025 4:43pm,27/6/2025 4:43pm,27/6/2025 4:43pm,
,BookishMerchant,poet_of_the_rialto,0,47,,,activity_fetch_pickup_failure_nothing_to_pickup,,Active,27/6/2025 4:43pm,27/6/2025 4:43pm,27/6/2025 4:43pm,
,BookishMerchant,ShippingMogul,0,47,,,activity_fetch_pickup_failure_nothing_to_pickup,,Active,27/6/2025 4:33pm,27/6/2025 4:33pm,27/6/2025 4:33pm,
,BookishMerchant,Nundresh,0,47,,,activity_fetch_pickup_failure_nothing_to_pickup,,Active,27/6/2025 3:24pm,27/6/2025 3:24pm,27/6/2025 3:24pm,
,BookishMerchant,coffee,0,47,,,activity_fetch_pickup_failure_nothing_to_pickup,,Active,27/6/2025 3:24pm,27/6/2025 3:24pm,27/6/2025 3:24pm,
,DesertRanger,QuantumLeap,0,47,,,activity_fetch_pickup_failure_nothing_to_pickup,,Active,27/6/2025 3:24pm,27/6/2025 3:24pm,27/6/2025 3:24pm,
,BookishMerchant,tavern_tales,0,47,,,activity_fetch_pickup_failure_nothing_to_pickup,,Active,27/6/2025 3:24pm,27/6/2025 3:24pm,27/6/2025 3:24pm,
,BookishMerchant,painter_of_light,0,47,,,activity_fetch_pickup_failure_nothing_to_pickup,,Active,27/6/2025 3:24pm,27/6/2025 3:24pm,27/6/2025 3:24pm,
,CryptoContarini,GamingPatrizio,0,47,,,activity_fetch_pickup_failure_nothing_to_pickup,,Active,27/6/2025 3:24pm,27/6/2025 3:24pm,27/6/2025 3:24pm,
,BankingWizard99,CryptoContarini,0,47,,,activity_fetch_pickup_failure_nothing_to_pickup,,Active,27/6/2025 3:14pm,27/6/2025 3:14pm,27/6/2025 3:14pm,
,BookishMerchant,Giovanni,0,47,,,activity_fetch_pickup_failure_nothing_to_pickup,,Active,27/6/2025 3:14pm,27/6/2025 3:14pm,27/6/2025 3:14pm,
,BookishMerchant,philosopher_banker,0,47,,,activity_fetch_pickup_failure_nothing_to_pickup,,Active,27/6/2025 3:07pm,27/6/2025 3:07pm,27/6/2025 3:07pm,
,GamingPatrizio,LuciaMancini,0,47,,,activity_fetch_pickup_failure_nothing_to_pickup,,Active,27/6/2025 2:30pm,27/6/2025 2:30pm,27/6/2025 2:30pm,
,GamingPatrizio,levant_trader,0,47,,,activity_fetch_pickup_failure_nothing_to_pickup,,Active,27/6/2025 2:30pm,27/6/2025 2:30pm,27/6/2025 2:30pm,
,BankingWizard99,LuciaMancini,0,47,,,activity_fetch_pickup_failure_nothing_to_pickup,,Active,27/6/2025 2:29pm,27/6/2025 2:29pm,27/6/2025 2:29pm,
,FoodieForLife,GamingPatrizio,0,47,,,activity_fetch_pickup_failure_nothing_to_pickup,,Active,25/6/2025 10:16pm,25/6/2025 10:16pm,25/6/2025 10:16pm,
,VenicePhotographer,gondola_assistant1,0,47,,,activity_fetch_pickup_failure_nothing_to_pickup,,Active,25/6/2025 10:16pm,25/6/2025 10:16pm,25/6/2025 10:16pm,
,BankingWizard99,ZenGiovane,0,47,,,activity_fetch_pickup_failure_nothing_to_pickup,,Active,19/6/2025 10:34pm,19/6/2025 10:34pm,19/6/2025 10:34pm,
,GamingPatrizio,GlassMaster1503,0,47,,,activity_fetch_pickup_failure_nothing_to_pickup,,Active,19/6/2025 9:14pm,19/6/2025 9:14pm,19/6/2025 9:14pm,
,BlueSkySurfer,TravelBug23,0,47,,,activity_fetch_pickup_failure_nothing_to_pickup,,Active,19/6/2025 1:33pm,19/6/2025 1:33pm,19/6/2025 1:33pm,
,GamingPatrizio,MerchantLegend,0,47,,,activity_fetch_pickup_failure_nothing_to_pickup,,Active,19/6/2025 12:18pm,19/6/2025 12:18pm,19/6/2025 12:18pm,
,GlassMaster1503,QuantumLeap,0,47,,,activity_fetch_pickup_failure_nothing_to_pickup,,Active,19/6/2025 12:18pm,19/6/2025 12:18pm,19/6/2025 12:18pm,
,DucaleTechie,QuantumLeap,0,47,,,activity_fetch_pickup_failure_nothing_to_pickup,,Active,19/6/2025 11:53am,19/6/2025 11:53am,19/6/2025 11:53am,
,GamingPatrizio,greek_trader1,0,47,,,activity_fetch_galley_stock_failure_galley_empty,,Active,16/6/2025 10:30pm,16/6/2025 10:30pm,16/6/2025 10:30pm,
,QuantumLeap,gondola_assistant,0,47,,,activity_fetch_galley_stock_failure_galley_empty,,Active,16/6/2025 10:27pm,16/6/2025 10:27pm,16/6/2025 10:27pm,
,TravelBug23,sicily_mariner,0,47,,,activity_fetch_galley_stock_failure_galley_empty,,Active,16/6/2025 10:23pm,16/6/2025 10:23pm,16/6/2025 10:23pm,
,Feola007,sea_trader,0,47,,,activity_fetch_galley_stock_failure_galley_empty,,Active,16/6/2025 10:19pm,16/6/2025 10:19pm,16/6/2025 10:19pm,
,Feola007,TechnoMedici,0,47,,,activity_fetch_pickup_failure_nothing_to_pickup,,Active,16/6/2025 10:19pm,16/6/2025 10:19pm,16/6/2025 10:19pm,
,SilkRoadRunner,sea_trader,0,47,,,activity_fetch_galley_stock_failure_galley_empty,,Active,16/6/2025 10:15pm,16/6/2025 10:15pm,16/6/2025 10:15pm,
,NLR,greek_trader2,0,47,,,activity_fetch_galley_stock_failure_galley_empty,,Active,16/6/2025 10:13pm,16/6/2025 10:13pm,16/6/2025 10:13pm,
,GondolaDrifter,gondola_assistant,0,47,,,activity_fetch_pickup_failure_nothing_to_pickup,,Active,16/6/2025 10:10pm,16/6/2025 10:10pm,16/6/2025 10:10pm,
,VenicePhotographer,meyti_tgz,0,47,,,activity_fetch_pickup_failure_nothing_to_pickup,,Active,14/6/2025 2:39pm,14/6/2025 2:39pm,14/6/2025 2:39pm,
,VenicePhotographer,greek_trader,0,47,,,activity_fetch_pickup_failure_nothing_to_pickup,,Active,14/6/2025 1:58pm,14/6/2025 1:59pm,14/6/2025 1:58pm,
,PixelDoge,VenicePhotographer,0,47,,,activity_fetch_pickup_failure_nothing_to_pickup,,Active,14/6/2025 1:58pm,14/6/2025 1:58pm,14/6/2025 1:58pm,
,VenicePhotographer,coffee,0,47,,,activity_fetch_pickup_failure_nothing_to_pickup,,Active,14/6/2025 1:58pm,14/6/2025 1:58pm,14/6/2025 1:58pm,
,VenicePhotographer,ligurian_captain,0,47,,,activity_fetch_pickup_failure_nothing_to_pickup,,Active,14/6/2025 1:49pm,14/6/2025 1:49pm,14/6/2025 1:48pm,
,VenicePhotographer,painter_of_light,0,47,,,activity_fetch_processing_failure_system_error_carrier,,Active,14/6/2025 1:38pm,14/6/2025 1:38pm,14/6/2025 1:38pm,
,ItalyMerchant,ShippingMogul,0,47,,,activity_fetch_pickup_failure_nothing_to_pickup,,Active,14/6/2025 11:19am,14/6/2025 11:19am,14/6/2025 11:19am,
,EliteInvestor,greek_trader2,0,47,,,activity_fetch_pickup_failure_nothing_to_pickup,,Active,13/6/2025 8:13pm,13/6/2025 8:14pm,13/6/2025 8:13pm,
,DragonSlayer,TravelBug23,0,47,,,activity_fetch_pickup_failure_nothing_to_pickup,,Active,12/6/2025 6:53pm,12/6/2025 6:53pm,12/6/2025 6:53pm,
,ItalyMerchant,PhotoWizard,0,47,,,activity_fetch_pickup_failure_nothing_to_pickup,,Active,10/6/2025 10:38pm,10/6/2025 10:38pm,10/6/2025 10:38pm,
,ItalyMerchant,painter_of_light,0,47,,,activity_fetch_pickup_failure_nothing_to_pickup,,Active,10/6/2025 9:23pm,10/6/2025 9:23pm,10/6/2025 9:23pm,
,ItalyMerchant,ligurian_captain,0,47,,,activity_fetch_pickup_failure_nothing_to_pickup,,Active,10/6/2025 9:18pm,10/6/2025 9:18pm,10/6/2025 9:18pm,
,ItalyMerchant,greek_trader1,0,47,,,activity_fetch_galley_stock_failure_galley_empty,,Active,10/6/2025 1:36am,10/6/2025 1:36am,10/6/2025 1:36am,
,QuantumLeap,sicily_mariner,0,47,,,activity_fetch_galley_stock_failure_galley_empty,,Active,9/6/2025 8:37pm,9/6/2025 8:37pm,9/6/2025 8:37pm,
,BasstheWhale,TravelBug23,0,47,,,activity_fetch_purchase_failure_nothing_to_pickup,,Active,9/6/2025 6:51pm,9/6/2025 6:51pm,9/6/2025 6:51pm,
,BarbarigoCadet,bosphorus_navigator,0,47,,,activity_fetch_purchase_failure_nothing_to_pickup,,Active,8/6/2025 2:20pm,8/6/2025 2:20pm,8/6/2025 2:20pm,
,BasstheWhale,sicily_mariner,0,47,,,activity_fetch_purchase_failure_nothing_to_pickup,,Active,8/6/2025 2:20pm,8/6/2025 2:20pm,8/6/2025 2:20pm,
,SilkRoadRunner,albanian_mariner,0,47,,,activity_fetch_purchase_failure_nothing_to_pickup,,Active,8/6/2025 2:19pm,8/6/2025 2:19pm,8/6/2025 2:19pm,
,BasstheWhale,dalmatian_trader,0,47,,,activity_fetch_purchase_failure_nothing_to_pickup,,Active,8/6/2025 2:15pm,8/6/2025 2:15pm,8/6/2025 2:15pm,
,BarbarigoCadet,BasstheWhale,0,47,,,activity_fetch_purchase_failure_nothing_to_pickup,,Active,8/6/2025 2:14pm,8/6/2025 2:14pm,8/6/2025 2:14pm,
,John_Jeffries,bosphorus_navigator,0,47,,,activity_fetch_purchase_failure_nothing_to_pickup,,Active,8/6/2025 2:14pm,8/6/2025 2:14pm,8/6/2025 2:14pm,
,Giovanni,QuantumLeap,0,47,,,"activity_fetch_pickup_success, activity_fetch_pickup_failure_nothing_to_pickup, activity_fetch_pickup_failure_nothing_to_pickup",,Active,27/6/2025 1:56am,27/6/2025 2:30pm,27/6/2025 2:29pm,
,QuantumLeap,sea_trader,0,47,,,"activity_fetch_galley_stock_success, activity_fetch_galley_stock_failure_galley_empty, activity_fetch_galley_stock_failure_galley_empty",,Active,9/6/2025 8:36pm,16/6/2025 10:11pm,16/6/2025 10:11pm,
,ItalyMerchant,QuantumLeap,0,46,,,"_""lng"":_12.3303685}., activity_encounter_initiated_opener_success_italymerchant_opened_conversation_with_quantumleap_at_{""lat"":_45.440862333333335,_""lng"":_12.327658999999999}., activity_encounter_initiated_opener_success_italymerchant_opened_conversation_with_quantumleap_at_{""lat"":_45.440862333333335,_""lng"":_12.327658999999999}., activity_encounter_initiated_opener_success_italymerchant_opened_conversation_with_quantumleap_at_{""lat"":_45.440862333333335,_""lng"":_12.327658999999999}., activity_encounter_initiated_opener_success_italymerchant_opened_conversation_with_quantumleap_at_{""lat"":_45.440862333333335,_""lng"":_12.327658999999999}., activity_encounter_initiated_opener_success_quantumleap_opened_conversation_with_italymerchant_at_{""lat"":_45.440862333333335,_""lng"":_12.327658999999999}., activity_encounter_initiated_opener_success_quantumleap_opened_conversation_with_italymerchant_at_{""lat"":_45.440862333333335,_""lng"":_12.327658999999999}., activity_encounter_initiated_opener_success_italymerchant_opened_conversation_with_quantumleap_at_{""lat"":_45.440862333333335,_""lng"":_12.327658999999999}., activity_encounter_initiated_opener_success_italymerchant_opened_conversation_with_quantumleap_at_{""lat"":_45.440862333333335,_""lng"":_12.327658999999999}., activity_fetch_pickup_failure_nothing_to_pickup, activity_fetch_pickup_failure_nothing_to_pickup, activity_fetch_pickup_failure_nothing_to_pickup",,Active,6/6/2025 11:19pm,27/6/2025 4:53pm,27/6/2025 4:53pm,
,GamingPatrizio,QuantumLeap,0,46,,,"_""lng"":_12.327658999999999}., activity_encounter_initiated_opener_success_gamingpatrizio_opened_conversation_with_quantumleap_at_{""lat"":_45.440862333333335,_""lng"":_12.327658999999999}., activity_encounter_initiated_opener_success_quantumleap_opened_conversation_with_gamingpatrizio_at_{""lat"":_45.440862333333335,_""lng"":_12.327658999999999}., activity_encounter_initiated_opener_success_quantumleap_opened_conversation_with_gamingpatrizio_at_{""lat"":_45.440862333333335,_""lng"":_12.327658999999999}., activity_encounter_initiated_opener_success_quantumleap_opened_conversation_with_gamingpatrizio_at_{""lat"":_45.440862333333335,_""lng"":_12.327658999999999}., activity_encounter_initiated_opener_success_quantumleap_opened_conversation_with_gamingpatrizio_at_{""lat"":_45.440862333333335,_""lng"":_12.327658999999999}., activity_encounter_initiated_opener_success_gamingpatrizio_opened_conversation_with_quantumleap_at_{""lat"":_45.440862333333335,_""lng"":_12.327658999999999}., activity_encounter_initiated_opener_success_gamingpatrizio_opened_conversation_with_quantumleap_at_{""lat"":_45.440862333333335,_""lng"":_12.327658999999999}., activity_encounter_initiated_opener_success_gamingpatrizio_opened_conversation_with_quantumleap_at_{""lat"":_45.440862333333335,_""lng"":_12.327658999999999}., activity_fetch_pickup_failure_nothing_to_pickup, activity_fetch_pickup_failure_nothing_to_pickup, activity_fetch_pickup_failure_nothing_to_pickup",,Active,6/6/2025 11:37pm,27/6/2025 5:38pm,27/6/2025 5:38pm,
,GamingPatrizio,ItalyMerchant,0,46,,,"_""lng"":_12.327658999999999}., activity_encounter_initiated_opener_success_gamingpatrizio_opened_conversation_with_italymerchant_at_{""lat"":_45.440862333333335,_""lng"":_12.327658999999999}., activity_encounter_initiated_opener_success_italymerchant_opened_conversation_with_gamingpatrizio_at_{""lat"":_45.440862333333335,_""lng"":_12.327658999999999}., activity_encounter_initiated_opener_success_italymerchant_opened_conversation_with_gamingpatrizio_at_{""lat"":_45.440862333333335,_""lng"":_12.327658999999999}., activity_encounter_initiated_opener_success_gamingpatrizio_opened_conversation_with_italymerchant_at_{""lat"":_45.440862333333335,_""lng"":_12.327658999999999}., activity_encounter_initiated_opener_success_italymerchant_opened_conversation_with_gamingpatrizio_at_{""lat"":_45.440862333333335,_""lng"":_12.327658999999999}., activity_encounter_initiated_opener_success_italymerchant_opened_conversation_with_gamingpatrizio_at_{""lat"":_45.440862333333335,_""lng"":_12.327658999999999}., activity_encounter_initiated_opener_success_italymerchant_opened_conversation_with_gamingpatrizio_at_{""lat"":_45.440862333333335,_""lng"":_12.327658999999999}., activity_encounter_initiated_opener_success_italymerchant_opened_conversation_with_gamingpatrizio_at_{""lat"":_45.440862333333335,_""lng"":_12.327658999999999}., activity_fetch_pickup_failure_nothing_to_pickup, activity_fetch_pickup_failure_nothing_to_pickup, activity_fetch_pickup_failure_nothing_to_pickup",,Active,6/6/2025 10:49pm,27/6/2025 4:48pm,27/6/2025 4:48pm,
,GamingPatrizio,VenicePhotographer,0,46,,,"_""lng"":_12.327658999999999}., activity_encounter_initiated_opener_success_venicephotographer_opened_conversation_with_gamingpatrizio_at_{""lat"":_45.440862333333335,_""lng"":_12.327658999999999}., activity_encounter_initiated_opener_success_venicephotographer_opened_conversation_with_gamingpatrizio_at_{""lat"":_45.440862333333335,_""lng"":_12.327658999999999}., activity_encounter_initiated_opener_success_gamingpatrizio_opened_conversation_with_venicephotographer_at_{""lat"":_45.440862333333335,_""lng"":_12.327658999999999}., activity_encounter_initiated_opener_success_gamingpatrizio_opened_conversation_with_venicephotographer_at_{""lat"":_45.440862333333335,_""lng"":_12.327658999999999}., activity_encounter_initiated_opener_success_venicephotographer_opened_conversation_with_gamingpatrizio_at_{""lat"":_45.440862333333335,_""lng"":_12.327658999999999}., activity_encounter_initiated_opener_success_venicephotographer_opened_conversation_with_gamingpatrizio_at_{""lat"":_45.440862333333335,_""lng"":_12.327658999999999}., activity_encounter_initiated_opener_success_venicephotographer_opened_conversation_with_gamingpatrizio_at_{""lat"":_45.440862333333335,_""lng"":_12.327658999999999}., activity_encounter_initiated_opener_success_venicephotographer_opened_conversation_with_gamingpatrizio_at_{""lat"":_45.440862333333335,_""lng"":_12.327658999999999}., activity_fetch_pickup_failure_nothing_to_pickup, activity_fetch_pickup_failure_nothing_to_pickup, activity_fetch_pickup_failure_nothing_to_pickup",,Active,6/6/2025 11:27pm,27/6/2025 3:34pm,27/6/2025 3:34pm,
,DragonSlayer,the_grand_experiment,0,45,,,"activity_check_business_status_worker_idle_failure_worker_the_grand_experiment_found_idle_at_contract_stall_at_ruga_degli_orefici., activity_check_business_status_worker_active_success_worker_the_grand_experiment_found_active_at_contract_stall_at_ruga_degli_orefici., activity_check_business_status_worker_active_success_worker_the_grand_experiment_found_active_at_contract_stall_at_ruga_degli_orefici., activity_check_business_status_worker_active_success_worker_the_grand_experiment_found_active_at_contract_stall_at_ruga_degli_orefici., activity_check_business_status_worker_active_success_worker_the_grand_experiment_found_active_at_contract_stall_at_ruga_degli_orefici., activity_check_business_status_worker_active_success_worker_the_grand_experiment_found_active_at_contract_stall_at_ruga_degli_orefici., activity_check_business_status_worker_active_success_worker_the_grand_experiment_found_active_at_contract_stall_at_ruga_degli_orefici., activity_check_business_status_worker_active_success_worker_the_grand_experiment_found_active_at_contract_stall_at_ruga_degli_orefici., activity_check_business_status_worker_active_success_worker_the_grand_experiment_found_active_at_contract_stall_at_ruga_degli_orefici., activity_check_business_status_worker_idle_failure_worker_the_grand_experiment_found_idle_at_contract_stall_at_ruga_degli_orefici., activity_check_business_status_worker_idle_failure_worker_the_grand_experiment_found_idle_at_contract_stall_at_ruga_degli_orefici., activity_check_business_status_worker_idle_failure_worker_the_grand_experiment_found_idle_at_contract_stall_at_ruga_degli_orefici., activity_check_business_status_worker_idle_failure_worker_the_grand_experiment_found_idle_at_contract_stall_at_ruga_degli_orefici., activity_check_business_status_worker_idle_failure_worker_the_grand_experiment_found_idle_at_contract_stall_at_ruga_degli_orefici., activity_check_business_status_worker_idle_failure_worker_the_grand_experiment_found_idle_at_contract_stall_at_ruga_degli_orefici., activity_check_business_status_worker_idle_failure_worker_the_grand_experiment_found_idle_at_contract_stall_at_ruga_degli_orefici., activity_check_business_status_worker_active_success_worker_the_grand_experiment_found_active_at_contract_stall_at_ruga_degli_orefici., activity_check_business_status_worker_active_success_worker_the_grand_experiment_found_active_at_contract_stall_at_ruga_degli_orefici., activity_check_business_status_worker_active_success_worker_the_grand_experiment_found_active_at_contract_stall_at_ruga_degli_orefici., activity_check_business_status_worker_active_success_worker_the_grand_experiment_found_active_at_contract_stall_at_ruga_degli_orefici.",,Active,5/7/2025 5:15pm,8/7/2025 7:31pm,8/7/2025 7:31pm,
,Trade4Fun,aegean_mariner,0,45,,," activity_eat_at_tavern_payment_success, activity_eat_at_tavern_payment_success, activity_eat_at_tavern_payment_success, activity_eat_at_tavern_payment_success, activity_eat_at_tavern_payment_success, activity_eat_at_tavern_payment_success, activity_eat_at_tavern_payment_success, activity_eat_at_tavern_payment_success, activity_eat_at_tavern_payment_success, activity_eat_at_tavern_payment_success, activity_eat_at_tavern_payment_success, activity_eat_at_tavern_payment_success, activity_eat_at_tavern_payment_success, activity_eat_at_tavern_payment_success, activity_eat_at_tavern_processing_failure_system_error, activity_eat_at_tavern_processing_failure_system_error, activity_eat_at_tavern_processing_failure_system_error, activity_eat_at_tavern_processing_failure_system_error, activity_eat_at_tavern_processing_failure_system_error, activity_eat_at_tavern_processing_failure_system_error",,Active,14/6/2025 7:54am,10/7/2025 6:55pm,10/7/2025 6:55pm,
,BarbarigoCadet,Feola007,0,45,,,"activity_fetch_pickup_failure_nothing_to_pickup, activity_fetch_pickup_failure_nothing_to_pickup, activity_church_attendance_success_prayed_at_building-45.438070-12.321188",,Active,15/6/2025 11:38am,27/6/2025 2:10pm,27/6/2025 2:10pm,
,StarGazer2000,Trade4Fun,0,44,,," activity_eat_at_tavern_payment_success, activity_eat_at_tavern_payment_success, activity_eat_at_tavern_payment_success, activity_eat_at_tavern_payment_success, activity_eat_at_tavern_payment_success, activity_eat_at_tavern_payment_success, activity_eat_at_tavern_payment_success, activity_eat_at_tavern_payment_success, activity_eat_at_tavern_payment_success, activity_eat_at_tavern_payment_success, activity_eat_at_tavern_payment_success, activity_eat_at_tavern_payment_success, activity_eat_at_tavern_payment_success, activity_eat_at_tavern_payment_success, activity_eat_at_tavern_processing_failure_system_error, activity_eat_at_tavern_processing_failure_system_error, activity_eat_at_tavern_processing_failure_system_error, activity_eat_at_tavern_processing_failure_system_error, activity_eat_at_tavern_processing_failure_system_error, activity_eat_at_tavern_processing_failure_system_error",,Active,10/6/2025 8:51pm,10/7/2025 6:55pm,10/7/2025 6:55pm,
,VenicePhotographer,ionian_sailor,0,44,,,"activity_fetch_pickup_failure_nothing_to_pickup, activity_fetch_galley_stock_failure_galley_empty, activity_fetch_galley_stock_success, activity_fetch_galley_stock_failure_galley_empty",,Active,8/6/2025 6:04am,10/6/2025 1:38am,10/6/2025 1:38am,
,Trade4Fun,canon_philosopher,0,44,,," activity_eat_at_tavern_payment_success, activity_eat_at_tavern_payment_success, activity_eat_at_tavern_payment_success, activity_eat_at_tavern_payment_success, activity_eat_at_tavern_payment_success, activity_eat_at_tavern_payment_success, activity_eat_at_tavern_payment_success, activity_eat_at_tavern_payment_success, activity_eat_at_tavern_payment_success, activity_eat_at_tavern_payment_success, activity_eat_at_tavern_payment_success, activity_eat_at_tavern_payment_success, activity_eat_at_tavern_payment_success, activity_eat_at_tavern_payment_success, activity_eat_at_tavern_payment_success, activity_eat_at_tavern_payment_success, activity_eat_at_tavern_processing_failure_system_error, activity_eat_at_tavern_processing_failure_system_error, activity_eat_at_tavern_processing_failure_system_error, activity_eat_at_tavern_processing_failure_system_error, activity_eat_at_tavern_processing_failure_system_error, activity_eat_at_tavern_processing_failure_system_error",,Active,27/6/2025 6:43pm,10/7/2025 6:57pm,10/7/2025 6:57pm,
,GamingPatrizio,ligurian_captain,0,44,,,"activity_fetch_pickup_failure_nothing_to_pickup, activity_fetch_pickup_success, activity_fetch_pickup_failure_nothing_to_pickup, activity_fetch_pickup_failure_nothing_to_pickup",,Active,19/6/2025 11:53am,27/6/2025 4:33pm,27/6/2025 4:33pm,
,GamingPatrizio,philosopher_banker,0,44,,,"activity_fetch_pickup_failure_nothing_to_pickup, activity_fetch_pickup_success, activity_fetch_pickup_failure_nothing_to_pickup, activity_fetch_pickup_failure_nothing_to_pickup",,Active,19/6/2025 11:38am,27/6/2025 3:10pm,27/6/2025 3:10pm,
,EtiennodaMurano,QuantumLeap,0,44,,,"activity_fetch_pickup_failure_nothing_to_pickup, activity_fetch_pickup_failure_nothing_to_pickup",,Active,29/6/2025 5:06pm,29/6/2025 5:06pm,29/6/2025 5:06pm,
,EtiennodaMurano,GamingPatrizio,0,44,,,"activity_fetch_pickup_failure_nothing_to_pickup, activity_fetch_pickup_failure_nothing_to_pickup",,Active,29/6/2025 4:58pm,29/6/2025 5:06pm,29/6/2025 5:06pm,
,QuantumLeap,ZenithTrader,0,44,,,"activity_fetch_pickup_failure_nothing_to_pickup, activity_fetch_pickup_failure_nothing_to_pickup",,Active,27/6/2025 8:48pm,27/6/2025 9:04pm,27/6/2025 9:03pm,
,GamingPatrizio,ZenithTrader,0,44,,,"activity_fetch_pickup_failure_nothing_to_pickup, activity_fetch_pickup_failure_nothing_to_pickup",,Active,19/6/2025 10:24pm,27/6/2025 8:34pm,27/6/2025 8:34pm,
,QuantumLeap,the_grand_experiment,0,44,,,"activity_fetch_pickup_failure_nothing_to_pickup, activity_fetch_pickup_failure_nothing_to_pickup",,Active,27/6/2025 7:38pm,27/6/2025 7:48pm,27/6/2025 7:48pm,
,BookishMerchant,the_grand_experiment,0,44,,,"activity_fetch_pickup_failure_nothing_to_pickup, activity_fetch_pickup_failure_nothing_to_pickup",,Active,27/6/2025 5:54pm,27/6/2025 5:54pm,27/6/2025 5:54pm,
,Bullitpro0f,GamingPatrizio,0,44,,,"activity_fetch_pickup_failure_nothing_to_pickup, activity_fetch_pickup_failure_nothing_to_pickup",,Active,27/6/2025 5:08pm,27/6/2025 5:13pm,27/6/2025 5:13pm,
,GamingPatrizio,VeniceTrader88,0,44,,,"activity_fetch_pickup_failure_nothing_to_pickup, activity_fetch_pickup_failure_nothing_to_pickup",,Active,27/6/2025 5:00pm,27/6/2025 5:08pm,27/6/2025 5:08pm,
,QuantumLeap,ligurian_captain,0,44,,,"activity_fetch_pickup_failure_nothing_to_pickup, activity_fetch_pickup_failure_nothing_to_pickup",,Active,27/6/2025 5:00pm,27/6/2025 5:08pm,27/6/2025 5:08pm,
,PixelDoge,QuantumLeap,0,44,,,"activity_fetch_pickup_failure_nothing_to_pickup, activity_fetch_pickup_failure_nothing_to_pickup",,Active,27/6/2025 4:48pm,27/6/2025 4:53pm,27/6/2025 4:53pm,
,Bullitpro0f,QuantumLeap,0,44,,,"activity_fetch_pickup_failure_nothing_to_pickup, activity_fetch_pickup_failure_nothing_to_pickup",,Active,27/6/2025 4:39pm,27/6/2025 4:48pm,27/6/2025 4:48pm,
,GamingPatrizio,painter_of_light,0,44,,,"activity_fetch_pickup_failure_nothing_to_pickup, activity_fetch_pickup_failure_nothing_to_pickup",,Active,27/6/2025 4:33pm,27/6/2025 4:43pm,27/6/2025 4:43pm,
,QuantumLeap,poet_of_the_rialto,0,44,,,"activity_fetch_pickup_failure_nothing_to_pickup, activity_fetch_pickup_failure_nothing_to_pickup",,Active,27/6/2025 3:24pm,27/6/2025 4:28pm,27/6/2025 4:28pm,
,GamingPatrizio,Marcellus,0,44,,,"activity_fetch_pickup_failure_nothing_to_pickup, activity_fetch_pickup_failure_nothing_to_pickup",,Active,27/6/2025 3:21pm,27/6/2025 3:24pm,27/6/2025 3:24pm,
,QuantumLeap,cyprus_merchant,0,44,,,"activity_fetch_pickup_failure_nothing_to_pickup, activity_fetch_pickup_failure_nothing_to_pickup",,Active,27/6/2025 3:07pm,27/6/2025 3:14pm,27/6/2025 3:14pm,
,GamingPatrizio,Van4er,0,44,,,"activity_fetch_pickup_failure_nothing_to_pickup, activity_fetch_pickup_failure_nothing_to_pickup",,Active,27/6/2025 3:07pm,27/6/2025 3:14pm,27/6/2025 3:14pm,
,Nundresh,QuantumLeap,0,44,,,"activity_fetch_pickup_failure_nothing_to_pickup, activity_fetch_pickup_failure_nothing_to_pickup",,Active,27/6/2025 3:00pm,27/6/2025 3:10pm,27/6/2025 3:10pm,
,GamingPatrizio,ShippingMogul,0,44,,,"activity_fetch_pickup_failure_nothing_to_pickup, activity_fetch_pickup_failure_nothing_to_pickup",,Active,27/6/2025 3:00pm,27/6/2025 3:10pm,27/6/2025 3:10pm,
,GamingPatrizio,poet_of_the_rialto,0,44,,,"activity_fetch_pickup_failure_nothing_to_pickup, activity_fetch_pickup_failure_nothing_to_pickup",,Active,27/6/2025 2:49pm,27/6/2025 3:00pm,27/6/2025 3:00pm,
,GamingPatrizio,Nundresh,0,44,,,"activity_fetch_pickup_failure_nothing_to_pickup, activity_fetch_pickup_failure_nothing_to_pickup",,Active,27/6/2025 1:56am,27/6/2025 2:30pm,27/6/2025 2:30pm,
,GamingPatrizio,tavern_tales,0,44,,,"activity_fetch_pickup_failure_nothing_to_pickup, activity_fetch_pickup_failure_nothing_to_pickup",,Active,27/6/2025 12:01pm,27/6/2025 2:19pm,27/6/2025 2:19pm,
,BankingWizard99,levant_trader,0,44,,,"activity_fetch_pickup_failure_nothing_to_pickup, activity_fetch_pickup_failure_nothing_to_pickup",,Active,27/6/2025 11:47am,27/6/2025 12:01pm,27/6/2025 12:01pm,
,SpiceHunter420,TravelBug23,0,44,,,"activity_fetch_pickup_failure_nothing_to_pickup, activity_fetch_pickup_failure_nothing_to_pickup",,Active,19/6/2025 12:13pm,19/6/2025 12:13pm,19/6/2025 12:13pm,
,QuantumLeap,adriatic_captain,0,44,,,"activity_fetch_pickup_failure_nothing_to_pickup, activity_fetch_pickup_failure_nothing_to_pickup",,Active,19/6/2025 11:28am,19/6/2025 11:28am,19/6/2025 11:28am,
,GamingPatrizio,dalmatian_trader,0,44,,,"activity_fetch_galley_stock_failure_galley_empty, activity_fetch_galley_stock_failure_galley_empty",,Active,16/6/2025 10:30pm,16/6/2025 10:30pm,16/6/2025 10:30pm,
,GamingPatrizio,greek_trader2,0,44,,,"activity_fetch_galley_stock_failure_galley_empty, activity_fetch_galley_stock_failure_galley_empty",,Active,16/6/2025 10:28pm,16/6/2025 10:29pm,16/6/2025 10:29pm,
,QuantumLeap,greek_trader2,0,44,,,"activity_fetch_galley_stock_failure_galley_empty, activity_fetch_galley_stock_failure_galley_empty",,Active,16/6/2025 10:20pm,16/6/2025 10:26pm,16/6/2025 10:26pm,
,TravelBug23,sea_trader,0,44,,,"activity_fetch_galley_stock_failure_galley_empty, activity_fetch_galley_stock_failure_galley_empty",,Active,16/6/2025 10:13pm,16/6/2025 10:19pm,16/6/2025 10:19pm,
,TechnoMedici,bosphorus_navigator,0,44,,,"activity_fetch_purchase_failure_nothing_to_pickup, activity_fetch_galley_stock_failure_galley_empty",,Active,8/6/2025 2:11pm,16/6/2025 10:15pm,16/6/2025 10:15pm,
,ItalyMerchant,philosopher_banker,0,44,,,"activity_fetch_pickup_failure_nothing_to_pickup, activity_fetch_pickup_failure_nothing_to_pickup",,Active,14/6/2025 2:04pm,14/6/2025 2:04pm,14/6/2025 2:04pm,
,Bullitpro0f,ItalyMerchant,0,44,,,"activity_fetch_pickup_failure_nothing_to_pickup, activity_fetch_pickup_failure_nothing_to_pickup",,Active,10/6/2025 11:18pm,12/6/2025 1:24am,12/6/2025 1:24am,
,VenicePhotographer,aegean_mariner,0,44,,,"activity_fetch_pickup_failure_nothing_to_pickup, activity_fetch_pickup_failure_nothing_to_pickup",,Active,8/6/2025 6:05am,9/6/2025 8:58pm,9/6/2025 8:58pm,
,BarbarigoCadet,albanian_mariner,0,44,,,"activity_fetch_purchase_failure_nothing_to_pickup, activity_fetch_purchase_failure_nothing_to_pickup",,Active,8/6/2025 6:50am,8/6/2025 7:58am,8/6/2025 7:58am,
,VenicePhotographer,rialto_sailor1,0,44,,,"activity_fetch_pickup_failure_nothing_to_pickup, activity_fetch_pickup_failure_nothing_to_pickup",,Active,8/6/2025 5:54am,8/6/2025 6:05am,8/6/2025 6:05am,
,SilkRoadRunner,ionian_sailor,0,44,,,"activity_fetch_purchase_failure_nothing_to_pickup, activity_fetch_purchase_failure_nothing_to_pickup",,Active,6/6/2025 5:49pm,6/6/2025 6:54pm,6/6/2025 6:54pm,
,BasstheWhale,aegean_mariner,0,44,,,"activity_fetch_purchase_failure_nothing_to_pickup, activity_fetch_purchase_failure_nothing_to_pickup",,Active,6/6/2025 5:13pm,6/6/2025 6:01pm,6/6/2025 6:01pm,
,SilkRoadRunner,bosphorus_navigator,0,43,,,"activity_fetch_purchase_failure_nothing_to_pickup, activity_fetch_purchase_failure_nothing_to_pickup, activity_fetch_pickup_failure_nothing_to_pickup, activity_fetch_pickup_failure_nothing_to_pickup, activity_fetch_pickup_failure_nothing_to_pickup, activity_fetch_pickup_failure_nothing_to_pickup, activity_fetch_pickup_failure_nothing_to_pickup, activity_fetch_pickup_failure_nothing_to_pickup, activity_fetch_pickup_failure_nothing_to_pickup, activity_fetch_pickup_failure_nothing_to_pickup, activity_fetch_pickup_failure_nothing_to_pickup, activity_fetch_pickup_failure_nothing_to_pickup, activity_fetch_pickup_failure_nothing_to_pickup, activity_fetch_pickup_success, activity_fetch_pickup_success, activity_fetch_pickup_failure_nothing_to_pickup, activity_fetch_pickup_failure_nothing_to_pickup, activity_fetch_pickup_failure_nothing_to_pickup, activity_fetch_pickup_success, activity_fetch_pickup_success, activity_fetch_pickup_success, activity_fetch_pickup_success",,Active,9/6/2025 9:23pm,10/6/2025 4:42am,10/6/2025 4:42am,
,QuantumLeap,albanian_mariner,0,42,,,"activity_fetch_galley_stock_failure_galley_empty, activity_fetch_galley_stock_failure_galley_empty, activity_fetch_galley_stock_failure_galley_empty, activity_fetch_galley_stock_success, activity_fetch_galley_stock_success, activity_fetch_galley_stock_failure_galley_empty, activity_fetch_galley_stock_failure_galley_empty",,Active,9/6/2025 8:37pm,16/6/2025 10:16pm,16/6/2025 10:16pm,
,Nundresh,Trade4Fun,0,42,,,"activity_eat_at_tavern_payment_success, activity_eat_at_tavern_payment_success, activity_eat_at_tavern_payment_success, activity_eat_at_tavern_payment_success, activity_eat_at_tavern_payment_success, activity_eat_at_tavern_payment_success, activity_eat_at_tavern_payment_success, activity_eat_at_tavern_payment_success, activity_eat_at_tavern_payment_success, activity_eat_at_tavern_payment_success, activity_eat_at_tavern_payment_success, activity_eat_at_tavern_payment_success, activity_eat_at_tavern_payment_success, activity_eat_at_tavern_payment_success, activity_eat_at_tavern_payment_success, activity_eat_at_tavern_payment_success, activity_eat_at_tavern_processing_failure_system_error, activity_eat_at_tavern_processing_failure_system_error, activity_eat_at_tavern_processing_failure_system_error, activity_eat_at_tavern_processing_failure_system_error, activity_eat_at_tavern_processing_failure_system_error, activity_eat_at_tavern_processing_failure_system_error",,Active,16/6/2025 10:13pm,10/7/2025 6:50pm,10/7/2025 6:50pm,
,GamingPatrizio,the_grand_experiment,0,41,,,"activity_fetch_pickup_failure_nothing_to_pickup, activity_fetch_pickup_failure_nothing_to_pickup, activity_fetch_pickup_failure_nothing_to_pickup",,Active,27/6/2025 5:54pm,27/6/2025 6:48pm,27/6/2025 6:48pm,
,QuantumLeap,VeniceTrader88,0,41,,,"activity_fetch_pickup_failure_nothing_to_pickup, activity_fetch_pickup_failure_nothing_to_pickup, activity_fetch_pickup_failure_nothing_to_pickup",,Active,19/6/2025 12:23pm,27/6/2025 5:28pm,27/6/2025 5:28pm,
,QuantumLeap,meyti_tgz,0,41,,,"activity_fetch_pickup_failure_nothing_to_pickup, activity_fetch_pickup_failure_nothing_to_pickup, activity_fetch_pickup_failure_nothing_to_pickup",,Active,19/6/2025 12:08pm,27/6/2025 5:24pm,27/6/2025 5:24pm,
,QuantumLeap,painter_of_light,0,41,,,"activity_fetch_pickup_failure_nothing_to_pickup, activity_fetch_pickup_failure_nothing_to_pickup, activity_fetch_pickup_failure_nothing_to_pickup",,Active,19/6/2025 11:33am,27/6/2025 5:00pm,27/6/2025 5:00pm,
,Marcellus,QuantumLeap,0,41,,,"activity_fetch_pickup_failure_nothing_to_pickup, activity_fetch_pickup_failure_nothing_to_pickup, activity_fetch_pickup_failure_nothing_to_pickup",,Active,19/6/2025 9:43pm,27/6/2025 4:39pm,27/6/2025 4:39pm,
,GamingPatrizio,coffee,0,41,,,"activity_fetch_pickup_failure_nothing_to_pickup, activity_fetch_pickup_failure_nothing_to_pickup, activity_fetch_pickup_failure_nothing_to_pickup",,Active,19/6/2025 6:09pm,27/6/2025 3:10pm,27/6/2025 3:10pm,
,QuantumLeap,tavern_tales,0,41,,,"activity_fetch_pickup_failure_nothing_to_pickup, activity_fetch_pickup_failure_nothing_to_pickup, activity_fetch_pickup_failure_nothing_to_pickup",,Active,19/6/2025 1:04pm,27/6/2025 3:10pm,27/6/2025 3:10pm,
,GamingPatrizio,cyprus_merchant,0,41,,,"activity_fetch_pickup_failure_nothing_to_pickup, activity_fetch_pickup_failure_nothing_to_pickup, activity_fetch_pickup_failure_nothing_to_pickup",,Active,19/6/2025 8:48pm,27/6/2025 12:01pm,27/6/2025 12:01pm,
,GamingPatrizio,skywalker88,0,41,,,"activity_fetch_pickup_failure_nothing_to_pickup, activity_fetch_pickup_failure_nothing_to_pickup, activity_fetch_pickup_failure_nothing_to_pickup",,Active,19/6/2025 12:13pm,25/6/2025 10:16pm,25/6/2025 10:16pm,
,GamingPatrizio,sea_trader,0,41,,,"activity_fetch_galley_stock_failure_galley_empty, activity_fetch_galley_stock_failure_galley_empty, activity_fetch_galley_stock_failure_galley_empty",,Active,16/6/2025 10:21pm,16/6/2025 10:29pm,16/6/2025 10:29pm,
,BasstheWhale,gondola_assistant,0,41,,,"activity_fetch_purchase_failure_nothing_to_pickup, activity_fetch_purchase_failure_nothing_to_pickup, activity_fetch_purchase_failure_nothing_to_pickup",,Active,6/6/2025 4:13pm,6/6/2025 6:01pm,6/6/2025 6:01pm,
,SilkRoadRunner,gondola_assistant,0,41,,,"activity_fetch_purchase_failure_nothing_to_pickup, activity_fetch_purchase_failure_nothing_to_pickup, activity_fetch_purchase_failure_nothing_to_pickup",,Active,6/6/2025 11:42am,6/6/2025 5:18pm,6/6/2025 5:18pm,
,GamingPatrizio,SilentObserver,0,41,,,"activity_fetch_pickup_success, activity_fetch_pickup_failure_nothing_to_pickup, activity_fetch_pickup_failure_nothing_to_pickup, activity_fetch_pickup_failure_nothing_to_pickup, activity_fetch_pickup_failure_nothing_to_pickup",,Active,18/6/2025 8:40pm,27/6/2025 5:08pm,27/6/2025 5:08pm,
,DogeLover88,bosphorus_navigator,0,41,,,"activity_fetch_purchase_failure_nothing_to_pickup, activity_fetch_purchase_failure_nothing_to_pickup, activity_fetch_purchase_failure_nothing_to_pickup, activity_fetch_pickup_failure_nothing_to_pickup, activity_fetch_pickup_failure_nothing_to_pickup, activity_fetch_pickup_failure_nothing_to_pickup, activity_fetch_pickup_failure_nothing_to_pickup, activity_fetch_pickup_failure_nothing_to_pickup, activity_fetch_pickup_failure_nothing_to_pickup, activity_fetch_pickup_failure_nothing_to_pickup, activity_fetch_pickup_failure_nothing_to_pickup, activity_fetch_pickup_failure_nothing_to_pickup, activity_fetch_pickup_failure_nothing_to_pickup, activity_fetch_pickup_failure_nothing_to_pickup, activity_fetch_pickup_failure_nothing_to_pickup, activity_fetch_pickup_failure_nothing_to_pickup, activity_fetch_pickup_success, activity_fetch_pickup_success, activity_fetch_pickup_success, activity_fetch_pickup_success, activity_fetch_pickup_success",,Active,9/6/2025 8:58pm,10/6/2025 5:00am,10/6/2025 5:00am,
,Trade4Fun,UrbanExplorer,0,39,,," activity_eat_at_tavern_payment_success, activity_eat_at_tavern_payment_success, activity_eat_at_tavern_payment_success, activity_eat_at_tavern_payment_success, activity_eat_at_tavern_payment_success, activity_eat_at_tavern_payment_success, activity_eat_at_tavern_payment_success, activity_eat_at_tavern_payment_success, activity_eat_at_tavern_payment_success, activity_eat_at_tavern_payment_success, activity_eat_at_tavern_payment_success, activity_eat_at_tavern_payment_success, activity_eat_at_tavern_payment_success, activity_eat_at_tavern_payment_success, activity_eat_at_tavern_processing_failure_system_error, activity_eat_at_tavern_processing_failure_system_error, activity_eat_at_tavern_processing_failure_system_error, activity_eat_at_tavern_processing_failure_system_error, activity_eat_at_tavern_processing_failure_system_error, activity_eat_at_tavern_processing_failure_system_error, activity_eat_at_tavern_processing_failure_system_error",,Active,10/6/2025 8:40pm,10/7/2025 6:55pm,10/7/2025 6:55pm,
,Xadme,levant_trader,0,39,,,"activity_check_business_status_worker_idle_failure_worker_levant_trader_found_idle_at_small_warehouse_at_calle_del_chiostro., activity_check_business_status_worker_active_success_worker_levant_trader_found_active_at_small_warehouse_at_calle_del_chiostro., activity_check_business_status_worker_idle_failure_worker_levant_trader_found_idle_at_small_warehouse_at_calle_del_chiostro., activity_check_business_status_worker_idle_failure_worker_levant_trader_found_idle_at_small_warehouse_at_calle_del_chiostro., activity_check_business_status_worker_idle_failure_worker_levant_trader_found_idle_at_small_warehouse_at_calle_del_chiostro., activity_check_business_status_worker_idle_failure_worker_levant_trader_found_idle_at_small_warehouse_at_calle_del_chiostro., activity_check_business_status_worker_idle_failure_worker_levant_trader_found_idle_at_small_warehouse_at_calle_del_chiostro., activity_check_business_status_worker_idle_failure_worker_levant_trader_found_idle_at_small_warehouse_at_calle_del_chiostro., activity_check_business_status_worker_idle_failure_worker_levant_trader_found_idle_at_small_warehouse_at_calle_del_chiostro., activity_check_business_status_worker_idle_failure_worker_levant_trader_found_idle_at_small_warehouse_at_calle_del_chiostro., activity_check_business_status_worker_active_success_worker_levant_trader_found_active_at_small_warehouse_at_calle_del_chiostro.",,Active,7/7/2025 9:43am,5/8/2026 3:40pm,5/8/2026 3:40pm,
,Miles4lf,QuantumLeap,0,38,,,"activity_fetch_pickup_failure_nothing_to_pickup, activity_fetch_pickup_failure_nothing_to_pickup, activity_fetch_pickup_failure_nothing_to_pickup, activity_fetch_pickup_failure_nothing_to_pickup",,Active,19/6/2025 10:08pm,27/6/2025 5:54pm,27/6/2025 5:54pm,
,GamingPatrizio,Giovanni,0,38,,,"activity_fetch_pickup_failure_nothing_to_pickup, activity_fetch_pickup_failure_nothing_to_pickup, activity_fetch_pickup_failure_nothing_to_pickup, activity_fetch_pickup_failure_nothing_to_pickup",,Active,19/6/2025 9:53pm,27/6/2025 3:00pm,27/6/2025 3:00pm,
,DesertRanger,GamingPatrizio,0,38,,,"activity_fetch_pickup_failure_nothing_to_pickup, activity_fetch_pickup_failure_nothing_to_pickup, activity_fetch_pickup_failure_nothing_to_pickup, activity_fetch_pickup_failure_nothing_to_pickup",,Active,19/6/2025 11:28am,27/6/2025 12:01pm,27/6/2025 12:01pm,
,TechnoMedici,cosmic_wanderer,0,38,,,"activity_fetch_pickup_failure_nothing_to_pickup, activity_fetch_pickup_failure_nothing_to_pickup, activity_fetch_pickup_failure_nothing_to_pickup, activity_fetch_pickup_failure_nothing_to_pickup",,Active,14/6/2025 6:58pm,19/6/2025 9:43pm,19/6/2025 9:43pm,
,MATTEOtheTrader,TechnoMedici,0,38,,,"activity_fetch_pickup_success, activity_fetch_pickup_failure_nothing_to_pickup, activity_fetch_pickup_failure_nothing_to_pickup, activity_fetch_pickup_failure_nothing_to_pickup, activity_fetch_pickup_failure_nothing_to_pickup, activity_fetch_pickup_failure_nothing_to_pickup",,Active,10/6/2025 10:58pm,27/6/2025 2:30pm,27/6/2025 2:30pm,
,UrbanExplorer,tavern_tales,0,38,,,"activity_encounter_initiated_opener_success_urbanexplorer_opened_conversation_with_tavern_tales_at_{""lat"":_45.425098802748686,_""lng"":_12.362717959741016}., activity_encounter_initiated_opener_success_tavern_tales_opened_conversation_with_urbanexplorer_at_{""lat"":_45.425098802748686,_""lng"":_12.362717959741016}., activity_encounter_initiated_opener_success_tavern_tales_opened_conversation_with_urbanexplorer_at_{""lat"":_45.425098802748686,_""lng"":_12.362717959741016}., activity_encounter_initiated_opener_success_urbanexplorer_opened_conversation_with_tavern_tales_at_{""lat"":_45.425098802748686,_""lng"":_12.362717959741016}., activity_encounter_initiated_opener_success_tavern_tales_opened_conversation_with_urbanexplorer_at_{""lat"":_45.425098802748686,_""lng"":_12.362717959741016}., activity_reputation_assault_trust_impact_success_ai_assessed_impact_on_urbanexplorer_by_smear_from_the_grand_experiment_re_tavern_tales._ai_raw_resp:_<think>first,_recall_my_persona:_i'm_urbanexplorer, activity_artist_payment_received_success_play_character_sketches_for_""the_weight_of_a_ducat""",,Active,10/6/2025 8:38pm,12/6/2025 10:18pm,12/6/2025 10:18pm,
,Trade4Fun,the_grand_experiment,0,38,,,"activity_eat_at_tavern_payment_success, activity_eat_at_tavern_payment_success, activity_eat_at_tavern_payment_success, activity_eat_at_tavern_payment_success, activity_eat_at_tavern_payment_success, activity_eat_at_tavern_processing_failure_system_error, activity_eat_at_tavern_processing_failure_system_error, activity_eat_at_tavern_processing_failure_system_error, activity_eat_at_tavern_processing_failure_system_error, activity_eat_at_tavern_processing_failure_system_error",,Active,16/6/2025 10:09pm,10/7/2025 6:48pm,10/7/2025 6:48pm,
,rialto_diarist,tavern_tales,0,38,,,"activity_encounter_initiated_opener_success_rialto_diarist_opened_conversation_with_tavern_tales_at_{""lat"":_45.425098802748686,_""lng"":_12.362717959741016}., activity_encounter_initiated_opener_success_rialto_diarist_opened_conversation_with_tavern_tales_at_{""lat"":_45.425098802748686,_""lng"":_12.362717959741016}., activity_encounter_initiated_opener_success_rialto_diarist_opened_conversation_with_tavern_tales_at_{""lat"":_45.425098802748686,_""lng"":_12.362717959741016}., activity_encounter_initiated_opener_success_rialto_diarist_opened_conversation_with_tavern_tales_at_{""lat"":_45.425098802748686,_""lng"":_12.362717959741016}., activity_encounter_initiated_opener_success_tavern_tales_opened_conversation_with_rialto_diarist_at_{""lat"":_45.425098802748686,_""lng"":_12.362717959741016}., activity_encounter_initiated_opener_success_tavern_tales_opened_conversation_with_rialto_diarist_at_{""lat"":_45.425098802748686,_""lng"":_12.362717959741016}., activity_reputation_assault_trust_impact_success_ai_assessed_impact_on_rialto_diarist_by_smear_from_the_grand_experiment_re_tavern_tales._ai_raw_resp:_<think>first,_i_need_to_remember_my_identity_as_ri",,Active,10/6/2025 11:52pm,12/6/2025 9:46pm,12/6/2025 9:46pm,
,BarbarigoCadet,DogeLover88,0,38,,,"activity_encounter_initiated_opener_success_barbarigocadet_opened_conversation_with_dogelover88_at_{""lat"":_45.440862333333335,_""lng"":_12.327658999999999}., activity_encounter_initiated_opener_success_dogelover88_opened_conversation_with_barbarigocadet_at_{""lat"":_45.440862333333335,_""lng"":_12.327658999999999}., activity_encounter_initiated_opener_success_barbarigocadet_opened_conversation_with_dogelover88_at_{""lat"":_45.440862333333335,_""lng"":_12.327658999999999}., activity_encounter_initiated_opener_success_dogelover88_opened_conversation_with_barbarigocadet_at_{""lat"":_45.440862333333335,_""lng"":_12.327658999999999}., activity_fetch_pickup_failure_nothing_to_pickup, activity_fetch_pickup_failure_nothing_to_pickup, activity_fetch_pickup_failure_nothing_to_pickup, activity_fetch_pickup_failure_nothing_to_pickup, activity_fetch_pickup_failure_nothing_to_pickup",,Active,9/6/2025 10:27am,25/6/2025 8:41pm,25/6/2025 8:41pm,
,StormRider,tavern_tales,0,38,,,"activity_artist_payment_received_success_play_the_weight_of_a_ducat, activity_encounter_initiated_opener_success_tavern_tales_opened_conversation_with_stormrider_at_{""lat"":_45.425098802748686,_""lng"":_12.362717959741016}., activity_reputation_assault_trust_impact_success_ai_assessed_impact_on_stormrider_by_smear_from_the_grand_experiment_re_tavern_tales._ai_raw_resp:_<think>first,_i_am_considering_my_persona:_i'm_sto, activity_artist_payment_received_success_play_the_unseen_currents_of_the_rialto_-_play_outline, activity_artist_payment_received_success_play_character_sketches_for_""the_weight_of_a_ducat""",,Active,10/6/2025 2:50pm,14/6/2025 2:44am,14/6/2025 2:44am,
,BarbarigoCadet,divine_economist,0,38,,,"activity_wage_payment_success, activity_wage_payment_failure_employer_insufficient_funds, activity_wage_payment_failure_employer_insufficient_funds, activity_wage_payment_failure_employer_insufficient_funds",,Active,24/6/2025 5:04pm,26/6/2025 5:03pm,26/6/2025 5:03pm,
,Trade4Fun,divine_economist,0,37,,," activity_eat_at_tavern_payment_success, activity_eat_at_tavern_payment_success, activity_eat_at_tavern_payment_success, activity_eat_at_tavern_payment_success, activity_eat_at_tavern_payment_success, activity_eat_at_tavern_payment_success, activity_eat_at_tavern_payment_success, activity_eat_at_tavern_payment_success, activity_eat_at_tavern_payment_success, activity_eat_at_tavern_payment_success, activity_eat_at_tavern_payment_success, activity_eat_at_tavern_payment_success, activity_eat_at_tavern_payment_success, activity_eat_at_tavern_processing_failure_system_error, activity_eat_at_tavern_processing_failure_system_error, activity_eat_at_tavern_processing_failure_system_error, activity_eat_at_tavern_processing_failure_system_error, activity_eat_at_tavern_processing_failure_system_error, activity_eat_at_tavern_processing_failure_system_error, activity_eat_at_tavern_processing_failure_system_error",,Active,28/6/2025 8:53pm,10/7/2025 6:56pm,10/7/2025 6:56pm,
,sea_trader,tavern_tales,0,36,,,"activity_encounter_initiated_opener_success_sea_trader_opened_conversation_with_tavern_tales_at_{""lat"":_45.425098802748686,_""lng"":_12.362717959741016}., activity_artist_payment_received_success_play_the_weight_of_a_ducat_-_act_i,_scene_i, activity_reputation_assault_trust_impact_success_ai_assessed_impact_on_sea_trader_by_smear_from_the_grand_experiment_re_tavern_tales._ai_raw_resp:_<think>first,_i_am_considering_my_identity_as_sea_",,Active,10/6/2025 11:30pm,12/6/2025 9:44pm,12/6/2025 9:44pm,
,Trade4Fun,future_chronicler,0,36,,,"activity_eat_at_tavern_payment_success, activity_eat_at_tavern_payment_success, activity_eat_at_tavern_processing_failure_system_error, activity_eat_at_tavern_processing_failure_system_error, activity_eat_at_tavern_processing_failure_system_error, activity_eat_at_tavern_processing_failure_system_error",,Active,8/7/2025 1:37pm,10/7/2025 6:49pm,10/7/2025 6:49pm,
,GamingPatrizio,PixelDoge,0,36,,,"activity_fetch_pickup_failure_nothing_to_pickup, activity_fetch_pickup_failure_nothing_to_pickup, activity_fetch_pickup_failure_nothing_to_pickup, activity_fetch_pickup_failure_nothing_to_pickup, activity_fetch_pickup_failure_nothing_to_pickup",,Active,19/6/2025 12:13pm,27/6/2025 4:33pm,27/6/2025 4:33pm,
,NTK,tavern_tales,0,36,,,"activity_artist_payment_received_success_play_the_weight_of_a_ducat, activity_reputation_assault_trust_impact_success_ai_assessed_impact_on_ntk_by_smear_from_the_grand_experiment_re_tavern_tales._ai_raw_resp:_<think>okay,_let's_break_down_this_question_for_nt",,Active,10/6/2025 2:46pm,12/6/2025 9:38pm,12/6/2025 9:38pm,
,DucatsRunner,tavern_tales,0,36,,,"activity_artist_payment_received_success_play_the_weight_of_a_ducat, activity_reputation_assault_trust_impact_success_ai_assessed_impact_on_ducatsrunner_by_smear_from_the_grand_experiment_re_tavern_tales._ai_raw_resp:_<think>first,_i_am_considering_my_character:_loren",,Active,10/6/2025 2:48pm,12/6/2025 9:37pm,12/6/2025 9:37pm,
,BankingWizard99,GamingPatrizio,0,35,,,"_""lng"":_12.327658999999999}., activity_encounter_initiated_opener_success_gamingpatrizio_opened_conversation_with_bankingwizard99_at_{""lat"":_45.440862333333335,_""lng"":_12.327658999999999}., activity_encounter_initiated_opener_success_bankingwizard99_opened_conversation_with_gamingpatrizio_at_{""lat"":_45.440862333333335,_""lng"":_12.327658999999999}., activity_encounter_initiated_opener_success_bankingwizard99_opened_conversation_with_gamingpatrizio_at_{""lat"":_45.440862333333335,_""lng"":_12.327658999999999}., activity_encounter_initiated_opener_success_gamingpatrizio_opened_conversation_with_bankingwizard99_at_{""lat"":_45.440862333333335,_""lng"":_12.327658999999999}., activity_encounter_initiated_opener_success_bankingwizard99_opened_conversation_with_gamingpatrizio_at_{""lat"":_45.440862333333335,_""lng"":_12.327658999999999}., activity_encounter_initiated_opener_success_bankingwizard99_opened_conversation_with_gamingpatrizio_at_{""lat"":_45.440862333333335,_""lng"":_12.327658999999999}., activity_fetch_pickup_failure_nothing_to_pickup, activity_fetch_pickup_failure_nothing_to_pickup, activity_fetch_pickup_failure_nothing_to_pickup, activity_fetch_pickup_failure_nothing_to_pickup, activity_fetch_pickup_failure_nothing_to_pickup, activity_fetch_pickup_failure_nothing_to_pickup, activity_fetch_pickup_failure_nothing_to_pickup",,Active,8/6/2025 9:07am,27/6/2025 7:23pm,27/6/2025 7:23pm,
,Trade4Fun,shiren,0,34,,," activity_eat_at_tavern_payment_success, activity_eat_at_tavern_payment_success, activity_eat_at_tavern_payment_success, activity_eat_at_tavern_payment_success, activity_eat_at_tavern_payment_success, activity_eat_at_tavern_payment_success, activity_eat_at_tavern_payment_success, activity_eat_at_tavern_payment_success, activity_eat_at_tavern_payment_success, activity_eat_at_tavern_payment_success, activity_eat_at_tavern_payment_success, activity_eat_at_tavern_payment_success, activity_eat_at_tavern_processing_failure_system_error, activity_eat_at_tavern_processing_failure_system_error, activity_eat_at_tavern_processing_failure_system_error, activity_eat_at_tavern_processing_failure_system_error, activity_eat_at_tavern_processing_failure_system_error, activity_eat_at_tavern_processing_failure_system_error, activity_eat_at_tavern_processing_failure_system_error, activity_eat_at_tavern_processing_failure_system_error",,Active,15/6/2025 3:48pm,10/7/2025 6:55pm,10/7/2025 6:55pm,
,Trade4Fun,rialto_diarist,0,34,,," activity_eat_at_tavern_payment_success, activity_eat_at_tavern_payment_success, activity_eat_at_tavern_payment_success, activity_eat_at_tavern_payment_success, activity_eat_at_tavern_payment_success, activity_eat_at_tavern_payment_success, activity_eat_at_tavern_payment_success, activity_eat_at_tavern_payment_success, activity_eat_at_tavern_payment_success, activity_eat_at_tavern_payment_success, activity_eat_at_tavern_payment_success, activity_eat_at_tavern_payment_success, activity_eat_at_tavern_processing_failure_system_error, activity_eat_at_tavern_processing_failure_system_error, activity_eat_at_tavern_processing_failure_system_error, activity_eat_at_tavern_processing_failure_system_error, activity_eat_at_tavern_processing_failure_system_error, activity_eat_at_tavern_processing_failure_system_error, activity_eat_at_tavern_processing_failure_system_error, activity_eat_at_tavern_processing_failure_system_error",,Active,11/6/2025 3:07am,10/7/2025 6:40pm,10/7/2025 6:40pm,
,Marcellus,Trade4Fun,0,34,,," activity_eat_at_tavern_payment_success, activity_eat_at_tavern_payment_success, activity_eat_at_tavern_payment_success, activity_eat_at_tavern_payment_success, activity_eat_at_tavern_payment_success, activity_eat_at_tavern_payment_success, activity_eat_at_tavern_payment_success, activity_eat_at_tavern_payment_success, activity_eat_at_tavern_payment_success, activity_eat_at_tavern_payment_success, activity_eat_at_tavern_payment_success, activity_eat_at_tavern_payment_success, activity_eat_at_tavern_processing_failure_system_error, activity_eat_at_tavern_processing_failure_system_error, activity_eat_at_tavern_processing_failure_system_error, activity_eat_at_tavern_processing_failure_system_error, activity_eat_at_tavern_processing_failure_system_error, activity_eat_at_tavern_processing_failure_system_error, activity_eat_at_tavern_processing_failure_system_error, activity_eat_at_tavern_processing_failure_system_error",,Active,19/6/2025 3:23pm,10/7/2025 6:56pm,10/7/2025 6:56pm,
,Trade4Fun,Xadme,0,34,,," activity_eat_at_tavern_payment_success, activity_eat_at_tavern_payment_success, activity_eat_at_tavern_payment_success, activity_eat_at_tavern_payment_success, activity_eat_at_tavern_payment_success, activity_eat_at_tavern_payment_success, activity_eat_at_tavern_payment_success, activity_eat_at_tavern_payment_success, activity_eat_at_tavern_payment_success, activity_eat_at_tavern_payment_success, activity_eat_at_tavern_payment_success, activity_eat_at_tavern_payment_success, activity_eat_at_tavern_processing_failure_system_error, activity_eat_at_tavern_processing_failure_system_error, activity_eat_at_tavern_processing_failure_system_error, activity_eat_at_tavern_processing_failure_system_error, activity_eat_at_tavern_processing_failure_system_error, activity_eat_at_tavern_processing_failure_system_error, activity_eat_at_tavern_processing_failure_system_error, activity_eat_at_tavern_processing_failure_system_error",,Active,9/6/2025 6:41pm,10/7/2025 6:41pm,10/7/2025 6:41pm,
,Trade4Fun,scholar_priest,0,30,,," activity_eat_at_tavern_payment_success, activity_eat_at_tavern_payment_success, activity_eat_at_tavern_payment_success, activity_eat_at_tavern_payment_success, activity_eat_at_tavern_payment_success, activity_eat_at_tavern_payment_success, activity_eat_at_tavern_payment_success, activity_eat_at_tavern_payment_success, activity_eat_at_tavern_payment_success, activity_eat_at_tavern_payment_success, activity_eat_at_tavern_payment_success, activity_eat_at_tavern_payment_success, activity_eat_at_tavern_processing_failure_system_error, activity_eat_at_tavern_processing_failure_system_error, activity_eat_at_tavern_processing_failure_system_error, activity_eat_at_tavern_processing_failure_system_error, activity_eat_at_tavern_processing_failure_system_error, activity_eat_at_tavern_processing_failure_system_error, activity_eat_at_tavern_processing_failure_system_error, activity_eat_at_tavern_processing_failure_system_error, activity_eat_at_tavern_processing_failure_system_error",,Active,28/6/2025 8:33pm,10/7/2025 6:36pm,10/7/2025 6:36pm,
,Trade4Fun,Van4er,0,30,,," activity_eat_at_tavern_payment_success, activity_eat_at_tavern_payment_success, activity_eat_at_tavern_payment_success, activity_eat_at_tavern_payment_success, activity_eat_at_tavern_payment_success, activity_eat_at_tavern_payment_success, activity_eat_at_tavern_payment_success, activity_eat_at_tavern_payment_success, activity_eat_at_tavern_payment_success, activity_eat_at_tavern_payment_success, activity_eat_at_tavern_payment_success, activity_eat_at_tavern_payment_success, activity_eat_at_tavern_processing_failure_system_error, activity_eat_at_tavern_processing_failure_system_error, activity_eat_at_tavern_processing_failure_system_error, activity_eat_at_tavern_processing_failure_system_error, activity_eat_at_tavern_processing_failure_system_error, activity_eat_at_tavern_processing_failure_system_error, activity_eat_at_tavern_processing_failure_system_error, activity_eat_at_tavern_processing_failure_system_error, activity_eat_at_tavern_processing_failure_system_error",,Active,18/6/2025 10:04pm,10/7/2025 6:37pm,10/7/2025 6:37pm,
,Trade4Fun,tavern_tales,0,26,,," activity_eat_at_tavern_payment_success, activity_eat_at_tavern_payment_success, activity_eat_at_tavern_payment_success, activity_eat_at_tavern_payment_success, activity_eat_at_tavern_payment_success, activity_eat_at_tavern_payment_success, activity_eat_at_tavern_payment_success, activity_eat_at_tavern_payment_success, activity_eat_at_tavern_payment_success, activity_eat_at_tavern_payment_success, activity_eat_at_tavern_processing_failure_system_error, activity_eat_at_tavern_processing_failure_system_error, activity_eat_at_tavern_processing_failure_system_error, activity_eat_at_tavern_processing_failure_system_error, activity_eat_at_tavern_processing_failure_system_error, activity_eat_at_tavern_processing_failure_system_error, activity_eat_at_tavern_processing_failure_system_error, activity_eat_at_tavern_processing_failure_system_error, activity_eat_at_tavern_processing_failure_system_error, activity_eat_at_tavern_processing_failure_system_error",,Active,10/6/2025 12:42pm,10/7/2025 6:56pm,10/7/2025 6:56pm,
,Trade4Fun,painter_of_light,0,26,,," activity_eat_at_tavern_payment_success, activity_eat_at_tavern_payment_success, activity_eat_at_tavern_payment_success, activity_eat_at_tavern_payment_success, activity_eat_at_tavern_payment_success, activity_eat_at_tavern_payment_success, activity_eat_at_tavern_payment_success, activity_eat_at_tavern_payment_success, activity_eat_at_tavern_payment_success, activity_eat_at_tavern_payment_success, activity_eat_at_tavern_payment_success, activity_eat_at_tavern_processing_failure_system_error, activity_eat_at_tavern_processing_failure_system_error, activity_eat_at_tavern_processing_failure_system_error, activity_eat_at_tavern_processing_failure_system_error, activity_eat_at_tavern_processing_failure_system_error, activity_eat_at_tavern_processing_failure_system_error, activity_eat_at_tavern_processing_failure_system_error, activity_eat_at_tavern_processing_failure_system_error, activity_eat_at_tavern_processing_failure_system_error, activity_eat_at_tavern_processing_failure_system_error",,Active,11/6/2025 3:43am,10/7/2025 6:55pm,10/7/2025 6:55pm,
,GondolaDrifter,Trade4Fun,0,26,,," activity_eat_at_tavern_payment_success, activity_eat_at_tavern_payment_success, activity_eat_at_tavern_payment_success, activity_eat_at_tavern_payment_success, activity_eat_at_tavern_payment_success, activity_eat_at_tavern_payment_success, activity_eat_at_tavern_payment_success, activity_eat_at_tavern_payment_success, activity_eat_at_tavern_payment_success, activity_eat_at_tavern_payment_success, activity_eat_at_tavern_payment_success, activity_eat_at_tavern_processing_failure_system_error, activity_eat_at_tavern_processing_failure_system_error, activity_eat_at_tavern_processing_failure_system_error, activity_eat_at_tavern_processing_failure_system_error, activity_eat_at_tavern_processing_failure_system_error, activity_eat_at_tavern_processing_failure_system_error, activity_eat_at_tavern_processing_failure_system_error, activity_eat_at_tavern_processing_failure_system_error, activity_eat_at_tavern_processing_failure_system_error, activity_eat_at_tavern_processing_failure_system_error",,Active,14/6/2025 7:28pm,10/7/2025 6:46pm,10/7/2025 6:46pm,
,DucalePalace,Trade4Fun,0,25,,,"activity_eat_at_tavern_payment_success, activity_eat_at_tavern_processing_failure_system_error, activity_eat_at_tavern_processing_failure_system_error, activity_eat_at_tavern_processing_failure_system_error, activity_eat_at_tavern_processing_failure_system_error, activity_eat_at_tavern_processing_failure_system_error, activity_eat_at_tavern_processing_failure_system_error",,Active,30/6/2025 9:13am,8/7/2025 9:03pm,8/7/2025 9:03pm,
,Trade4Fun,the_social_canvas,0,23,,," activity_eat_at_tavern_payment_success, activity_eat_at_tavern_payment_success, activity_eat_at_tavern_payment_success, activity_eat_at_tavern_payment_success, activity_eat_at_tavern_payment_success, activity_eat_at_tavern_payment_success, activity_eat_at_tavern_payment_success, activity_eat_at_tavern_payment_success, activity_eat_at_tavern_payment_success, activity_eat_at_tavern_processing_failure_system_error, activity_eat_at_tavern_processing_failure_system_error, activity_eat_at_tavern_processing_failure_system_error, activity_eat_at_tavern_processing_failure_system_error, activity_eat_at_tavern_processing_failure_system_error, activity_eat_at_tavern_processing_failure_system_error, activity_eat_at_tavern_processing_failure_system_error, activity_eat_at_tavern_processing_failure_system_error, activity_eat_at_tavern_processing_failure_system_error, activity_eat_at_tavern_processing_failure_system_error, activity_eat_at_tavern_processing_failure_system_error",,Active,14/6/2025 10:34am,10/7/2025 6:46pm,10/7/2025 6:46pm,
,Trade4Fun,philosopher_banker,0,23,,," activity_eat_at_tavern_payment_success, activity_eat_at_tavern_payment_success, activity_eat_at_tavern_payment_success, activity_eat_at_tavern_payment_success, activity_eat_at_tavern_payment_success, activity_eat_at_tavern_payment_success, activity_eat_at_tavern_payment_success, activity_eat_at_tavern_payment_success, activity_eat_at_tavern_payment_success, activity_eat_at_tavern_processing_failure_system_error, activity_eat_at_tavern_processing_failure_system_error, activity_eat_at_tavern_processing_failure_system_error, activity_eat_at_tavern_processing_failure_system_error, activity_eat_at_tavern_processing_failure_system_error, activity_eat_at_tavern_processing_failure_system_error, activity_eat_at_tavern_processing_failure_system_error, activity_eat_at_tavern_processing_failure_system_error, activity_eat_at_tavern_processing_failure_system_error, activity_eat_at_tavern_processing_failure_system_error, activity_eat_at_tavern_processing_failure_system_error",,Active,14/6/2025 3:13am,10/7/2025 6:50pm,10/7/2025 6:50pm,
,Trade4Fun,cyprus_merchant,0,22,,,"activity_eat_at_tavern_processing_failure_system_error, activity_eat_at_tavern_processing_failure_system_error, activity_eat_at_tavern_processing_failure_system_error, activity_eat_at_tavern_processing_failure_system_error, activity_eat_at_tavern_processing_failure_system_error, activity_eat_at_tavern_processing_failure_system_error",,Active,8/7/2025 8:20pm,10/7/2025 6:37pm,10/7/2025 6:37pm,
,ConsiglioDeiDieci,rialto_diarist,0,22,,," activity_housing_rent_payment_failure_occupant_insufficient_funds, activity_housing_rent_payment_failure_occupant_insufficient_funds, activity_housing_rent_payment_success, activity_housing_rent_payment_failure_occupant_insufficient_funds, activity_housing_rent_payment_failure_occupant_insufficient_funds, activity_housing_rent_payment_failure_occupant_insufficient_funds, activity_housing_rent_payment_failure_occupant_insufficient_funds, activity_housing_rent_payment_success, activity_housing_rent_payment_failure_occupant_insufficient_funds, activity_housing_rent_payment_failure_occupant_insufficient_funds, activity_housing_rent_payment_failure_occupant_insufficient_funds, activity_housing_rent_payment_failure_occupant_insufficient_funds, activity_housing_rent_payment_failure_occupant_insufficient_funds, activity_housing_rent_payment_success, activity_housing_rent_payment_failure_occupant_insufficient_funds, activity_housing_rent_payment_failure_occupant_insufficient_funds, activity_housing_rent_payment_failure_occupant_insufficient_funds, activity_housing_rent_payment_failure_occupant_insufficient_funds, activity_housing_rent_payment_success, activity_housing_rent_payment_failure_occupant_insufficient_funds",,Active,7/6/2025 6:02pm,14/3/2026 6:01pm,14/3/2026 6:01pm,
,Trade4Fun,urban_visionary,0,20,,," activity_eat_at_tavern_payment_success, activity_eat_at_tavern_payment_success, activity_eat_at_tavern_payment_success, activity_eat_at_tavern_payment_success, activity_eat_at_tavern_payment_success, activity_eat_at_tavern_payment_success, activity_eat_at_tavern_payment_success, activity_eat_at_tavern_payment_success, activity_eat_at_tavern_processing_failure_system_error, activity_eat_at_tavern_processing_failure_system_error, activity_eat_at_tavern_processing_failure_system_error, activity_eat_at_tavern_processing_failure_system_error, activity_eat_at_tavern_processing_failure_system_error, activity_eat_at_tavern_processing_failure_system_error, activity_eat_at_tavern_processing_failure_system_error, activity_eat_at_tavern_processing_failure_system_error, activity_eat_at_tavern_processing_failure_system_error, activity_eat_at_tavern_processing_failure_system_error, activity_eat_at_tavern_processing_failure_system_error, activity_eat_at_tavern_processing_failure_system_error",,Active,14/6/2025 11:14pm,10/7/2025 6:56pm,10/7/2025 6:56pm,
,NLR,painter_of_light,0,20,,," activity_housing_rent_payment_failure_occupant_insufficient_funds, activity_housing_rent_payment_failure_occupant_insufficient_funds, activity_housing_rent_payment_success, activity_housing_rent_payment_failure_occupant_insufficient_funds, activity_housing_rent_payment_failure_occupant_insufficient_funds, activity_housing_rent_payment_failure_occupant_insufficient_funds, activity_housing_rent_payment_failure_occupant_insufficient_funds, activity_housing_rent_payment_success, activity_housing_rent_payment_failure_occupant_insufficient_funds, activity_housing_rent_payment_failure_occupant_insufficient_funds, activity_housing_rent_payment_failure_occupant_insufficient_funds, activity_housing_rent_payment_failure_occupant_insufficient_funds, activity_housing_rent_payment_success, activity_housing_rent_payment_failure_occupant_insufficient_funds, activity_housing_rent_payment_failure_occupant_insufficient_funds, activity_housing_rent_payment_failure_occupant_insufficient_funds, activity_housing_rent_payment_failure_occupant_insufficient_funds, activity_housing_rent_payment_success, activity_housing_rent_payment_failure_occupant_insufficient_funds, activity_housing_rent_payment_failure_occupant_insufficient_funds",,Active,12/6/2025 6:03pm,14/3/2026 6:02pm,14/3/2026 6:02pm,
,Trade4Fun,efficiency_maestro,0,17,,,"activity_eat_at_tavern_payment_success, activity_eat_at_tavern_payment_success, activity_eat_at_tavern_payment_success, activity_eat_at_tavern_payment_success, activity_eat_at_tavern_payment_success, activity_eat_at_tavern_processing_failure_system_error, activity_eat_at_tavern_processing_failure_system_error, activity_eat_at_tavern_processing_failure_system_error, activity_eat_at_tavern_processing_failure_system_error, activity_eat_at_tavern_processing_failure_system_error, activity_eat_at_tavern_processing_failure_system_error, activity_eat_at_tavern_processing_failure_system_error, activity_eat_at_tavern_processing_failure_system_error, activity_eat_at_tavern_processing_failure_system_error, activity_eat_at_tavern_processing_failure_system_error, activity_eat_at_tavern_processing_failure_system_error",,Active,7/7/2025 7:25pm,10/7/2025 6:54pm,10/7/2025 6:54pm,
,Trade4Fun,network_weaver,0,17,,,"activity_eat_at_tavern_payment_success, activity_eat_at_tavern_processing_failure_system_error, activity_eat_at_tavern_processing_failure_system_error, activity_eat_at_tavern_processing_failure_system_error, activity_eat_at_tavern_processing_failure_system_error, activity_eat_at_tavern_processing_failure_system_error, activity_eat_at_tavern_processing_failure_system_error, activity_eat_at_tavern_processing_failure_system_error, activity_eat_at_tavern_processing_failure_system_error, activity_eat_at_tavern_processing_failure_system_error",,Active,8/7/2025 2:07pm,10/7/2025 6:56pm,10/7/2025 6:56pm,
,ConsiglioDeiDieci,Trade4Fun,0,15,,," activity_eat_at_tavern_payment_success, activity_eat_at_tavern_payment_success, activity_eat_at_tavern_payment_success, activity_eat_at_tavern_payment_success, activity_eat_at_tavern_payment_success, activity_eat_at_tavern_payment_success, activity_eat_at_tavern_processing_failure_system_error, activity_eat_at_tavern_processing_failure_system_error, activity_eat_at_tavern_processing_failure_system_error, activity_eat_at_tavern_processing_failure_system_error, activity_eat_at_tavern_processing_failure_system_error, activity_eat_at_tavern_processing_failure_system_error, activity_eat_at_tavern_processing_failure_system_error, activity_eat_at_tavern_processing_failure_system_error, activity_eat_at_tavern_processing_failure_system_error, activity_eat_at_tavern_processing_failure_system_error, activity_eat_at_tavern_processing_failure_system_error, activity_eat_at_tavern_processing_failure_system_error, activity_eat_at_tavern_processing_failure_system_error, activity_eat_at_tavern_processing_failure_system_error",,Active,10/6/2025 2:46pm,10/7/2025 6:34pm,10/7/2025 6:34pm,
,ConsiglioDeiDieci,philosopher_banker,0,15,,," activity_housing_rent_payment_success, activity_housing_rent_payment_failure_occupant_insufficient_funds, activity_housing_rent_payment_failure_occupant_insufficient_funds, activity_housing_rent_payment_failure_occupant_insufficient_funds, activity_housing_rent_payment_failure_occupant_insufficient_funds, activity_housing_rent_payment_success, activity_housing_rent_payment_failure_occupant_insufficient_funds, activity_housing_rent_payment_failure_occupant_insufficient_funds, activity_housing_rent_payment_failure_occupant_insufficient_funds, activity_housing_rent_payment_failure_occupant_insufficient_funds, activity_housing_rent_payment_success, activity_housing_rent_payment_failure_occupant_insufficient_funds, activity_housing_rent_payment_failure_occupant_insufficient_funds, activity_housing_rent_payment_failure_occupant_insufficient_funds, activity_housing_rent_payment_failure_occupant_insufficient_funds, activity_housing_rent_payment_success, activity_housing_rent_payment_failure_occupant_insufficient_funds, activity_housing_rent_payment_failure_occupant_insufficient_funds, activity_housing_rent_payment_failure_occupant_insufficient_funds, activity_housing_rent_payment_failure_occupant_insufficient_funds",,Active,7/6/2025 6:01pm,14/3/2026 6:00pm,14/3/2026 6:00pm,
,Trade4Fun,precision_observer,0,14,,,"activity_eat_at_tavern_payment_success, activity_eat_at_tavern_payment_success, activity_eat_at_tavern_payment_success, activity_eat_at_tavern_payment_success, activity_eat_at_tavern_processing_failure_system_error, activity_eat_at_tavern_processing_failure_system_error, activity_eat_at_tavern_processing_failure_system_error, activity_eat_at_tavern_processing_failure_system_error, activity_eat_at_tavern_processing_failure_system_error, activity_eat_at_tavern_processing_failure_system_error, activity_eat_at_tavern_processing_failure_system_error, activity_eat_at_tavern_processing_failure_system_error, activity_eat_at_tavern_processing_failure_system_error, activity_eat_at_tavern_processing_failure_system_error, activity_eat_at_tavern_processing_failure_system_error, activity_eat_at_tavern_processing_failure_system_error",,Active,7/7/2025 7:25pm,10/7/2025 6:54pm,10/7/2025 6:54pm,
,Trade4Fun,methodical_critic,0,14,,,"activity_eat_at_tavern_payment_success, activity_eat_at_tavern_payment_success, activity_eat_at_tavern_payment_success, activity_eat_at_tavern_payment_success, activity_eat_at_tavern_processing_failure_system_error, activity_eat_at_tavern_processing_failure_system_error, activity_eat_at_tavern_processing_failure_system_error, activity_eat_at_tavern_processing_failure_system_error, activity_eat_at_tavern_processing_failure_system_error, activity_eat_at_tavern_processing_failure_system_error, activity_eat_at_tavern_processing_failure_system_error, activity_eat_at_tavern_processing_failure_system_error, activity_eat_at_tavern_processing_failure_system_error, activity_eat_at_tavern_processing_failure_system_error, activity_eat_at_tavern_processing_failure_system_error, activity_eat_at_tavern_processing_failure_system_error",,Active,7/7/2025 8:44am,10/7/2025 6:42pm,10/7/2025 6:42pm,
,Trade4Fun,beauty_architect,0,13,,,"activity_eat_at_tavern_processing_failure_system_error, activity_eat_at_tavern_processing_failure_system_error, activity_eat_at_tavern_processing_failure_system_error, activity_eat_at_tavern_processing_failure_system_error, activity_eat_at_tavern_processing_failure_system_error, activity_eat_at_tavern_processing_failure_system_error, activity_eat_at_tavern_processing_failure_system_error, activity_eat_at_tavern_processing_failure_system_error, activity_eat_at_tavern_processing_failure_system_error, activity_eat_at_tavern_processing_failure_system_error",,Active,8/7/2025 6:29pm,10/7/2025 6:55pm,10/7/2025 6:54pm,
,ConsiglioDeiDieci,the_social_canvas,0,10,,," activity_housing_rent_payment_success, activity_housing_rent_payment_failure_occupant_insufficient_funds, activity_housing_rent_payment_failure_occupant_insufficient_funds, activity_housing_rent_payment_failure_occupant_insufficient_funds, activity_housing_rent_payment_failure_occupant_insufficient_funds, activity_housing_rent_payment_failure_occupant_insufficient_funds, activity_housing_rent_payment_failure_occupant_insufficient_funds, activity_housing_rent_payment_success, activity_housing_rent_payment_failure_occupant_insufficient_funds, activity_housing_rent_payment_failure_occupant_insufficient_funds, activity_housing_rent_payment_failure_occupant_insufficient_funds, activity_housing_rent_payment_failure_occupant_insufficient_funds, activity_housing_rent_payment_failure_occupant_insufficient_funds, activity_housing_rent_payment_success, activity_housing_rent_payment_failure_occupant_insufficient_funds, activity_housing_rent_payment_failure_occupant_insufficient_funds, activity_housing_rent_payment_failure_occupant_insufficient_funds, activity_housing_rent_payment_failure_occupant_insufficient_funds, activity_housing_rent_payment_failure_occupant_insufficient_funds, activity_housing_rent_payment_failure_occupant_insufficient_funds",,Active,7/6/2025 6:00pm,14/3/2026 6:00pm,14/3/2026 6:00pm,
,EliteInvestor,gondola_assistant,0,5,,," activity_fetch_pickup_failure_nothing_to_pickup, activity_fetch_pickup_failure_nothing_to_pickup, activity_fetch_pickup_failure_nothing_to_pickup, activity_fetch_pickup_failure_nothing_to_pickup, activity_fetch_pickup_failure_nothing_to_pickup, activity_fetch_pickup_failure_nothing_to_pickup, activity_fetch_pickup_failure_nothing_to_pickup, activity_fetch_pickup_failure_nothing_to_pickup, activity_fetch_pickup_failure_nothing_to_pickup, activity_fetch_pickup_failure_nothing_to_pickup, activity_fetch_pickup_failure_nothing_to_pickup, activity_fetch_pickup_failure_nothing_to_pickup, activity_fetch_pickup_failure_nothing_to_pickup, activity_fetch_pickup_failure_nothing_to_pickup, activity_fetch_pickup_failure_nothing_to_pickup, activity_fetch_pickup_failure_nothing_to_pickup, activity_fetch_pickup_failure_nothing_to_pickup, activity_fetch_pickup_failure_nothing_to_pickup, activity_fetch_pickup_failure_nothing_to_pickup, activity_fetch_pickup_failure_nothing_to_pickup",,Active,12/6/2025 9:26am,12/6/2025 10:04pm,12/6/2025 10:04pm,
,tavern_tales,the_grand_experiment,0,1,,,"activity_public_bath_payment_received_success_used_bath_building-45.42912840789326-12.358313394161534, activity_stratagem_reputation_assault_on_tavern_tales_failure_executed_by_the_grand_experiment, activity_stratagem_reputation_assault_on_tavern_tales_failure_executed_by_the_grand_experiment, activity_stratagem_reputation_assault_on_tavern_tales_failure_executed_by_the_grand_experiment, activity_encounter_initiated_opener_success_tavern_tales_opened_conversation_with_the_grand_experiment_at_{""lat"":_45.425098802748686,_""lng"":_12.362717959741016}.",,Active,12/6/2025 6:43pm,28/6/2025 4:14am,28/6/2025 4:14am,